# Alias OBJ Model File
# Exported from SketchUp, (c) 2000-2012 Trimble Navigation Limited
# File units = millimeters

mtllib 富阳傅宅原始地形(2).mtl

g Mesh1 Group1 Model

usemtl M_6ee51b7391c05fe9461d8445bcf621f4
v 2201.82 -6504.08 201646
vt 0.244643 0.161803
vn 0 1 -0
v 347670 -6504.08 -1817.03
vt 0.674852 0.161803
v 159474 -6504.08 -321362
vt 0.674852 0.707844
v -185994 -6504.08 -117898
vt 0.244643 0.707844
f 1/1/1 2/2/1 3/3/1 4/4/1 

g Mesh2 Group2 Model

usemtl _auto_1
v 82627.8 -6504.08 -96786.9
vt -1018.07 2298.93
vn 0 -1 -0
v 82742.9 -6504.08 -97033.3
vt -1022.6 2308.63
v 87115.5 -6504.08 -85835.7
vt -1194.75 1867.78
f 5/5/2 6/6/2 7/7/2

v 67045.3 -6504.08 -92047.7
vt -404.588 2112.35
f 6/6/2 5/5/2 8/8/2

v 66843.6 -6504.08 -91773.8
vt -396.648 2101.56
f 9/9/2 8/8/2 5/5/2

v 66860.4 -6504.08 -94509.3
vt -397.306 2209.26
f 10/10/2 8/8/2 9/9/2

v 67062.1 -6504.08 -94785.3
vt -405.247 2220.13
f 8/8/2 10/10/2 11/11/2

v 58590.8 -6504.08 -91884.1
vt -71.7326 2105.91
f 12/12/2 11/11/2 10/10/2

usemtl FrontColor
v 58491.1 -6504.08 -91891.2
vt -67.806 2106.19
v 58460.1 -6504.08 -91986.3
vt -66.5878 2109.93
f 12/12/2 13/13/2 14/14/2 11/11/2 

v 57267.2 -6504.08 -73354.5
vt -19.6211 1376.4
v 57167.3 -6504.08 -73359.5
vt -15.6879 1376.59
v 58586 -6504.08 -91817
vt -71.5437 2103.26
f 15/15/2 16/16/2 13/13/2 12/12/2 17/17/2 

usemtl _auto_1
v 57344.8 -6504.08 -56087.2
vt -22.6786 696.581
v 57246.3 -6504.08 -56059.9
vt -18.7982 695.504
v 56868.9 -6504.08 -62473.1
vt -3.94018 947.992
v 57028.1 -6504.08 -64631.7
vt -10.211 1032.98
v 56968.9 -6504.08 -62474.6
vt -7.88037 948.054
f 18/18/2 19/19/2 20/20/2 16/16/2 15/15/2 21/21/2 22/22/2 

v 66452.4 -6504.08 -38706.6
vt -381.243 12.3066
v 66421.4 -6504.08 -38550.4
vt -380.023 6.15328
f 19/19/2 18/18/2 23/23/2 24/24/2 

usemtl FrontColor
v 90454.7 -6504.08 -82095.9
vt -1326.22 1720.54
v 92410 -6504.08 -79905.9
vt -1403.2 1634.33
v 93885.8 -6504.08 -77007
vt -1461.3 1520.19
v 94368.5 -6504.08 -76058.8
vt -1480.3 1482.86
v 95368.2 -6504.08 -74094.9
vt -1519.66 1405.55
v 96489.6 -6504.08 -72079.3
vt -1563.81 1326.19
v 97525.9 -6504.08 -70216.6
vt -1604.61 1252.86
v 97312.5 -6504.08 -64517.6
vt -1596.21 1028.49
f 15/15/2 17/17/2 10/10/2 9/9/2 5/5/2 7/7/2 25/25/2 26/26/2 27/27/2 28/28/2 29/29/2 30/30/2 31/31/2 32/32/2 23/23/2 18/18/2 22/22/2 21/21/2 

f 17/17/2 12/12/2 10/10/2

usemtl _auto_1
v 87287.6 -6504.08 -85943.3
vt -1201.53 1872.02
f 7/7/2 33/33/2 25/25/2

f 33/33/2 7/7/2 6/6/2

v 90603.9 -6504.08 -82229.1
vt -1332.09 1725.79
f 34/34/2 25/25/2 33/33/2

v 92576.5 -6504.08 -80019.8
vt -1409.75 1638.81
v 94064 -6504.08 -77097.7
vt -1468.31 1523.77
v 94546.8 -6504.08 -76149.6
vt -1487.32 1486.44
v 95544.8 -6504.08 -74189
vt -1526.61 1409.25
v 96664.4 -6504.08 -72176.6
vt -1570.69 1330.02
v 97727.9 -6504.08 -70265
vt -1612.56 1254.76
v 97509 -6504.08 -64421.3
vt -1603.94 1024.69
v 66390.4 -6504.08 -38394.1
vt -378.802 0
f 32/32/2 31/31/2 30/30/2 29/29/2 28/28/2 27/27/2 26/26/2 25/25/2 34/34/2 35/35/2 36/36/2 37/37/2 38/38/2 39/39/2 40/40/2 41/41/2 42/42/2 24/24/2 23/23/2 

v 57147.7 -6504.08 -56032.5
vt -14.9177 694.427
f 43/43/2 19/19/2 24/24/2 42/42/2 

v 57067.4 -6504.08 -73364.4
vt -11.7548 1376.78
v 56768.8 -6504.08 -62471.5
vt 0 947.93
v 56828.2 -6504.08 -64637.2
vt -2.33992 1033.2
f 44/44/2 16/16/2 20/20/2 19/19/2 43/43/2 45/45/2 46/46/2 

usemtl FrontColor
v 58391.3 -6504.08 -91898.3
vt -63.8786 2106.47
f 47/47/2 13/13/2 16/16/2 44/44/2 

g Mesh3 Group3 Model

v 63246.7 -6504.08 -129554
vt 7149.45 6031.79
vn -1.06622e-16 1 -1.42136e-16
v 158157 -6504.08 -195457
vt 10886.1 8626.4
v 151607 -6504.08 -204889
vt 10628.2 8997.73
v -117397 -6504.08 -18099.3
vt 37.5028 1643.8
v -110848 -6504.08 -8667.56
vt 295.345 1272.47
v 48077.4 -6504.08 -119021
vt 6552.23 5617.1
f 48/48/3 49/49/3 50/50/3 51/51/3 52/52/3 53/53/3 

v 52591.1 -6504.08 -110113
vt 6729.93 5266.37
vn 1.0685e-15 1 -7.16186e-16
v 52591.1 -6504.08 -103138
vt 6729.93 4991.78
v 52591.1 -6504.08 -92101.7
vt 6729.93 4557.28
v 51273 -6504.08 -73650.6
vt 6678.04 3830.86
v 50964.1 -6504.08 -62380.4
vt 6665.88 3387.15
v 51431 -6504.08 -54445.9
vt 6684.26 3074.76
v 61195.4 -6504.08 -35811.9
vt 7068.69 2341.14
v 65469.8 -6504.08 -27654.7
vt 7236.97 2019.99
v 86158.2 -6504.08 482.331
vt 8051.48 912.235
v 89931.7 -6504.08 1601.56
vt 8200.04 868.171
v 105746 -6504.08 23653.1
vt 8822.65 -7.19931e-27
v 110541 -6504.08 20214.7
vt 9011.41 135.371
v 93547.9 -6504.08 -3479.93
vt 8342.41 1068.23
v 89737 -6504.08 -4610.25
vt 8192.37 1112.73
v 70488.2 -6504.08 -30789.3
vt 7434.55 2143.4
v 66421.4 -6504.08 -38550.4
vt 7274.43 2448.96
v 57246.3 -6504.08 -56059.9
vt 6913.21 3138.31
v 56868.9 -6504.08 -62473.1
vt 6898.35 3390.79
v 57167.3 -6504.08 -73359.5
vt 6910.1 3819.39
v 58491.1 -6504.08 -91891.2
vt 6962.22 4548.99
v 58491.1 -6504.08 -103427
vt 6962.22 5003.16
v 58491.1 -6504.08 -114183
vt 6962.22 5426.63
v 58525.1 -6504.08 -115544
vt 6963.56 5480.19
v 58627.1 -6504.08 -116901
vt 6967.57 5533.63
v 58796.8 -6504.08 -118251
vt 6974.25 5586.79
v 59033.8 -6504.08 -119592
vt 6983.59 5639.56
v 59337.5 -6504.08 -120918
vt 6995.54 5691.79
v 59707.1 -6504.08 -122228
vt 7010.09 5743.36
v 60141.8 -6504.08 -123518
vt 7027.21 5794.14
v 60640.4 -6504.08 -124784
vt 7046.84 5844
v 61201.6 -6504.08 -126024
vt 7068.93 5892.81
v 61824.2 -6504.08 -127235
vt 7093.44 5940.46
v 62506.4 -6504.08 -128412
vt 7120.3 5986.82
v 48707.5 -6504.08 -118526
vt 6577.04 5597.58
v 49346.2 -6504.08 -117936
vt 6602.18 5574.39
v 49936.6 -6504.08 -117299
vt 6625.43 5549.28
v 50475.1 -6504.08 -116617
vt 6646.63 5522.43
v 50958.4 -6504.08 -115895
vt 6665.66 5494
v 51383.5 -6504.08 -115137
vt 6682.39 5464.16
v 51747.7 -6504.08 -114348
vt 6696.73 5433.1
v 52048.8 -6504.08 -113533
vt 6708.58 5401.01
v 52284.9 -6504.08 -112696
vt 6717.88 5368.09
v 52454.6 -6504.08 -111844
vt 6724.56 5334.53
v 52556.9 -6504.08 -110981
vt 6728.59 5300.56
f 54/54/4 55/55/4 56/56/4 57/57/4 58/58/4 59/59/4 60/60/4 61/61/4 62/62/4 63/63/4 64/64/4 65/65/4 66/66/4 67/67/4 68/68/4 69/69/4 70/70/4 71/71/4 72/72/4 73/73/4 74/74/4 75/75/4 76/76/4 77/77/4 78/78/4 79/79/4 80/80/4 81/81/4 82/82/4 83/83/4 84/84/4 85/85/4 86/86/4 48/48/4 53/53/4 87/87/4 88/88/4 89/89/4 90/90/4 91/91/4 92/92/4 93/93/4 94/94/4 95/95/4 96/96/4 97/97/4 

g Mesh4 __ Model

v 198570 -45532.1 -23558.3
vt -6160.56 843.701
vn 1.79647e-16 -1 3.14855e-16
v 140538 -45532.1 24979.1
vt -3182.03 843.701
v 122985 -45532.1 37567.1
vt -2333.99 906.902
v 93547.9 -45532.1 -3479.93
vt -2481.79 2890.04
v 89737 -45532.1 -4610.25
vt -2395.25 3020.44
v 70488.2 -45532.1 -30789.3
vt -2475.19 4297.23
v 66468.9 -45532.1 -38459.7
vt -2547.55 4630.39
v 136863 -45532.1 -97336.4
vt -6160.56 4630.39
f 98/98/5 99/99/5 100/100/5 101/101/5 102/102/5 103/103/5 104/104/5 105/105/5 

v 140538 -41932.1 24979.1
vt 3182.03 141.732
vn 0.641565 3.41754e-15 0.767068
vt 3182.03 6.29399e-12
vt 6160.56 4.58868e-12
v 198570 -41932.1 -23558.3
vt 6160.56 141.732
f 106/106/6 99/107/6 98/108/6 107/109/6 

vt 3110.52 141.732
vn 0.582782 6.62712e-15 0.812629
v 122985 -41932.1 37567.1
vt 2260.14 141.732
vt 2260.14 1.03263e-11
vt 3110.52 1.05537e-11
f 106/110/7 108/111/7 100/112/7 99/113/7 

v 93547.9 -41932.1 -3479.93
vt 2481.79 2890.04
vn -1.58908e-16 1 -1.60235e-16
vt 2333.99 906.902
vt 3182.03 843.701
vt 6160.56 843.701
v 136863 -41932.1 -97336.4
vt 6160.56 4630.39
v 66468.9 -41932.1 -38459.7
vt 2547.55 4630.39
v 70488.2 -41932.1 -30789.3
vt 2475.19 4297.23
v 89737 -41932.1 -4610.25
vt 2395.25 3020.44
f 109/114/8 108/115/8 106/116/8 107/117/8 110/118/8 111/119/8 112/120/8 113/121/8 

vt -3066.5 9.20075e-12
vn -0.812629 3.14032e-15 0.582782
vt -1077.86 1.02808e-11
vt -1077.86 141.732
vt -3066.5 141.732
f 101/122/9 100/123/9 108/124/9 109/125/9 

vt -1035.64 9.15059e-12
vn -0.284358 1.9224e-15 0.958718
vt -1035.64 141.732
vt -1192.14 141.732
vt -1192.14 9.09374e-12
f 101/126/10 109/127/10 113/128/10 102/129/10 

vt -3164.2 -4.64205e-12
vn -0.805659 -3.03765e-15 0.59238
vt -3164.2 141.732
vt -4443.5 141.732
vt -4443.5 -5.38101e-12
f 102/130/11 113/131/11 112/132/11 103/133/11 

vt -4724.66 2.25579e-12
vn -0.88576 6.29433e-16 0.464144
vt -4724.66 141.732
vt -5065.6 141.732
vt -5065.6 2.08526e-12
f 103/134/12 112/135/12 111/136/12 104/137/12 

vt -6160.56 -2.04315e-12
vn -0.641565 9.32295e-16 -0.767068
vt -2547.55 -3.18002e-12
vt -2547.55 141.732
vt -6160.56 141.732
f 105/138/13 104/139/13 111/140/13 110/141/13 

vt 843.701 1.79062e-12
vn 0.767068 -1.3849e-17 -0.641565
vt 4630.39 2.35905e-12
vt 4630.39 141.732
vt 843.701 141.732
f 98/142/14 105/143/14 110/144/14 107/145/14 

g Mesh5 Group4 Model

usemtl Blacktop_Old_01
v 66468.9 -64197.1 -38459.7
vt -30.1696 101.891
vn -5.66632e-16 -1 7.46981e-16
v 70488.2 -64197.1 -30789.3
vt -36.763 89.3085
v 89737 -64197.1 -4610.25
vt -68.3392 46.3638
v 93547.9 -64197.1 -3479.93
vt -74.5906 44.5096
v 122985 -64197.1 37567.1
vt -122.88 -22.8248
v 118191 -64197.1 41005.5
vt -115.015 -28.4653
v 89931.7 -64197.1 1601.56
vt -68.6586 36.1738
v 86158.2 -64197.1 482.331
vt -62.4685 38.0098
v 65469.8 -64197.1 -27654.7
vt -28.5308 84.1663
v 61837.6 -64197.1 -34586.2
vt -22.5725 95.537
f 114/146/15 115/147/15 116/148/15 117/149/15 118/150/15 119/151/15 120/152/15 121/153/15 122/154/15 123/155/15 

vt 62.0425 -5.90551
vn 0.88576 -8.48607e-16 -0.464144
vt 76.248 -5.90551
v 66468.9 -60397.1 -38459.7
vt 76.248 0.328084
v 70488.2 -60397.1 -30789.3
vt 62.0425 0.328084
f 115/156/16 114/157/16 124/158/16 125/159/16 

vt -88.512 -5.90551
vn -0.641565 -2.09454e-16 -0.767068
vt -78.6079 -5.90551
v 61837.6 -60397.1 -34586.2
vt -78.6079 0.328084
vt -88.512 0.328084
f 114/160/17 123/161/17 126/162/17 124/163/17 

vt -74.1459 -5.90551
vn -0.88576 8.48607e-16 0.464144
vt -61.3087 -5.90551
v 65469.8 -60397.1 -27654.7
vt -61.3087 0.328084
vt -74.1459 0.328084
f 123/164/18 122/165/18 127/166/18 126/167/18 

vt -50.9082 -5.90551
vn -0.805659 8.99009e-16 0.59238
vt 6.38216 -5.90551
v 86158.2 -60397.1 482.331
vt 6.38216 0.328084
vt -50.9082 0.328084
f 122/168/19 121/169/19 128/170/19 127/171/19 

vt 49.0813 -5.90551
vn -0.284358 8.77271e-16 0.958718
vt 55.5379 -5.90551
v 89931.7 -60397.1 1601.56
vt 55.5379 0.328084
vt 49.0813 0.328084
f 121/172/20 120/173/20 129/174/20 128/175/20 

vt 10.6171 -5.90551
vn -0.812629 8.95789e-16 0.582782
vt 90.1603 -5.90551
v 118191 -60397.1 41005.5
vt 90.1603 0.328084
vt 10.6171 0.328084
f 120/176/21 119/177/21 130/178/21 129/179/21 

vt 76.8754 -5.90551
vn 0.582782 2.76795e-16 0.812629
vt 86.5539 -5.90551
v 122985 -60397.1 37567.1
vt 86.5539 0.328084
vt 76.8754 0.328084
f 119/180/22 118/181/22 131/182/22 130/183/22 

vt -90.1603 -5.90551
vn 0.812629 -8.95789e-16 -0.582782
vt -7.30034 -5.90551
v 93547.9 -60397.1 -3479.93
vt -7.30034 0.328084
vt -90.1603 0.328084
f 118/184/23 117/185/23 132/186/23 131/187/23 

vt -58.8548 -5.90551
vn 0.284358 -8.77271e-16 -0.958718
vt -52.3341 -5.90551
v 89737 -60397.1 -4610.25
vt -52.3341 0.328084
vt -58.8548 0.328084
f 117/188/24 116/189/24 133/190/24 132/191/24 

vt -3.12937 -5.90551
vn 0.805659 -8.99009e-16 -0.59238
vt 50.1744 -5.90551
vt 50.1744 0.328084
vt -3.12937 0.328084
f 116/192/25 115/193/25 125/194/25 133/195/25 

vt 36.763 89.3085
vn 5.66632e-16 1 -7.46981e-16
vt 30.1696 101.891
vt 22.5725 95.537
vt 28.5308 84.1663
vt 62.4685 38.0098
vt 68.6586 36.1738
vt 115.015 -28.4653
vt 122.88 -22.8248
vt 74.5906 44.5096
vt 68.3392 46.3638
f 125/196/26 124/197/26 126/198/26 127/199/26 128/200/26 129/201/26 130/202/26 131/203/26 132/204/26 133/205/26 

g Mesh6 Group5 Model

v 61837.6 -64197.1 -34586.2
vn -6.24734e-16 -1 6.78357e-16
v 61195.4 -64197.1 -35811.9
vt -21.5189 97.5476
v 51431 -64197.1 -54445.9
vt -5.50129 128.115
v 50964.1 -64197.1 -62380.4
vt -4.73536 141.131
v 51273 -64197.1 -73650.6
vt -5.2421 159.619
v 52591.1 -64197.1 -92101.7
vt -7.40423 189.886
v 52591.1 -64197.1 -103138
vt -7.40423 207.991
v 52591.1 -64197.1 -110113
vt -7.40423 219.432
v 52556.9 -64197.1 -110981
vt -7.3482 220.857
v 52454.6 -64197.1 -111844
vt -7.18046 222.272
v 52284.9 -64197.1 -112696
vt -6.90204 223.67
v 52048.8 -64197.1 -113533
vt -6.51466 225.042
v 51747.7 -64197.1 -114348
vt -6.02072 226.379
v 51383.5 -64197.1 -115137
vt -5.42327 227.673
v 50958.4 -64197.1 -115895
vt -4.726 228.917
v 50475.1 -64197.1 -116617
vt -3.93322 230.101
v 49936.6 -64197.1 -117299
vt -3.04983 231.22
v 49346.2 -64197.1 -117936
vt -2.0813 232.266
v 48707.5 -64197.1 -118526
vt -1.03359 233.233
v 48077.4 -64197.1 -119021
vt -1.31633e-14 234.046
v 63246.7 -64197.1 -129554
vt -24.884 251.325
v 62506.4 -64197.1 -128412
vt -23.6696 249.451
v 61824.2 -64197.1 -127235
vt -22.5504 247.519
v 61201.6 -64197.1 -126024
vt -21.5292 245.534
v 60640.4 -64197.1 -124784
vt -20.6085 243.5
v 60141.8 -64197.1 -123518
vt -19.7906 241.422
v 59707.1 -64197.1 -122228
vt -19.0776 239.307
v 59337.5 -64197.1 -120918
vt -18.4712 237.158
v 59033.8 -64197.1 -119592
vt -17.973 234.982
v 58796.8 -64197.1 -118251
vt -17.5842 232.783
v 58627.1 -64197.1 -116901
vt -17.3058 230.568
v 58525.1 -64197.1 -115544
vt -17.1385 228.341
v 58491.1 -64197.1 -114183
vt -17.0827 226.109
v 58491.1 -64197.1 -103427
vt -17.0827 208.465
v 58491.1 -64197.1 -91891.2
vt -17.0827 189.541
v 57167.3 -64197.1 -73359.5
vt -14.9111 159.141
v 56868.9 -64197.1 -62473.1
vt -14.4216 141.283
v 57246.3 -64197.1 -56059.9
vt -15.0407 130.763
v 66421.4 -64197.1 -38550.4
vt -30.0917 102.04
v 66468.9 -64197.1 -38459.7
f 134/155/27 135/206/27 136/207/27 137/208/27 138/209/27 139/210/27 140/211/27 141/212/27 142/213/27 143/214/27 144/215/27 145/216/27 146/217/27 147/218/27 148/219/27 149/220/27 150/221/27 151/222/27 152/223/27 153/224/27 154/225/27 155/226/27 156/227/27 157/228/27 158/229/27 159/230/27 160/231/27 161/232/27 162/233/27 163/234/27 164/235/27 165/236/27 166/237/27 167/238/27 168/239/27 169/240/27 170/241/27 171/242/27 172/243/27 173/146/27 

vt -76.4158 -5.90551
vn -0.88576 8.6822e-16 0.464144
v 61837.6 -60397.1 -34586.2
v 61195.4 -60397.1 -35811.9
vt -76.4158 0.328084
f 135/244/28 134/164/28 174/167/28 175/245/28 

vt 78.6079 -5.90551
vn 0.641565 1.19538e-16 0.767068
vt 88.512 -5.90551
v 66468.9 -60397.1 -38459.7
vt 88.512 0.328084
vt 78.6079 0.328084
f 134/246/29 173/247/29 176/248/29 174/249/29 

vn 0.88576 -8.6822e-16 -0.464144
vt 76.4158 -5.90551
v 66421.4 -60397.1 -38550.4
vt 76.4158 0.328084
f 173/157/30 172/250/30 177/251/30 176/158/30 

vt 108.843 -5.90551
v 57246.3 -60397.1 -56059.9
vt 108.843 0.328084
f 172/250/30 171/252/30 178/253/30 177/251/30 

vt 129.653 -5.90551
vn 0.998273 -6.63505e-16 -0.0587446
vt 140.192 -5.90551
v 56868.9 -60397.1 -62473.1
vt 140.192 0.328084
vt 129.653 0.328084
f 171/254/31 170/255/31 179/256/31 178/257/31 

vt 141.625 -5.90551
vn 0.999625 -6.05913e-16 0.0273994
vt 159.49 -5.90551
v 57167.3 -60397.1 -73359.5
vt 159.49 0.328084
vt 141.625 0.328084
f 170/258/32 169/259/32 180/260/32 179/261/32 

vt 159.799 -5.90551
vn 0.997458 -5.74812e-16 0.0712525
vt 190.277 -5.90551
v 58491.1 -60397.1 -91891.2
vt 190.277 0.328084
vt 159.799 0.328084
f 169/262/33 168/263/33 181/264/33 180/265/33 

vt 189.541 -5.90551
vn 1 -6.24734e-16 -0
vt 208.465 -5.90551
v 58491.1 -60397.1 -103427
vt 208.465 0.328084
vt 189.541 0.328084
f 168/266/34 167/267/34 182/268/34 181/269/34 

vt 226.109 -5.90551
v 58491.1 -60397.1 -114183
vt 226.109 0.328084
f 167/267/34 166/270/34 183/271/34 182/268/34 

vt 226.466 -5.90551
vn 0.999687 -6.07579e-16 0.0250015
vt 228.699 -5.90551
vn 0.99875 -5.90044e-16 0.0499873
v 58525.1 -60397.1 -115544
vt 228.699 0.328084
vt 226.466 0.328084
f 166/272/35 165/273/36 184/274/36 183/275/35 

vt 228.984 -5.90551
vt 231.216 -5.90551
vn 0.995003 -5.53879e-16 0.0998497
v 58627.1 -60397.1 -116901
vt 231.216 0.328084
vt 228.984 0.328084
f 165/276/36 164/277/37 185/278/37 184/279/36 

vt 230.926 -5.90551
vt 233.159 -5.90551
vn 0.988767 -5.16328e-16 0.149462
v 58796.8 -60397.1 -118251
vt 233.159 0.328084
vt 230.926 0.328084
f 164/280/37 163/281/38 186/282/38 185/283/37 

vt 232.288 -5.90551
vt 234.521 -5.90551
vn 0.98006 -4.77487e-16 0.198701
v 59033.8 -60397.1 -119592
vt 234.521 0.328084
vt 232.288 0.328084
f 163/284/38 162/285/39 187/286/39 186/287/38 

vt 233.067 -5.90551
vt 235.3 -5.90551
vn 0.968902 -4.37452e-16 0.247444
v 59337.5 -60397.1 -120918
vt 235.3 0.328084
vt 233.067 0.328084
f 162/288/39 161/289/40 188/290/40 187/291/39 

vt 233.26 -5.90551
vt 235.493 -5.90551
vn 0.955322 -3.96323e-16 0.295567
v 59707.1 -60397.1 -122228
vt 235.493 0.328084
vt 233.26 0.328084
f 161/292/40 160/293/41 189/294/41 188/295/40 

vt 232.868 -5.90551
vt 235.1 -5.90551
vn 0.939353 -3.54203e-16 0.342952
v 60141.8 -60397.1 -123518
vt 235.1 0.328084
vt 232.868 0.328084
f 160/296/41 159/297/42 190/298/42 189/299/41 

vt 231.89 -5.90551
vt 234.122 -5.90551
vn 0.921036 -3.11197e-16 0.389479
v 60640.4 -60397.1 -124784
vt 234.122 0.328084
vt 231.89 0.328084
f 159/300/42 158/301/43 191/302/43 190/303/42 

vt 230.329 -5.90551
vt 232.562 -5.90551
vn 0.900415 -2.67413e-16 0.435032
v 61201.6 -60397.1 -126024
vt 232.562 0.328084
vt 230.329 0.328084
f 158/304/43 157/305/44 192/306/44 191/307/43 

vt 228.19 -5.90551
vt 230.423 -5.90551
vn 0.877543 -2.22961e-16 0.479497
v 61824.2 -60397.1 -127235
vt 230.423 0.328084
vt 228.19 0.328084
f 157/308/44 156/309/45 193/310/45 192/311/44 

vt 225.478 -5.90551
vt 227.711 -5.90551
vn 0.852478 -1.77951e-16 0.522764
v 62506.4 -60397.1 -128412
vt 227.711 0.328084
vt 225.478 0.328084
f 156/312/45 155/313/46 194/314/46 193/315/45 

vt 222.199 -5.90551
vt 224.432 -5.90551
vn 0.839141 -1.55273e-16 0.543914
v 63246.7 -60397.1 -129554
vt 224.432 0.328084
vt 222.199 0.328084
f 155/316/46 154/317/47 195/318/47 194/319/46 

vt -163.784 -5.90551
vn -0.570358 -2.00878e-16 -0.821396
vt -133.49 -5.90551
v 48077.4 -60397.1 -119021
vt -133.49 0.328084
vt -163.784 0.328084
f 154/320/48 153/321/48 196/322/48 195/323/48 

vt -144.699 -5.90551
vn -0.618253 9.19418e-16 0.785979
vt -143.384 -5.90551
vn -0.648669 9.21523e-16 0.761071
v 48707.5 -60397.1 -118526
vt -143.384 0.328084
vt -144.699 0.328084
f 153/324/49 152/325/50 197/326/50 196/327/49 

vt -157.391 -5.90551
vt -155.966 -5.90551
vn -0.706448 9.2146e-16 0.707765
v 49346.2 -60397.1 -117936
vt -155.966 0.328084
vt -157.391 0.328084
f 152/328/50 151/329/51 198/330/51 197/331/50 

vt -169.005 -5.90551
vt -167.579 -5.90551
vn -0.759861 9.15701e-16 0.650085
v 49936.6 -60397.1 -117299
vt -167.579 0.328084
vt -169.005 0.328084
f 151/332/51 150/333/52 199/334/52 198/335/51 

vt -179.578 -5.90551
vt -178.152 -5.90551
vn -0.808579 9.04284e-16 0.588388
v 50475.1 -60397.1 -116617
vt -178.152 0.328084
vt -179.578 0.328084
f 150/336/52 149/337/53 200/338/53 199/339/52 

vt -189.046 -5.90551
vt -187.62 -5.90551
vn -0.852299 8.87278e-16 0.523054
v 50958.4 -60397.1 -115895
vt -187.62 0.328084
vt -189.046 0.328084
f 149/340/53 148/341/54 201/342/54 200/343/53 

vt -197.349 -5.90551
vt -195.924 -5.90551
vn -0.890753 8.64789e-16 0.454488
v 51383.5 -60397.1 -115137
vt -195.924 0.328084
vt -197.349 0.328084
f 148/344/54 147/345/55 202/346/55 201/347/54 

vt -204.438 -5.90551
vt -203.013 -5.90551
vn -0.923701 8.36956e-16 0.383114
v 51747.7 -60397.1 -114348
vt -203.013 0.328084
vt -204.438 0.328084
f 147/348/55 146/349/56 203/350/56 202/351/55 

vt -210.268 -5.90551
vt -208.842 -5.90551
vn -0.950941 8.0395e-16 0.309371
v 52048.8 -60397.1 -113533
vt -208.842 0.328084
vt -210.268 0.328084
f 146/352/56 145/353/57 204/354/57 203/355/56 

vt -214.803 -5.90551
vt -213.377 -5.90551
vn -0.972305 7.65976e-16 0.233717
v 52284.9 -60397.1 -112696
vt -213.377 0.328084
vt -214.803 0.328084
f 145/356/57 144/357/58 205/358/58 204/359/57 

vt -218.014 -5.90551
vt -216.589 -5.90551
vn -0.987659 7.23268e-16 0.156618
v 52454.6 -60397.1 -111844
vt -216.589 0.328084
vt -218.014 0.328084
f 144/360/58 143/361/59 206/362/59 205/363/58 

vt -219.883 -5.90551
vt -218.457 -5.90551
vn -0.99691 6.7609e-16 0.0785519
v 52556.9 -60397.1 -110981
vt -218.457 0.328084
vt -219.883 0.328084
f 143/364/59 142/365/60 207/366/60 206/367/59 

vt -220.397 -5.90551
vt -218.972 -5.90551
vn -0.999227 6.50915e-16 0.0393063
v 52591.1 -60397.1 -110113
vt -218.972 0.328084
vt -220.397 0.328084
f 142/368/60 141/369/61 208/370/61 207/371/60 

vt -219.432 -5.90551
vn -1 6.24734e-16 -0
vt -207.991 -5.90551
v 52591.1 -60397.1 -103138
vt -207.991 0.328084
vt -219.432 0.328084
f 141/372/62 140/373/62 209/374/62 208/375/62 

vt -189.886 -5.90551
v 52591.1 -60397.1 -92101.7
vt -189.886 0.328084
f 140/373/62 139/376/62 210/377/62 209/374/62 

vt -189.931 -5.90551
vn -0.997458 5.74812e-16 -0.0712525
vt -159.587 -5.90551
v 51273 -60397.1 -73650.6
vt -159.587 0.328084
vt -189.931 0.328084
f 139/378/63 138/379/63 211/380/63 210/381/63 

vt -159.703 -5.90551
vn -0.999625 6.05913e-16 -0.0273994
vt -141.208 -5.90551
v 50964.1 -60397.1 -62380.4
vt -141.208 0.328084
vt -159.703 0.328084
f 138/382/64 137/383/64 212/384/64 211/385/64 

vt -140.609 -5.90551
vn -0.998273 6.63505e-16 0.0587446
vt -127.571 -5.90551
v 51431 -60397.1 -54445.9
vt -127.571 0.328084
vt -140.609 0.328084
f 137/386/65 136/387/65 213/388/65 212/389/65 

vt -110.926 -5.90551
vt -110.926 0.328084
f 136/390/28 135/244/28 175/245/28 213/391/28 

vt 21.5189 97.5476
vn 6.24734e-16 1 -6.78357e-16
vt 30.0917 102.04
vt 15.0407 130.763
vt 14.4216 141.283
vt 14.9111 159.141
vt 17.0827 189.541
vt 17.0827 208.465
vt 17.0827 226.109
vt 17.1385 228.341
vt 17.3058 230.568
vt 17.5842 232.783
vt 17.973 234.982
vt 18.4712 237.158
vt 19.0776 239.307
vt 19.7906 241.422
vt 20.6085 243.5
vt 21.5292 245.534
vt 22.5504 247.519
vt 23.6696 249.451
vt 24.884 251.325
vt -2.04965e-16 234.046
vt 1.03359 233.233
vt 2.0813 232.266
vt 3.04983 231.22
vt 3.93322 230.101
vt 4.726 228.917
vt 5.42327 227.673
vt 6.02072 226.379
vt 6.51466 225.042
vt 6.90204 223.67
vt 7.18046 222.272
vt 7.3482 220.857
vt 7.40423 219.432
vt 7.40423 207.991
vt 7.40423 189.886
vt 5.2421 159.619
vt 4.73536 141.131
vt 5.50129 128.115
f 175/392/66 174/198/66 176/197/66 177/393/66 178/394/66 179/395/66 180/396/66 181/397/66 182/398/66 183/399/66 184/400/66 185/401/66 186/402/66 187/403/66 188/404/66 189/405/66 190/406/66 191/407/66 192/408/66 193/409/66 194/410/66 195/411/66 196/412/66 197/413/66 198/414/66 199/415/66 200/416/66 201/417/66 202/418/66 203/419/66 204/420/66 205/421/66 206/422/66 207/423/66 208/424/66 209/425/66 210/426/66 211/427/66 212/428/66 213/429/66 

g Mesh7 Group7 Group6 Model

usemtl FrontColor
v 46785.6 3695.92 -54180.2
vt -512.852 858.978
vn 5.12698e-15 -1 1.79758e-15
v 53818.7 3695.92 -32473.1
vt -512.852 -39.3701
v 40475.2 3695.92 -28149.8
vt 39.3701 -39.3701
v 33442.1 3695.92 -49856.9
vt 39.3701 858.978
f 214/430/67 215/431/67 216/432/67 217/433/67 

vt -39.3701 -3.93701
vn 0.951314 4.3233e-15 -0.308224
vt 858.978 -3.93701
v 46785.6 4095.92 -54180.2
vt 858.978 11.811
v 53818.7 4095.92 -32473.1
vt -39.3701 11.811
f 215/434/68 214/435/68 218/436/68 219/437/68 

vt -512.852 -3.93701
vn -0.308224 -3.29033e-15 -0.951314
vt 39.3701 -3.93701
v 33442.1 4095.92 -49856.9
vt 39.3701 11.811
vt -512.852 11.811
f 214/438/69 217/439/69 220/440/69 218/441/69 

vt -858.978 -3.93701
vn -0.951314 -4.3233e-15 0.308224
v 40475.2 4095.92 -28149.8
vt -858.978 11.811
f 217/442/70 216/439/70 221/440/70 220/443/70 

vn 0.308224 3.29033e-15 0.951314
vt 512.852 -3.93701
vt 512.852 11.811
f 216/434/71 215/444/71 219/445/71 221/437/71 

v 40861 4095.92 -28905.5
vt -15.748 -15.748
vn -5.12698e-15 1 -1.79758e-15
vt -39.3701 -39.3701
vt 512.852 -39.3701
f 222/446/72 221/447/72 219/448/72

vt -39.3701 858.978
f 221/447/72 222/446/72 220/449/72

v 34197.8 4095.92 -49471
vt -15.748 835.356
f 223/450/72 220/449/72 222/446/72

vt 512.852 858.978
f 220/449/72 223/450/72 218/451/72

v 46399.8 4095.92 -53424.5
vt 489.23 835.356
f 218/451/72 223/450/72 224/452/72

usemtl Roofing_Tile_Spanish
vt 0.444444 -26.7111
vn -0.1084 0.936116 -0.334569
v 42302.3 6537.92 -45264.2
vt -6.68136 -17.3236
vt -13.8072 -26.7111
f 223/453/73 225/454/73 224/455/73

vt 0.444444 -0.361062
vn -0.338526 0.934543 0.109682
v 44958.5 6537.92 -37065.8
vt -6.77778 8.9168
vt -16.3534 8.9168
vt -23.5756 -0.361062
f 222/456/74 226/457/74 225/458/74 223/459/74 

vt -0.444444 -0.3636
vn 0.1084 0.936116 0.334569
v 53063 4095.92 -32858.9
vt 13.8072 -0.3636
vt 6.68136 9.024
f 222/460/75 227/461/75 226/462/75

usemtl FrontColor
vt 489.23 -15.748
f 222/446/72 219/448/72 227/463/72

f 227/463/72 219/448/72 224/452/72

f 218/451/72 224/452/72 219/448/72

usemtl Roofing_Tile_Spanish
vt -0.444444 -15.5563
vn 0.338526 0.934543 -0.109682
vt 23.5756 -15.5563
vt 16.3534 -6.27842
vt 6.77778 -6.27842
f 227/464/76 224/465/76 225/466/76 226/467/76 

g Mesh8 Group8 Group6 Model

usemtl Wood_Veneer_01
v 51314.5 -3604.08 -36568.4
vt 35.9476 114.173
vn 0.951314 3.1084e-31 -0.308224
v 51625.5 -3604.08 -35608.6
vt -3.7736 114.173
v 51625.5 -6504.08 -35608.6
vt -3.7736 0
v 51314.5 -6504.08 -36568.4
vt 35.9476 0
f 228/468/77 229/469/77 230/470/77 231/471/77 

vt 12.243 0
vn -2.35739e-27 1 -7.29081e-27
vt 0 37.7873
v 51266.9 -3604.08 -36553
vt -1.87266 37.1805
v 51577.9 -3604.08 -35593.2
vt 10.3704 -0.606741
f 229/472/78 228/473/78 232/474/78 233/475/78 

vt -11.647 114.173
vn -0.308224 -7.64733e-27 -0.951314
vt -11.647 0
v 51266.9 -6504.08 -36553
vt -9.67846 0
vt -9.67846 114.173
f 228/476/79 231/477/79 234/478/79 232/479/79 

vn 2.35739e-27 -1 7.29081e-27
vt -12.243 0
v 51577.9 -6504.08 -35593.2
vt -10.3704 -0.606741
vt 1.87266 37.1805
f 231/473/80 230/480/80 235/481/80 234/482/80 

vt 11.647 0
vn 0.308224 7.64733e-27 0.951314
vt 11.647 114.173
vt 9.67846 114.173
vt 9.67846 0
f 230/483/81 229/484/81 233/485/81 235/486/81 

vt 3.7736 114.173
vn -0.951314 -3.1084e-31 0.308224
vt -35.9476 114.173
vt -35.9476 0
vt 3.7736 0
f 233/487/82 232/488/82 234/489/82 235/490/82 

g Mesh9 Group11 Group10 Group9 Group6 Model

usemtl FrontColor
v 50966.6 -5604.08 -38518.4
vt -7.87402 45.3242
vn 1.04339e-12 1 2.16257e-14
v 50889.5 -5604.08 -38756.2
vt -7.87402 35.4817
v 50794.4 -5604.08 -38725.4
vt -3.93701 35.4817
v 50825.2 -5604.08 -38630.2
vt -3.93701 39.4187
v 50871.4 -5604.08 -38487.5
vt -3.93701 45.3242
f 236/491/83 237/492/83 238/493/83 239/494/83 240/495/83 

vt -45.3242 35.4331
vn 0.951314 -8.10881e-13 -0.308224
v 51277.5 -5604.08 -37558.6
vt -85.0454 35.4331
v 51354.6 -5604.08 -37320.7
vt -94.8879 35.4331
v 51354.6 -5754.08 -37320.7
vt -94.8879 29.5276
v 50889.5 -5754.08 -38756.2
vt -35.4817 29.5276
vt -35.4817 35.4331
f 236/496/84 241/497/84 242/498/84 243/499/84 244/500/84 237/501/84 

vn 1.7088e-12 1 -1.40395e-13
v 50823.9 -5604.08 -38472.1
vt -1.9685 45.3242
v 51134.8 -5604.08 -37512.3
vt -1.9685 85.0454
v 51182.4 -5604.08 -37527.7
vt -3.93701 85.0454
vt -7.87402 85.0454
f 240/495/85 245/502/85 246/503/85 247/504/85 241/505/85 236/491/85 

v 50823.9 -3604.08 -38472.1
vt 1.9685 114.173
vn 0.308224 -3.47114e-13 0.951314
vt 1.9685 35.4331
vt 3.93701 35.4331
v 50871.4 -3604.08 -38487.5
vt 3.93701 114.173
f 248/506/86 245/507/86 240/508/86 249/509/86 

vt 45.3242 114.173
vn -0.951314 -4.89844e-13 0.308224
v 50777.6 -3604.08 -38614.8
vt 39.4187 114.173
vt 45.3242 35.4331
f 248/510/87 250/511/87 245/512/87

v 51211.9 -3454.08 -37274.5
vt 94.8879 120.079
f 251/513/87 250/511/87 248/510/87

v 50746.8 -3454.08 -38710
vt 35.4817 120.079
f 252/514/87 250/511/87 251/513/87

v 50746.8 -3604.08 -38710
vt 35.4817 114.173
f 250/511/87 252/514/87 253/515/87

vt -1.9685 114.173
vn -0.308224 7.97883e-13 -0.951314
vt -1.9685 120.079
v 50889.5 -3454.08 -38756.2
vt -7.87402 120.079
v 50889.5 -3604.08 -38756.2
vt -7.87402 114.173
v 50794.4 -3604.08 -38725.4
vt -3.93701 114.173
f 253/516/88 252/517/88 254/518/88 255/519/88 256/520/88 

v 51354.6 -3454.08 -37320.7
vt -7.87402 94.8879
vn -6.34349e-11 1 2.09954e-11
vt -1.9685 35.4817
vt -1.9685 94.8879
f 257/521/89 254/492/89 252/522/89 251/523/89 

vt -35.4817 120.079
vn 0.951314 5.03389e-11 -0.308224
vt -94.8879 120.079
v 51354.6 -3604.08 -37320.7
vt -94.8879 114.173
v 51277.5 -3604.08 -37558.6
vt -85.0454 114.173
v 50966.6 -3604.08 -38518.4
vt -45.3242 114.173
vt -35.4817 114.173
f 254/524/90 257/525/90 258/526/90 259/527/90 260/528/90 255/529/90 

v 51259.4 -3604.08 -37289.9
vn 0.308224 -5.01419e-13 0.951314
vt 7.87402 114.173
vt 7.87402 120.079
vt 1.9685 120.079
v 51211.9 -3604.08 -37274.5
f 261/509/91 258/530/91 257/531/91 251/532/91 262/506/91 

vt 3.93701 94.8879
vn 9.54687e-11 -1 -3.12963e-11
v 51228.6 -3604.08 -37385
vt 3.93701 90.9509
v 51182.4 -3604.08 -37527.7
vt 3.93701 85.0454
vt 7.87402 85.0454
vt 7.87402 94.8879
f 261/533/92 263/534/92 264/535/92 259/536/92 258/537/92 

vn -7.71605e-13 -1 -1.1763e-13
vt 1.9685 94.8879
v 51181.1 -3604.08 -37369.6
vt 1.9685 90.9509
f 261/533/93 262/538/93 265/539/93 263/534/93 

vt 90.9509 114.173
vt 94.8879 114.173
f 251/513/87 265/540/87 262/541/87

v 51134.8 -3604.08 -37512.3
vt 85.0454 114.173
f 251/513/87 266/542/87 265/540/87

f 251/513/87 248/510/87 266/542/87

vn 6.80083e-11 -1 -2.24474e-11
vt 1.9685 85.0454
vt 1.9685 45.3242
vt 3.93701 45.3242
vt 7.87402 45.3242
f 259/536/94 264/535/94 266/543/94 248/544/94 249/545/94 260/546/94 

vt -3.93701 35.4331
vn -0.308224 3.43955e-13 -0.951314
vt -1.9685 35.4331
f 247/547/95 246/548/95 266/516/95 264/520/95 

vt 85.0454 35.4331
v 51181.1 -5604.08 -37369.6
vt 90.9509 35.4331
f 246/549/87 267/550/87 266/542/87

v 51211.9 -5754.08 -37274.5
vt 94.8879 29.5276
f 246/549/87 268/551/87 267/550/87

f 245/512/87 268/551/87 246/549/87

v 50777.6 -5604.08 -38614.8
vt 39.4187 35.4331
f 269/552/87 268/551/87 245/512/87

v 50746.8 -5754.08 -38710
vt 35.4817 29.5276
f 269/552/87 270/553/87 268/551/87

v 50746.8 -5604.08 -38710
vt 35.4817 35.4331
f 270/553/87 269/552/87 271/554/87

vt -1.9685 39.4187
vn 6.04323e-13 1 1.84616e-13
f 269/555/96 239/494/96 238/493/96 271/522/96 

vn -0.308224 3.45505e-13 -0.951314
v 50825.2 -3604.08 -38630.2
f 269/548/97 250/516/97 272/520/97 239/547/97 

f 269/552/87 245/512/87 250/511/87

vt 3.93701 39.4187
vn -7.38705e-13 -1 -5.99377e-13
vt 1.9685 39.4187
vt 1.9685 35.4817
vt 3.93701 35.4817
f 272/556/98 250/557/98 253/558/98 256/559/98 

vn 4.78046e-11 -1 -1.57939e-11
vt 7.87402 35.4817
f 260/546/99 249/545/99 272/556/99 256/559/99 255/560/99 

vt -39.4187 35.4331
vn 0.951314 -5.35093e-13 -0.308224
vt -39.4187 114.173
f 239/561/100 272/562/100 249/528/100 240/496/100 

vt -1.9685 29.5276
vn -0.308224 3.61894e-13 -0.951314
vt -7.87402 35.4331
vt -7.87402 29.5276
f 270/563/101 271/548/101 238/547/101 237/564/101 244/565/101 

vn -1.68785e-12 -1 1.32442e-13
f 244/560/102 243/537/102 268/538/102 270/558/102 

vt 7.87402 29.5276
vn 0.308224 3.62077e-14 0.951314
vt 7.87402 35.4331
v 51259.4 -5604.08 -37289.9
v 51211.9 -5604.08 -37274.5
vt 1.9685 29.5276
f 243/566/103 242/567/103 273/508/103 274/507/103 268/568/103 

vn 2.15976e-12 1 -3.68517e-13
v 51228.6 -5604.08 -37385
vt -3.93701 90.9509
vt -3.93701 94.8879
f 242/521/104 241/505/104 247/504/104 275/569/104 273/570/104 

vn 0.951314 1.84394e-13 -0.308224
vt -90.9509 114.173
vt -90.9509 35.4331
f 264/527/105 263/571/105 275/572/105 247/497/105 

vn 0.308224 -3.45399e-13 0.951314
f 275/508/106 263/509/106 265/506/106 267/507/106 

f 265/540/87 266/542/87 267/550/87

vn 6.96617e-13 1 1.43823e-13
vt -1.9685 90.9509
f 275/569/107 267/573/107 274/523/107 273/570/107 

vt 94.8879 35.4331
f 267/550/87 268/551/87 274/574/87

g Mesh10 Group13 Group12 Group10 Group9 Group6 Model

usemtl Window_Frame_Black
v 50885.3 -4104.08 -38444.7
vt -25.1215 1.77165
vn -0.308224 3.45781e-13 -0.951314
v 50885.3 -4149.08 -38444.7
vt -25.1215 0
v 50790.2 -4149.08 -38413.9
vt -21.1844 0
v 50790.2 -4104.08 -38413.9
vt -21.1844 1.77165
f 276/575/108 277/576/108 278/577/108 279/578/108 

v 51168.5 -4149.08 -37570.5
vt 39.5861 -2.7949e-12
vn 0.951314 1.85682e-13 -0.308224
vt 75.764 4.63898e-15
vt 75.764 1.77165
v 51168.5 -4104.08 -37570.5
vt 39.5861 1.77165
f 280/579/109 277/580/109 276/581/109 281/582/109 

vt 3.19926 78.6049
vn 4.63879e-14 -1 -4.5985e-13
vt -0.546067 79.8184
vt -11.697 45.4019
v 51073.4 -4149.08 -37539.7
vt -7.95164 44.1884
f 278/583/110 277/584/110 280/585/110 282/586/110 

vt 25.1215 -2.79954e-12
vn 0.308224 -3.45781e-13 0.951314
vt 25.1215 1.77165
v 51073.4 -4104.08 -37539.7
vt 21.1844 1.77165
vt 21.1844 -2.79954e-12
f 280/587/111 281/588/111 283/589/111 282/590/111 

vt -3.19926 78.6049
vn -4.63879e-14 1 4.5985e-13
vt 7.95164 44.1884
vt 11.697 45.4019
vt 0.546067 79.8184
f 279/591/112 283/592/112 281/593/112 276/594/112 

vt -39.5861 1.77165
vn -0.951314 -1.85682e-13 0.308224
vt -75.764 1.77165
vt -75.764 3.91197e-15
vt -39.5861 -2.79563e-12
f 283/595/113 279/596/113 278/597/113 282/598/113 

g Mesh11 WindowFrame_3_1 Window_3_1 Group12 Group10 Group9 Group6 Model

v 50871.4 -3604.08 -38487.5
vt 0 78.7402
vn -0.308224 3.13783e-13 -0.951314
v 50871.4 -5604.08 -38487.5
vt 0 0
v 50776.3 -5604.08 -38456.7
vt 3.93701 0
v 50776.3 -3604.08 -38456.7
vt 3.93701 78.7402
f 284/599/114 285/600/114 286/601/114 287/602/114 

v 50885.3 -5559.08 -38444.7
vt 85.675 1.77165
vn 0.951314 1.17473e-13 -0.308224
vt 87.4466 7.81476e-23
vt 87.4466 78.7402
f 288/603/115 285/604/115 284/605/115

v 51168.5 -5559.08 -37570.5
vt 49.4971 1.77165
f 285/604/115 288/603/115 289/606/115

vt 49.4971 -5.30235e-10
vn -6.51784e-14 1 3.87915e-13
vt 85.675 -9.10781e-30
v 50790.2 -5559.08 -38413.9
vt 85.675 3.93701
v 51073.4 -5559.08 -37539.7
vt 49.4971 3.93701
f 289/607/116 288/608/116 290/609/116 291/610/116 

vt 0 1.77165
vn 0.308224 -3.13783e-13 0.951314
v 50885.3 -3649.08 -38444.7
vt 0 76.9685
v 50790.2 -3649.08 -38413.9
vt -3.93701 76.9685
vt -3.93701 1.77165
f 288/611/117 292/612/117 293/613/117 290/614/117 

vt 85.675 76.9685
f 288/603/115 284/605/115 292/615/115

v 51182.4 -3604.08 -37527.7
vt 47.7255 78.7402
f 292/615/115 284/605/115 294/616/115

vt 47.7255 -5.30235e-10
vn -6.60899e-14 1 3.85102e-13
vt 87.4466 4.98648e-28
vt 87.4466 3.93701
v 51087.3 -3604.08 -37496.9
vt 47.7255 3.93701
f 294/617/118 284/618/118 287/619/118 295/620/118 

vt -87.4466 78.7402
vn -0.951314 -2.45667e-13 0.308224
vt -85.675 76.9685
vt -47.7255 78.7402
f 287/621/119 293/622/119 295/623/119

vt -85.675 1.77165
f 287/621/119 290/624/119 293/622/119

vt -87.4466 2.52352e-13
f 286/625/119 290/624/119 287/621/119

vt -49.4971 1.77165
f 290/624/119 286/625/119 291/626/119

v 51087.3 -5604.08 -37496.9
vt -47.7255 -1.01952e-12
f 296/627/119 291/626/119 286/625/119

f 291/626/119 296/627/119 295/623/119

vt 5.30235e-10 78.7402
vt -3.93701 78.7402
vt -3.93701 -1.27187e-12
v 51182.4 -5604.08 -37527.7
vt 5.30235e-10 -1.27187e-12
f 294/628/117 295/629/117 296/630/117 297/631/117 

vt -47.7255 3.93701
vn 6.61451e-14 -1 -3.84932e-13
vt -87.4466 3.93701
vt -87.4466 -1.76337e-41
vt -47.7255 -5.30235e-10
f 296/632/120 286/633/120 285/634/120 297/635/120 

vt 47.7255 -1.27187e-12
f 289/606/115 297/636/115 285/604/115

f 297/636/115 289/606/115 294/616/115

v 51168.5 -3649.08 -37570.5
vt 49.4971 76.9685
f 294/616/115 289/606/115 298/637/115

vt -5.30235e-10 1.77165
vt 3.93701 1.77165
v 51073.4 -3649.08 -37539.7
vt 3.93701 76.9685
vt -5.30235e-10 76.9685
f 289/638/114 291/639/114 299/640/114 298/641/114 

vt -49.4971 76.9685
f 291/626/119 295/623/119 299/642/119

f 299/642/119 295/623/119 293/622/119

vt -49.4971 3.93701
vn 6.51179e-14 -1 -3.88102e-13
vt -85.675 3.93701
vt -85.675 -3.97894e-28
vt -49.4971 -5.30235e-10
f 299/643/121 293/644/121 292/645/121 298/646/121 

f 294/616/115 298/637/115 292/615/115

g Mesh12 WindowGlass_3_1 Window_3_1 Group12 Group10 Group9 Group6 Model

usemtl Window_Glass
v 50861.5 -3649.08 -38437
vt 0 75.1969
v 50861.5 -5559.08 -38437
v 50856.7 -5559.08 -38435.5
vt 0.19685 0
v 50856.7 -3649.08 -38435.5
vt 0.19685 75.1969
f 300/647/114 301/600/114 302/648/114 303/649/114 

vt 83.9033 6.91167e-37
vn 0.951314 1.8157e-13 -0.308224
vt 83.9033 75.1969
v 51144.7 -3649.08 -37562.8
vt 47.7255 75.1969
v 51144.7 -5559.08 -37562.8
f 301/650/122 300/651/122 304/652/122 305/636/122 

vn -6.51179e-14 1 3.88102e-13
vt 83.9033 -3.16355e-27
vt 83.9033 0.19685
v 51140 -3649.08 -37561.3
vt 47.7255 0.19685
f 304/617/123 300/653/123 303/654/123 306/655/123 

v 51140 -5559.08 -37561.3
vt -47.7255 -1.27187e-12
vn -0.951314 -1.8157e-13 0.308224
vt -47.7255 75.1969
vt -83.9033 75.1969
vt -83.9033 -1.10641e-28
f 307/656/124 306/657/124 303/658/124 302/659/124 

vt 5.30235e-10 75.1969
vt -0.19685 75.1969
vt -0.19685 -1.27187e-12
f 304/660/117 306/661/117 307/662/117 305/631/117 

vt -47.7255 0.19685
vn 6.51784e-14 -1 -3.87915e-13
vt -83.9033 0.19685
vt -83.9033 1.23406e-40
f 307/663/125 302/664/125 301/665/125 305/635/125 

g Mesh13 Group15 Group14 Group9 Group6 Model

usemtl FrontColor
v 49233.8 -5754.08 -43866.3
vt -142.613 29.5276
vn 0.951314 -9.85926e-13 -0.308224
v 48437 -5754.08 -46325.5
v 48437 -5604.08 -46325.5
v 48510.3 -5604.08 -46099.5
v 49160.6 -5604.08 -44092.2
vt -132.771 35.4331
v 49233.8 -5604.08 -43866.3
vt -142.613 35.4331
f 308/666/126 309/500/126 310/501/126 311/496/126 312/667/126 313/668/126 

v 49091.1 -5754.08 -43820
vt 1.9685 142.613
vn -1.04448e-12 -1 -2.49828e-14
v 48294.4 -5754.08 -46279.3
vt 7.87402 142.613
f 314/669/127 315/558/127 309/560/127 308/670/127 

v 48323.6 -5604.08 -46188.9
vn -0.951314 -8.21084e-13 0.308224
vt 142.613 29.5276
f 316/552/128 315/553/128 314/671/128

v 48294.4 -5604.08 -46279.3
f 315/553/128 316/552/128 317/554/128

vn 6.04091e-13 1 1.83902e-13
v 48371.2 -5604.08 -46204.3
v 48341.9 -5604.08 -46294.7
f 316/555/129 318/494/129 319/493/129 317/522/129 

vn -0.308224 3.45432e-13 -0.951314
v 48323.6 -3604.08 -46188.9
v 48371.2 -3604.08 -46204.3
f 316/548/130 320/516/130 321/520/130 318/547/130 

v 48367.6 -5604.08 -46053.3
f 316/552/128 322/512/128 320/511/128

f 316/552/128 314/671/128 322/512/128

v 49017.9 -5604.08 -44046
vt 132.771 35.4331
f 322/512/128 314/671/128 323/672/128

v 49061.9 -5604.08 -43910.4
vt 138.676 35.4331
f 323/672/128 314/671/128 324/673/128

v 49091.1 -5604.08 -43820
vt 142.613 35.4331
f 324/673/128 314/671/128 325/674/128

vn 0.308224 -3.51272e-13 0.951314
v 49138.7 -5604.08 -43835.4
f 325/507/131 314/568/131 308/566/131 313/567/131 326/508/131 

vt -7.87402 132.771
vn 1.02972e-12 1 -2.05576e-14
v 49065.5 -5604.08 -44061.4
vt -3.93701 132.771
v 49109.4 -5604.08 -43925.8
vt -3.93701 138.676
vt -3.93701 142.613
vt -7.87402 142.613
f 312/675/132 327/676/132 328/677/132 326/678/132 313/679/132 

vn 1.04183e-12 1 1.54881e-14
vt -1.9685 132.771
v 48415.1 -5604.08 -46068.7
f 322/502/133 323/680/133 327/676/133 312/675/133 311/491/133 329/495/133 

vn -0.308224 3.43299e-13 -0.951314
v 49017.9 -3604.08 -44046
v 49065.5 -3604.08 -44061.4
f 323/548/134 330/516/134 331/520/134 327/547/134 

vt 132.771 114.173
f 323/672/128 324/673/128 330/681/128

v 49061.9 -3604.08 -43910.4
vt 138.676 114.173
f 332/682/128 330/681/128 324/673/128

v 49091.1 -3454.08 -43820
vt 142.613 120.079
f 333/683/128 330/681/128 332/682/128

v 48367.6 -3604.08 -46053.3
f 333/683/128 334/510/128 330/681/128

f 333/683/128 320/511/128 334/510/128

v 48294.4 -3454.08 -46279.3
f 335/514/128 320/511/128 333/683/128

v 48294.4 -3604.08 -46279.3
f 320/511/128 335/514/128 336/515/128

vn -0.308224 8.21619e-13 -0.951314
v 48437 -3454.08 -46325.5
v 48437 -3604.08 -46325.5
v 48341.9 -3604.08 -46294.7
f 336/516/135 335/517/135 337/518/135 338/519/135 339/520/135 

vn -4.77883e-11 1 1.58443e-11
vt -1.9685 142.613
v 49233.8 -3454.08 -43866.3
f 335/522/136 333/684/136 340/679/136 337/492/136 

vn 0.308224 -3.52665e-13 0.951314
v 49091.1 -3604.08 -43820
v 49138.7 -3604.08 -43835.4
v 49233.8 -3604.08 -43866.3
f 333/532/137 341/506/137 342/509/137 343/530/137 340/531/137 

vt 142.613 114.173
f 333/683/128 332/682/128 341/685/128

vt 1.9685 138.676
vn 6.82908e-14 -1 -3.92248e-13
v 49109.4 -3604.08 -43925.8
vt 3.93701 138.676
vt 3.93701 142.613
f 332/686/138 344/687/138 342/688/138 341/669/138 

vn 0.308224 -3.44786e-13 0.951314
f 332/506/139 324/507/139 328/508/139 344/509/139 

vn -7.03953e-14 1 3.91608e-13
vt -1.9685 138.676
f 328/677/140 324/689/140 325/684/140 326/678/140 

vn 0.951314 1.8724e-13 -0.308224
vt -132.771 114.173
vt -138.676 114.173
vt -138.676 35.4331
f 327/667/141 331/690/141 344/691/141 328/692/141 

v 49160.6 -3604.08 -44092.2
vt 7.87402 132.771
vn 4.77882e-11 -1 -1.58445e-11
vt 3.93701 132.771
f 345/693/142 343/670/142 342/688/142 344/687/142 331/694/142 

vn 0.951314 5.03452e-11 -0.308224
vt -142.613 120.079
vt -142.613 114.173
v 48510.3 -3604.08 -46099.5
f 337/524/143 340/695/143 343/696/143 345/690/143 346/528/143 338/529/143 

vt 1.9685 132.771
vn 4.77734e-11 -1 -1.58314e-11
v 48415.1 -3604.08 -46068.7
f 330/697/144 334/544/144 347/545/144 346/546/144 345/693/144 331/694/144 

vn 0.308224 -3.47126e-13 0.951314
f 334/506/145 322/507/145 329/508/145 347/509/145 

f 334/510/128 320/511/128 322/512/128

f 318/561/100 321/562/100 347/528/100 329/496/100 

vn 4.78037e-11 -1 -1.57966e-11
f 346/546/146 347/545/146 321/556/146 339/559/146 338/560/146 

vn -7.31754e-13 -1 -5.77925e-13
f 321/556/147 320/557/147 336/558/147 339/559/147 

vn 1.04346e-12 1 2.18501e-14
f 311/491/148 310/492/148 319/493/148 318/494/148 329/495/148 

vn -0.308224 3.62684e-13 -0.951314
f 315/563/149 317/548/149 319/547/149 310/564/149 309/565/149 

g Mesh14 Group17 Group16 Group14 Group9 Group6 Model

usemtl Window_Frame_Black
v 48428.3 -4104.08 -46028.1
vn 0.951314 1.85866e-13 -0.308224
v 49052.3 -4104.08 -44102
vt -8.13932 1.77165
v 49052.3 -4149.08 -44102
vt -8.13932 0
v 48428.3 -4149.08 -46028.1
vt 75.764 0
f 348/581/150 349/698/150 350/699/150 351/700/150 

vt 26.4071 0
vn -7.02221e-14 1 3.86287e-13
v 48333.2 -4104.08 -45997.2
v 48957.2 -4104.08 -44071.2
vt 22.6618 -1.21348
f 349/701/151 348/594/151 352/591/151 353/702/151 

vn -0.308224 3.45723e-13 -0.951314
v 48333.2 -4149.08 -45997.2
f 348/575/152 351/576/152 354/577/152 352/578/152 

vn 7.02221e-14 -1 -3.86287e-13
vt -26.4071 0
v 48957.2 -4149.08 -44071.2
vt -22.6618 -1.21348
f 351/584/153 350/703/153 355/704/153 354/583/153 

vt 25.1215 0
vn 0.308224 -3.45723e-13 0.951314
vt 21.1844 0
f 350/705/154 349/588/154 353/589/154 355/706/154 

vt 8.13932 1.77165
vn -0.951314 -1.85866e-13 0.308224
vt -75.764 0
vt 8.13932 0
f 353/707/155 352/596/155 354/708/155 355/709/155 

g Mesh15 Group18 Group16 Group14 Group9 Group6 Model

v 48733.7 -5559.08 -45085.4
vn 0.951314 1.86273e-13 -0.308224
v 48733.7 -3649.08 -45085.4
vt 0.567135 1.77165
v 48746.9 -3649.08 -45044.7
vt 0.567135 -6.8491e-13
v 48746.9 -5559.08 -45044.7
vt 75.764 -2.30163e-13
f 356/581/156 357/710/156 358/711/156 359/712/156 

vt 23.7236 8.28257
vn -0.308224 4.26262e-13 -0.951314
v 48638.6 -5559.08 -45054.6
v 48638.6 -3649.08 -45054.6
vt 19.9782 7.06909
f 357/713/157 356/594/157 360/591/157 361/714/157 

vn 4.81148e-14 -1 -4.55508e-13
vt -25.1215 -2.27547e-13
v 48651.8 -5559.08 -45013.9
vt -21.1844 -2.27547e-13
f 356/575/158 359/715/158 362/716/158 360/578/158 

vn 0.308224 -4.26262e-13 0.951314
vt -23.7236 8.28257
v 48651.8 -3649.08 -45013.9
vt -19.9782 7.06909
f 359/584/159 358/717/159 363/718/159 362/583/159 

vt 25.1215 -6.82122e-13
vn -4.81148e-14 1 4.55508e-13
vt 21.1844 -4.54749e-13
f 358/719/160 357/588/160 361/589/160 363/720/160 

vt -0.567135 1.77165
vn -0.951314 -1.86273e-13 0.308224
vt -75.764 -2.29726e-13
vt -0.567135 -4.57099e-13
f 361/721/161 360/596/161 362/722/161 363/723/161 

g Mesh16 WindowFrame_2_1 Window_2_1 Group16 Group14 Group9 Group6 Model

v 48415.1 -5604.08 -46068.7
vt 87.4466 0
v 48428.3 -5559.08 -46028.1
v 49065.5 -5604.08 -44061.4
f 364/724/122 365/603/122 366/600/122

v 48415.1 -3604.08 -46068.7
f 365/603/122 364/724/122 367/605/122

vn -0.308224 3.12041e-13 -0.951314
v 48320 -5604.08 -46037.9
v 48320 -3604.08 -46037.9
f 367/599/162 364/600/162 368/601/162 369/602/162 

vt -87.4466 0
vn 7.55042e-14 -1 -3.56045e-13
v 48970.4 -5604.08 -44030.6
vt 0 3.93701
f 364/725/163 366/600/163 370/726/163 368/633/163 

vn 0.308224 -3.12041e-13 0.951314
v 49065.5 -3604.08 -44061.4
v 48970.4 -3604.08 -44030.6
vt -3.93701 0
f 366/600/164 371/599/164 372/629/164 370/727/164 

v 49052.3 -5559.08 -44102
vt 1.77165 1.77165
f 366/600/122 373/728/122 371/599/122

f 373/728/122 366/600/122 365/603/122

vt 1.77165 0
vn -7.55042e-14 1 3.56045e-13
vt 85.675 0
v 48333.2 -5559.08 -45997.2
v 48957.2 -5559.08 -44071.2
vt 1.77165 3.93701
f 373/729/165 365/730/165 374/609/165 375/731/165 

v 48428.3 -3649.08 -46028.1
v 48333.2 -3649.08 -45997.2
f 365/611/164 376/612/164 377/613/164 374/614/164 

f 365/603/122 367/605/122 376/615/122

v 49052.3 -3649.08 -44102
vt 1.77165 76.9685
f 376/615/122 367/605/122 378/732/122

f 371/599/122 378/732/122 367/605/122

f 371/599/122 373/728/122 378/732/122

v 48957.2 -3649.08 -44071.2
f 378/612/162 373/611/162 375/639/162 379/640/162 

vt -1.77165 1.77165
vt -1.77165 76.9685
f 375/733/124 372/599/124 379/734/124

f 375/733/124 370/600/124 372/599/124

f 370/600/124 375/733/124 368/725/124

f 374/624/124 368/725/124 375/733/124

f 368/725/124 374/624/124 369/621/124

f 369/621/124 374/624/124 377/622/124

f 369/621/124 377/622/124 372/599/124

f 379/734/124 372/599/124 377/622/124

vt -85.675 0
vt -1.77165 0
vt -1.77165 3.93701
f 376/735/163 378/736/163 379/737/163 377/644/163 

f 371/600/165 367/724/165 369/619/165 372/726/165 

g Mesh17 WindowGlass_2_1 Window_2_1 Group16 Group14 Group9 Group6 Model

usemtl Window_Glass
v 48404.5 -3649.08 -46020.4
v 49028.5 -3649.08 -44094.3
v 49028.5 -5559.08 -44094.3
v 48404.5 -5559.08 -46020.4
vt 83.9033 0
f 380/651/122 381/647/122 382/600/122 383/738/122 

v 48399.8 -3649.08 -46018.8
v 49023.8 -3649.08 -44092.8
vt 0 0.19685
f 381/600/165 380/738/165 384/654/165 385/739/165 

v 48399.8 -5559.08 -46018.8
f 380/647/162 383/600/162 386/648/162 384/649/162 

vt -83.9033 0
v 49023.8 -5559.08 -44092.8
f 383/740/163 382/600/163 387/739/163 386/664/163 

vt -0.19685 0
f 382/600/164 381/647/164 385/661/164 387/741/164 

f 385/647/124 384/658/124 386/740/124 387/600/124 

g Mesh18 Group20 Group19 Group9 Group6 Model

usemtl FrontColor
v 47710 -5604.08 -48569.6
v 47632.9 -5604.08 -48807.4
v 47537.8 -5604.08 -48776.6
v 47568.6 -5604.08 -48681.4
v 47614.8 -5604.08 -48538.7
f 388/491/83 389/492/83 390/493/83 391/494/83 392/495/83 

v 48020.9 -5604.08 -47609.8
v 48098 -5604.08 -47371.9
v 48098 -5754.08 -47371.9
v 47632.9 -5754.08 -48807.4
f 388/496/84 393/497/84 394/498/84 395/499/84 396/500/84 389/501/84 

v 47567.3 -5604.08 -48523.3
v 47878.2 -5604.08 -47563.5
v 47925.8 -5604.08 -47578.9
f 392/495/85 397/502/85 398/503/85 399/504/85 393/505/85 388/491/85 

v 47567.3 -3604.08 -48523.3
v 47614.8 -3604.08 -48538.7
f 400/506/86 397/507/86 392/508/86 401/509/86 

v 47521 -3604.08 -48666
f 400/510/87 402/511/87 397/512/87

v 47955.3 -3454.08 -47325.7
f 403/513/87 402/511/87 400/510/87

v 47490.2 -3454.08 -48761.2
f 404/514/87 402/511/87 403/513/87

v 47490.2 -3604.08 -48761.2
f 402/511/87 404/514/87 405/515/87

v 47632.9 -3454.08 -48807.4
v 47632.9 -3604.08 -48807.4
v 47537.8 -3604.08 -48776.6
f 405/516/88 404/517/88 406/518/88 407/519/88 408/520/88 

v 48098 -3454.08 -47371.9
f 409/521/89 406/492/89 404/522/89 403/523/89 

v 48098 -3604.08 -47371.9
v 48020.9 -3604.08 -47609.8
v 47710 -3604.08 -48569.6
f 406/524/90 409/525/90 410/526/90 411/527/90 412/528/90 407/529/90 

v 48002.9 -3604.08 -47341.1
v 47955.3 -3604.08 -47325.7
f 413/509/91 410/530/91 409/531/91 403/532/91 414/506/91 

v 47972 -3604.08 -47436.2
v 47925.8 -3604.08 -47578.9
f 413/533/92 415/534/92 416/535/92 411/536/92 410/537/92 

v 47924.5 -3604.08 -47420.8
f 413/533/93 414/538/93 417/539/93 415/534/93 

f 403/513/87 417/540/87 414/541/87

v 47878.2 -3604.08 -47563.5
f 403/513/87 418/542/87 417/540/87

f 403/513/87 400/510/87 418/542/87

f 411/536/94 416/535/94 418/543/94 400/544/94 401/545/94 412/546/94 

f 399/547/95 398/548/95 418/516/95 416/520/95 

v 47924.5 -5604.08 -47420.8
f 398/549/87 419/550/87 418/542/87

v 47955.3 -5754.08 -47325.7
f 398/549/87 420/551/87 419/550/87

f 397/512/87 420/551/87 398/549/87

v 47521 -5604.08 -48666
f 421/552/87 420/551/87 397/512/87

v 47490.2 -5754.08 -48761.2
f 421/552/87 422/553/87 420/551/87

v 47490.2 -5604.08 -48761.2
f 422/553/87 421/552/87 423/554/87

f 421/555/96 391/494/96 390/493/96 423/522/96 

v 47568.6 -3604.08 -48681.4
f 421/548/97 402/516/97 424/520/97 391/547/97 

f 421/552/87 397/512/87 402/511/87

f 424/556/98 402/557/98 405/558/98 408/559/98 

f 412/546/99 401/545/99 424/556/99 408/559/99 407/560/99 

f 391/561/100 424/562/100 401/528/100 392/496/100 

f 422/563/101 423/548/101 390/547/101 389/564/101 396/565/101 

f 396/560/102 395/537/102 420/538/102 422/558/102 

v 48002.9 -5604.08 -47341.1
v 47955.3 -5604.08 -47325.7
f 395/566/103 394/567/103 425/508/103 426/507/103 420/568/103 

v 47972 -5604.08 -47436.2
f 394/521/104 393/505/104 399/504/104 427/569/104 425/570/104 

f 416/527/105 415/571/105 427/572/105 399/497/105 

f 427/508/106 415/509/106 417/506/106 419/507/106 

f 417/540/87 418/542/87 419/550/87

f 427/569/107 419/573/107 426/523/107 425/570/107 

f 419/550/87 420/551/87 426/574/87

g Mesh19 Group22 Group21 Group19 Group9 Group6 Model

usemtl Window_Frame_Black
v 47628.7 -4104.08 -48495.9
v 47628.7 -4149.08 -48495.9
v 47533.6 -4149.08 -48465.1
v 47533.6 -4104.08 -48465.1
f 428/575/108 429/576/108 430/577/108 431/578/108 

v 47911.9 -4149.08 -47621.7
v 47911.9 -4104.08 -47621.7
f 432/579/109 429/580/109 428/581/109 433/582/109 

v 47816.8 -4149.08 -47590.9
f 430/583/110 429/584/110 432/585/110 434/586/110 

v 47816.8 -4104.08 -47590.9
f 432/587/111 433/588/111 435/589/111 434/590/111 

f 431/591/112 435/592/112 433/593/112 428/594/112 

f 435/595/113 431/596/113 430/597/113 434/598/113 

g Mesh20 WindowFrame_3_2 Window_3_2 Group21 Group19 Group9 Group6 Model

v 47614.8 -3604.08 -48538.7
v 47614.8 -5604.08 -48538.7
v 47519.7 -5604.08 -48507.9
v 47519.7 -3604.08 -48507.9
f 436/599/114 437/600/114 438/601/114 439/602/114 

v 47628.7 -5559.08 -48495.9
f 440/603/115 437/604/115 436/605/115

v 47911.9 -5559.08 -47621.7
f 437/604/115 440/603/115 441/606/115

v 47533.6 -5559.08 -48465.1
v 47816.8 -5559.08 -47590.9
f 441/607/116 440/608/116 442/609/116 443/610/116 

v 47628.7 -3649.08 -48495.9
v 47533.6 -3649.08 -48465.1
f 440/611/117 444/612/117 445/613/117 442/614/117 

f 440/603/115 436/605/115 444/615/115

v 47925.8 -3604.08 -47578.9
f 444/615/115 436/605/115 446/616/115

v 47830.7 -3604.08 -47548.1
f 446/617/118 436/618/118 439/619/118 447/620/118 

f 439/621/119 445/622/119 447/623/119

f 439/621/119 442/624/119 445/622/119

f 438/625/119 442/624/119 439/621/119

f 442/624/119 438/625/119 443/626/119

v 47830.7 -5604.08 -47548.1
f 448/627/119 443/626/119 438/625/119

f 443/626/119 448/627/119 447/623/119

v 47925.8 -5604.08 -47578.9
f 446/628/117 447/629/117 448/630/117 449/631/117 

f 448/632/120 438/633/120 437/634/120 449/635/120 

f 441/606/115 449/636/115 437/604/115

f 449/636/115 441/606/115 446/616/115

v 47911.9 -3649.08 -47621.7
f 446/616/115 441/606/115 450/637/115

v 47816.8 -3649.08 -47590.9
f 441/638/114 443/639/114 451/640/114 450/641/114 

f 443/626/119 447/623/119 451/642/119

f 451/642/119 447/623/119 445/622/119

f 451/643/121 445/644/121 444/645/121 450/646/121 

f 446/616/115 450/637/115 444/615/115

g Mesh21 WindowGlass_3_2 Window_3_2 Group21 Group19 Group9 Group6 Model

usemtl Window_Glass
v 47604.9 -3649.08 -48488.2
v 47604.9 -5559.08 -48488.2
v 47600.2 -5559.08 -48486.7
v 47600.2 -3649.08 -48486.7
f 452/647/114 453/600/114 454/648/114 455/649/114 

v 47888.2 -3649.08 -47614
v 47888.2 -5559.08 -47614
f 453/650/122 452/651/122 456/652/122 457/636/122 

v 47883.4 -3649.08 -47612.5
f 456/617/123 452/653/123 455/654/123 458/655/123 

v 47883.4 -5559.08 -47612.5
f 459/656/124 458/657/124 455/658/124 454/659/124 

f 456/660/117 458/661/117 459/662/117 457/631/117 

f 459/663/125 454/664/125 453/665/125 457/635/125 

g Mesh22 Group24 Group23 Group9 Group6 Model

usemtl FrontColor
v 50556.1 -5754.08 -39947.5
v 49759.3 -5754.08 -42406.7
v 49759.3 -5604.08 -42406.7
v 49832.5 -5604.08 -42180.8
v 50482.9 -5604.08 -40173.4
v 50556.1 -5604.08 -39947.5
f 460/666/126 461/500/126 462/501/126 463/496/126 464/667/126 465/668/126 

v 50413.4 -5754.08 -39901.2
v 49616.6 -5754.08 -42360.5
f 466/669/127 467/558/127 461/560/127 460/670/127 

v 49645.9 -5604.08 -42270.1
f 468/552/128 467/553/128 466/671/128

v 49616.6 -5604.08 -42360.5
f 467/553/128 468/552/128 469/554/128

v 49693.4 -5604.08 -42285.5
v 49664.2 -5604.08 -42375.9
f 468/555/129 470/494/129 471/493/129 469/522/129 

v 49645.9 -3604.08 -42270.1
v 49693.4 -3604.08 -42285.5
f 468/548/130 472/516/130 473/520/130 470/547/130 

v 49689.8 -5604.08 -42134.5
f 468/552/128 474/512/128 472/511/128

f 468/552/128 466/671/128 474/512/128

v 50340.2 -5604.08 -40127.2
f 474/512/128 466/671/128 475/672/128

v 50384.1 -5604.08 -39991.6
f 475/672/128 466/671/128 476/673/128

v 50413.4 -5604.08 -39901.2
f 476/673/128 466/671/128 477/674/128

v 50460.9 -5604.08 -39916.7
f 477/507/131 466/568/131 460/566/131 465/567/131 478/508/131 

v 50387.7 -5604.08 -40142.6
v 50431.7 -5604.08 -40007
f 464/675/132 479/676/132 480/677/132 478/678/132 465/679/132 

v 49737.4 -5604.08 -42149.9
f 474/502/133 475/680/133 479/676/133 464/675/133 463/491/133 481/495/133 

v 50340.2 -3604.08 -40127.2
v 50387.7 -3604.08 -40142.6
f 475/548/134 482/516/134 483/520/134 479/547/134 

f 475/672/128 476/673/128 482/681/128

v 50384.1 -3604.08 -39991.6
f 484/682/128 482/681/128 476/673/128

v 50413.4 -3454.08 -39901.2
f 485/683/128 482/681/128 484/682/128

v 49689.8 -3604.08 -42134.5
f 485/683/128 486/510/128 482/681/128

f 485/683/128 472/511/128 486/510/128

v 49616.6 -3454.08 -42360.5
f 487/514/128 472/511/128 485/683/128

v 49616.6 -3604.08 -42360.5
f 472/511/128 487/514/128 488/515/128

v 49759.3 -3454.08 -42406.7
v 49759.3 -3604.08 -42406.7
v 49664.2 -3604.08 -42375.9
f 488/516/135 487/517/135 489/518/135 490/519/135 491/520/135 

v 50556.1 -3454.08 -39947.5
f 487/522/136 485/684/136 492/679/136 489/492/136 

v 50413.4 -3604.08 -39901.2
v 50460.9 -3604.08 -39916.7
v 50556.1 -3604.08 -39947.5
f 485/532/137 493/506/137 494/509/137 495/530/137 492/531/137 

f 485/683/128 484/682/128 493/685/128

v 50431.7 -3604.08 -40007
f 484/686/138 496/687/138 494/688/138 493/669/138 

f 484/506/139 476/507/139 480/508/139 496/509/139 

f 480/677/140 476/689/140 477/684/140 478/678/140 

f 479/667/141 483/690/141 496/691/141 480/692/141 

v 50482.9 -3604.08 -40173.4
f 497/693/142 495/670/142 494/688/142 496/687/142 483/694/142 

v 49832.5 -3604.08 -42180.8
f 489/524/143 492/695/143 495/696/143 497/690/143 498/528/143 490/529/143 

v 49737.4 -3604.08 -42149.9
f 482/697/144 486/544/144 499/545/144 498/546/144 497/693/144 483/694/144 

f 486/506/145 474/507/145 481/508/145 499/509/145 

f 486/510/128 472/511/128 474/512/128

f 470/561/100 473/562/100 499/528/100 481/496/100 

f 498/546/146 499/545/146 473/556/146 491/559/146 490/560/146 

f 473/556/147 472/557/147 488/558/147 491/559/147 

f 463/491/148 462/492/148 471/493/148 470/494/148 481/495/148 

f 467/563/149 469/548/149 471/547/149 462/564/149 461/565/149 

g Mesh23 Group26 Group25 Group23 Group9 Group6 Model

usemtl Window_Frame_Black
v 49750.5 -4104.08 -42109.3
v 50374.6 -4104.08 -40183.3
v 50374.6 -4149.08 -40183.3
v 49750.5 -4149.08 -42109.3
f 500/581/150 501/698/150 502/699/150 503/700/150 

v 49655.4 -4104.08 -42078.5
v 50279.4 -4104.08 -40152.4
f 501/701/151 500/594/151 504/591/151 505/702/151 

v 49655.4 -4149.08 -42078.5
f 500/575/152 503/576/152 506/577/152 504/578/152 

v 50279.4 -4149.08 -40152.4
f 503/584/153 502/703/153 507/704/153 506/583/153 

f 502/705/154 501/588/154 505/589/154 507/706/154 

f 505/707/155 504/596/155 506/708/155 507/709/155 

g Mesh24 Group27 Group25 Group23 Group9 Group6 Model

v 50056 -5559.08 -41166.6
v 50056 -3649.08 -41166.6
v 50069.1 -3649.08 -41125.9
v 50069.1 -5559.08 -41125.9
f 508/581/156 509/710/156 510/711/156 511/712/156 

v 49960.8 -5559.08 -41135.8
v 49960.8 -3649.08 -41135.8
f 509/713/157 508/594/157 512/591/157 513/714/157 

vn 4.81498e-14 -1 -4.55508e-13
v 49974 -5559.08 -41095.1
f 508/575/166 511/715/166 514/716/166 512/578/166 

v 49974 -3649.08 -41095.1
f 511/584/159 510/717/159 515/718/159 514/583/159 

vn -4.81498e-14 1 4.55508e-13
f 510/719/167 509/588/167 513/589/167 515/720/167 

f 513/721/161 512/596/161 514/722/161 515/723/161 

g Mesh25 WindowFrame_2_2 Window_2_2 Group25 Group23 Group9 Group6 Model

v 49737.4 -5604.08 -42149.9
v 49750.5 -5559.08 -42109.3
v 50387.7 -5604.08 -40142.6
f 516/724/122 517/603/122 518/600/122

v 49737.4 -3604.08 -42149.9
f 517/603/122 516/724/122 519/605/122

v 49642.2 -5604.08 -42119.1
v 49642.2 -3604.08 -42119.1
f 519/599/162 516/600/162 520/601/162 521/602/162 

v 50292.6 -5604.08 -40111.8
f 516/725/163 518/600/163 522/726/163 520/633/163 

v 50387.7 -3604.08 -40142.6
v 50292.6 -3604.08 -40111.8
f 518/600/164 523/599/164 524/629/164 522/727/164 

v 50374.6 -5559.08 -40183.3
f 518/600/122 525/728/122 523/599/122

f 525/728/122 518/600/122 517/603/122

v 49655.4 -5559.08 -42078.5
v 50279.4 -5559.08 -40152.4
f 525/729/165 517/730/165 526/609/165 527/731/165 

v 49750.5 -3649.08 -42109.3
v 49655.4 -3649.08 -42078.5
f 517/611/164 528/612/164 529/613/164 526/614/164 

f 517/603/122 519/605/122 528/615/122

v 50374.6 -3649.08 -40183.3
f 528/615/122 519/605/122 530/732/122

f 523/599/122 530/732/122 519/605/122

f 523/599/122 525/728/122 530/732/122

v 50279.4 -3649.08 -40152.4
f 530/612/162 525/611/162 527/639/162 531/640/162 

f 527/733/124 524/599/124 531/734/124

f 527/733/124 522/600/124 524/599/124

f 522/600/124 527/733/124 520/725/124

f 526/624/124 520/725/124 527/733/124

f 520/725/124 526/624/124 521/621/124

f 521/621/124 526/624/124 529/622/124

f 521/621/124 529/622/124 524/599/124

f 531/734/124 524/599/124 529/622/124

f 528/735/163 530/736/163 531/737/163 529/644/163 

f 523/600/165 519/724/165 521/619/165 524/726/165 

g Mesh26 WindowGlass_2_2 Window_2_2 Group25 Group23 Group9 Group6 Model

usemtl Window_Glass
v 49726.8 -3649.08 -42101.6
v 50350.8 -3649.08 -40175.6
v 50350.8 -5559.08 -40175.6
v 49726.8 -5559.08 -42101.6
f 532/651/122 533/647/122 534/600/122 535/738/122 

v 49722 -3649.08 -42100
v 50346 -3649.08 -40174
f 533/600/165 532/738/165 536/654/165 537/739/165 

v 49722 -5559.08 -42100
f 532/647/162 535/600/162 538/648/162 536/649/162 

v 50346 -5559.08 -40174
f 535/740/163 534/600/163 539/739/163 538/664/163 

f 534/600/164 533/647/164 537/661/164 539/741/164 

f 537/647/124 536/658/124 538/740/124 539/600/124 

g Mesh27 Group29 Group28 Group9 Group6 Model

usemtl FrontColor
v 52036.4 -5604.08 -35216.2
v 51959.4 -5604.08 -35454
v 51864.3 -5604.08 -35423.2
v 51895.1 -5604.08 -35328.1
v 51941.3 -5604.08 -35185.4
f 540/491/83 541/492/83 542/493/83 543/494/83 544/495/83 

v 52347.4 -5604.08 -34256.4
v 52424.5 -5604.08 -34018.6
v 52424.5 -5754.08 -34018.6
v 51959.4 -5754.08 -35454
f 540/496/84 545/497/84 546/498/84 547/499/84 548/500/84 541/501/84 

v 51893.7 -5604.08 -35170
v 52204.7 -5604.08 -34210.2
v 52252.3 -5604.08 -34225.6
f 544/495/85 549/502/85 550/503/85 551/504/85 545/505/85 540/491/85 

v 51893.7 -3604.08 -35170
v 51941.3 -3604.08 -35185.4
f 552/506/86 549/507/86 544/508/86 553/509/86 

v 51847.5 -3604.08 -35312.7
f 552/510/87 554/511/87 549/512/87

v 52281.8 -3454.08 -33972.4
f 555/513/87 554/511/87 552/510/87

v 51816.7 -3454.08 -35407.8
f 556/514/87 554/511/87 555/513/87

v 51816.7 -3604.08 -35407.8
f 554/511/87 556/514/87 557/515/87

v 51959.4 -3454.08 -35454
v 51959.4 -3604.08 -35454
v 51864.3 -3604.08 -35423.2
f 557/516/88 556/517/88 558/518/88 559/519/88 560/520/88 

v 52424.5 -3454.08 -34018.6
f 561/521/89 558/492/89 556/522/89 555/523/89 

v 52424.5 -3604.08 -34018.6
v 52347.4 -3604.08 -34256.4
v 52036.4 -3604.08 -35216.2
f 558/524/90 561/525/90 562/526/90 563/527/90 564/528/90 559/529/90 

v 52329.3 -3604.08 -33987.8
v 52281.8 -3604.08 -33972.4
f 565/509/91 562/530/91 561/531/91 555/532/91 566/506/91 

v 52298.5 -3604.08 -34082.9
v 52252.3 -3604.08 -34225.6
f 565/533/92 567/534/92 568/535/92 563/536/92 562/537/92 

v 52251 -3604.08 -34067.5
f 565/533/93 566/538/93 569/539/93 567/534/93 

f 555/513/87 569/540/87 566/541/87

v 52204.7 -3604.08 -34210.2
f 555/513/87 570/542/87 569/540/87

f 555/513/87 552/510/87 570/542/87

f 563/536/94 568/535/94 570/543/94 552/544/94 553/545/94 564/546/94 

f 551/547/95 550/548/95 570/516/95 568/520/95 

v 52251 -5604.08 -34067.5
f 550/549/87 571/550/87 570/542/87

v 52281.8 -5754.08 -33972.4
f 550/549/87 572/551/87 571/550/87

f 549/512/87 572/551/87 550/549/87

v 51847.5 -5604.08 -35312.7
f 573/552/87 572/551/87 549/512/87

v 51816.7 -5754.08 -35407.8
f 573/552/87 574/553/87 572/551/87

v 51816.7 -5604.08 -35407.8
f 574/553/87 573/552/87 575/554/87

f 573/555/96 543/494/96 542/493/96 575/522/96 

v 51895.1 -3604.08 -35328.1
f 573/548/97 554/516/97 576/520/97 543/547/97 

f 573/552/87 549/512/87 554/511/87

f 576/556/98 554/557/98 557/558/98 560/559/98 

f 564/546/99 553/545/99 576/556/99 560/559/99 559/560/99 

f 543/561/100 576/562/100 553/528/100 544/496/100 

f 574/563/101 575/548/101 542/547/101 541/564/101 548/565/101 

f 548/560/102 547/537/102 572/538/102 574/558/102 

v 52329.3 -5604.08 -33987.8
v 52281.8 -5604.08 -33972.4
f 547/566/103 546/567/103 577/508/103 578/507/103 572/568/103 

v 52298.5 -5604.08 -34082.9
f 546/521/104 545/505/104 551/504/104 579/569/104 577/570/104 

f 568/527/105 567/571/105 579/572/105 551/497/105 

f 579/508/106 567/509/106 569/506/106 571/507/106 

f 569/540/87 570/542/87 571/550/87

f 579/569/107 571/573/107 578/523/107 577/570/107 

f 571/550/87 572/551/87 578/574/87

g Mesh28 Group31 Group30 Group28 Group9 Group6 Model

usemtl Window_Frame_Black
v 51955.2 -4104.08 -35142.6
v 51955.2 -4149.08 -35142.6
v 51860 -4149.08 -35111.8
v 51860 -4104.08 -35111.8
f 580/575/108 581/576/108 582/577/108 583/578/108 

v 52238.4 -4149.08 -34268.4
v 52238.4 -4104.08 -34268.4
f 584/579/109 581/580/109 580/581/109 585/582/109 

v 52143.3 -4149.08 -34237.6
f 582/583/110 581/584/110 584/585/110 586/586/110 

v 52143.3 -4104.08 -34237.6
f 584/587/111 585/588/111 587/589/111 586/590/111 

f 583/591/112 587/592/112 585/593/112 580/594/112 

f 587/595/113 583/596/113 582/597/113 586/598/113 

g Mesh29 WindowFrame_3_3 Window_3_3 Group30 Group28 Group9 Group6 Model

v 51941.3 -3604.08 -35185.4
v 51941.3 -5604.08 -35185.4
v 51846.2 -5604.08 -35154.6
v 51846.2 -3604.08 -35154.6
f 588/599/114 589/600/114 590/601/114 591/602/114 

v 51955.2 -5559.08 -35142.6
f 592/603/115 589/604/115 588/605/115

v 52238.4 -5559.08 -34268.4
f 589/604/115 592/603/115 593/606/115

v 51860 -5559.08 -35111.8
v 52143.3 -5559.08 -34237.6
f 593/607/116 592/608/116 594/609/116 595/610/116 

v 51955.2 -3649.08 -35142.6
v 51860 -3649.08 -35111.8
f 592/611/117 596/612/117 597/613/117 594/614/117 

f 592/603/115 588/605/115 596/615/115

v 52252.3 -3604.08 -34225.6
f 596/615/115 588/605/115 598/616/115

v 52157.2 -3604.08 -34194.8
f 598/617/118 588/618/118 591/619/118 599/620/118 

f 591/621/119 597/622/119 599/623/119

f 591/621/119 594/624/119 597/622/119

f 590/625/119 594/624/119 591/621/119

f 594/624/119 590/625/119 595/626/119

v 52157.2 -5604.08 -34194.8
f 600/627/119 595/626/119 590/625/119

f 595/626/119 600/627/119 599/623/119

v 52252.3 -5604.08 -34225.6
f 598/628/117 599/629/117 600/630/117 601/631/117 

f 600/632/120 590/633/120 589/634/120 601/635/120 

f 593/606/115 601/636/115 589/604/115

f 601/636/115 593/606/115 598/616/115

v 52238.4 -3649.08 -34268.4
f 598/616/115 593/606/115 602/637/115

v 52143.3 -3649.08 -34237.6
f 593/638/114 595/639/114 603/640/114 602/641/114 

f 595/626/119 599/623/119 603/642/119

f 603/642/119 599/623/119 597/622/119

f 603/643/121 597/644/121 596/645/121 602/646/121 

f 598/616/115 602/637/115 596/615/115

g Mesh30 WindowGlass_3_3 Window_3_3 Group30 Group28 Group9 Group6 Model

usemtl Window_Glass
v 51931.4 -3649.08 -35134.9
v 51931.4 -5559.08 -35134.9
v 51926.6 -5559.08 -35133.3
v 51926.6 -3649.08 -35133.3
f 604/647/114 605/600/114 606/648/114 607/649/114 

v 52214.6 -3649.08 -34260.7
v 52214.6 -5559.08 -34260.7
f 605/650/122 604/651/122 608/652/122 609/636/122 

v 52209.9 -3649.08 -34259.2
f 608/617/123 604/653/123 607/654/123 610/655/123 

v 52209.9 -5559.08 -34259.2
f 611/656/124 610/657/124 607/658/124 606/659/124 

f 608/660/117 610/661/117 611/662/117 609/631/117 

f 611/663/125 606/664/125 605/665/125 609/635/125 

g Mesh31 Group32 Group9 Group6 Model

usemtl FrontColor
v 50330.7 -5604.08 -39994.2
vt 3.57763e-11 534.96
vn -9.07914e-14 1 4.33518e-13
v 49646.1 -5604.08 -42107.2
vt 2.89551e-11 447.513
v 49417.8 -5604.08 -42033.3
vt 9.44882 447.513
v 50102.4 -5604.08 -39920.3
vt 9.44882 534.96
f 612/742/168 613/743/168 614/744/168 615/745/168 

v 51428.7 -6504.08 -36605.4
vt -675.205 1.38073e-10
vn 0.951314 -1.19826e-12 -0.308224
vt -447.513 35.4331
vt -534.96 35.4331
f 616/746/169 613/747/169 612/748/169

v 49056 -5604.08 -43928.4
vt -372.143 35.4331
f 616/746/169 617/749/169 613/747/169

v 48371.4 -5604.08 -46041.4
vt -284.697 35.4331
f 616/746/169 618/750/169 617/749/169

v 47878.2 -5604.08 -47563.5
vt -221.705 35.4331
f 616/746/169 619/751/169 618/750/169

v 47567.3 -5604.08 -48523.3
vt -181.983 35.4331
f 616/746/169 620/752/169 619/751/169

v 47270.7 -6504.08 -49438.7
vt -144.099 1.50351e-10
f 620/752/169 616/746/169 621/753/169

v 46142.5 -6504.08 -52920.7
vt 1.97546e-23 -6.68982e-23
vn 1.85061e-14 -1 -2.32546e-13
v 46959.7 -6504.08 -50398.5
vt -2.98314e-10 104.378
v 46731.4 -6504.08 -50324.6
vt -9.44882 104.378
v 47042.4 -6504.08 -49364.8
vt -9.44882 144.099
vt -5.95264e-10 144.099
vt -2.98314e-10 675.205
v 51200.3 -6504.08 -36531.5
vt -9.44882 675.205
v 51511.3 -6504.08 -35571.7
vt -9.44882 714.926
v 51739.6 -6504.08 -35645.6
vt -5.95264e-10 714.926
v 52559.2 -6504.08 -33116.2
vt -5.86624e-11 819.608
v 41118.3 -6504.08 -29409.3
vt -473.482 819.608
v 34701.6 -6504.08 -49213.8
vt -473.482 6.88942e-11
f 622/754/170 623/755/170 624/756/170 625/757/170 621/758/170 616/759/170 626/760/170 627/761/170 628/762/170 629/763/170 630/764/170 631/765/170 

vt 0 3.71585e-10
v 46497.4 -5604.08 -51825.5
vt -104.378 1.38016e-10
f 622/766/169 632/496/169 623/767/169

v 46142.5 -3104.08 -52920.7
vt -4.54747e-11 133.858
f 632/496/169 622/766/169 633/768/169

vn -0.308224 3.8118e-13 -0.951314
vt 473.482 2.82967e-10
v 34701.6 -3104.08 -49213.8
vt 473.482 133.858
vt 2.41016e-11 133.858
f 622/766/171 631/769/171 634/770/171 633/771/171 

vt -6.78282e-13 3.71218e-10
vn -0.951314 -2.22506e-13 0.308224
vt 819.608 8.78533e-11
v 41118.3 -3104.08 -29409.3
vt 819.608 133.858
vt 4.3887e-11 133.858
f 631/772/172 630/773/172 635/774/172 634/775/172 

vt -473.482 2.82936e-10
vn 0.308224 -3.8118e-13 0.951314
vt -8.3524e-13 3.71213e-10
v 52559.2 -3104.08 -33116.2
vt -2.49368e-11 133.858
vt -473.482 133.858
f 630/776/173 629/777/173 636/778/173 635/779/173 

v 52204.7 -3604.08 -34210.2
vt -774.332 114.173
vt -819.608 133.858
vt -819.608 8.78799e-11
f 637/780/169 636/781/169 629/782/169

v 51893.7 -3604.08 -35170
vt -734.611 114.173
f 638/783/169 636/781/169 637/780/169

v 51739.6 -3604.08 -35645.6
vt -714.926 114.173
f 639/784/169 636/781/169 638/783/169

v 51428.7 -3604.08 -36605.4
vt -675.205 114.173
f 640/785/169 636/781/169 639/784/169

v 51134.8 -3604.08 -37512.3
vt -637.673 114.173
f 641/786/169 636/781/169 640/785/169

v 50823.9 -3604.08 -38472.1
vt -597.952 114.173
f 642/787/169 636/781/169 641/786/169

v 50330.7 -3604.08 -39994.2
vt -534.96 114.173
f 643/788/169 636/781/169 642/787/169

v 49646.1 -3604.08 -42107.2
vt -447.513 114.173
f 644/789/169 636/781/169 643/788/169

v 49056 -3604.08 -43928.4
vt -372.143 114.173
f 645/790/169 636/781/169 644/789/169

v 48371.4 -3604.08 -46041.4
vt -284.697 114.173
f 646/791/169 636/781/169 645/790/169

v 47878.2 -3604.08 -47563.5
vt -221.705 114.173
f 647/792/169 636/781/169 646/791/169

v 47567.3 -3604.08 -48523.3
vt -181.983 114.173
f 648/793/169 636/781/169 647/792/169

v 47270.7 -3604.08 -49438.7
vt -144.099 114.173
f 649/794/169 636/781/169 648/793/169

v 46959.7 -3604.08 -50398.5
vt -104.378 114.173
f 650/795/169 636/781/169 649/794/169

v 46808.4 -3604.08 -50865.7
f 651/527/169 636/781/169 650/795/169

v 46497.4 -3604.08 -51825.5
f 652/528/169 636/781/169 651/527/169

f 652/528/169 633/768/169 636/781/169

f 633/768/169 652/528/169 632/496/169

vt -4.80646e-12 35.4331
vn 0.308224 -3.86442e-13 0.951314
vt -1.98131e-11 114.173
v 46269.1 -3604.08 -51751.5
vt -9.44882 114.173
v 46269.1 -5604.08 -51751.5
vt -9.44882 35.4331
f 632/796/174 652/797/174 653/798/174 654/799/174 

vt -1.56946e-12 45.3242
vn 9.60594e-14 -1 -4.35139e-13
vt -4.29794e-12 85.0454
v 46580 -3604.08 -50791.7
vt -9.44882 85.0454
vt -9.44882 45.3242
f 652/800/175 651/801/175 655/802/175 653/803/175 

vt 1.95803e-11 114.173
vn -0.308224 3.83618e-13 -0.951314
v 46808.4 -5604.08 -50865.7
vt 4.11893e-12 35.4331
v 46580 -5604.08 -50791.7
vt 9.44882 35.4331
vt 9.44882 114.173
f 651/804/176 656/805/176 657/806/176 655/807/176 

f 623/767/169 656/497/169 651/527/169

f 623/767/169 632/496/169 656/497/169

vt 3.74871e-12 85.0454
vn -9.60344e-14 1 4.35217e-13
vt 1.47497e-12 45.3242
vt 9.44882 45.3242
vt 9.44882 85.0454
f 656/808/177 632/809/177 654/810/177 657/811/177 

f 623/767/169 651/527/169 650/795/169

vt 9.17424e-11 1.02944e-10
vn 0.308224 3.00518e-13 0.951314
vt 1.62683e-10 114.173
v 46731.4 -3604.08 -50324.6
vt -9.44882 1.20736e-10
f 623/812/178 650/813/178 658/798/178 624/814/178 

vt -4.4398e-10 104.378
vn -1.6857e-12 -1 8.35178e-13
vt -4.4398e-10 144.099
v 47042.4 -3604.08 -49364.8
f 650/815/179 649/816/179 659/757/179 658/756/179 

vt -3.11663e-10 114.173
vn -0.308224 -2.99441e-13 -0.951314
vt 5.62275e-11 1.02088e-10
vt 9.44882 1.1988e-10
f 649/817/180 621/818/180 625/819/180 659/807/180 

f 649/794/169 648/793/169 621/753/169

f 621/753/169 648/793/169 620/752/169

vt -4.17766e-12 35.4331
vn 0.308224 -3.80948e-13 0.951314
vt -2.10033e-11 114.173
v 47339 -3604.08 -48449.3
v 47339 -5604.08 -48449.3
f 620/820/181 648/821/181 660/798/181 661/799/181 

vt -1.14186e-11 181.983
vn 9.70829e-14 -1 -4.36394e-13
vt -1.36923e-11 221.705
v 47649.9 -3604.08 -47489.6
vt -9.44882 221.705
vt -9.44882 181.983
f 648/822/182 647/823/182 662/824/182 660/825/182 

vt 2.06157e-11 114.173
vn -0.308224 3.86442e-13 -0.951314
vt 4.24475e-12 35.4331
v 47649.9 -5604.08 -47489.6
f 647/826/183 619/827/183 663/806/183 662/807/183 

f 618/750/169 619/751/169 647/792/169

f 647/792/169 646/791/169 618/750/169

vt -3.15083e-12 35.4331
vn 0.308224 -3.79168e-13 0.951314
vt -1.95217e-11 114.173
v 48143.1 -3604.08 -45967.5
v 48143.1 -5604.08 -45967.5
f 618/828/184 646/829/184 664/798/184 665/799/184 

vt -2.01601e-11 284.697
vn 9.65092e-14 -1 -4.35285e-13
vt -2.60718e-11 372.143
v 48827.7 -3604.08 -43854.4
vt -9.44882 372.143
vt -9.44882 284.697
f 646/830/185 645/831/185 666/832/185 664/833/185 

vt 1.85792e-11 114.173
vn -0.308224 3.75377e-13 -0.951314
vt 4.48206e-12 35.4331
v 48827.7 -5604.08 -43854.4
f 645/834/186 617/835/186 667/806/186 666/807/186 

f 613/747/169 617/749/169 645/790/169

f 645/790/169 644/789/169 613/747/169

vt -8.90266e-13 35.4331
vn 0.308224 -3.87256e-13 0.951314
vt -1.72612e-11 114.173
v 49417.8 -3604.08 -42033.3
f 613/836/187 644/837/187 668/798/187 614/799/187 

vt -3.08478e-11 447.513
vn 9.07163e-14 -1 -4.3375e-13
vt -3.72142e-11 534.96
v 50102.4 -3604.08 -39920.3
vt -9.44882 534.96
vt -9.44882 447.513
f 644/838/188 643/839/188 669/840/188 668/841/188 

vt 1.68705e-11 114.173
vt 9.54343e-13 35.4331
f 643/842/176 612/843/176 615/806/176 669/807/176 

v 50823.9 -5604.08 -38472.1
vt -597.952 35.4331
f 670/844/169 612/748/169 643/788/169

f 616/746/169 612/748/169 670/844/169

v 51134.8 -5604.08 -37512.3
vt -637.673 35.4331
f 616/746/169 670/844/169 671/845/169

vt 4.2338e-11 637.673
vn -9.76784e-14 1 4.36023e-13
vt 3.91548e-11 597.952
v 50595.5 -5604.08 -38398.1
vt 9.44882 597.952
v 50906.5 -5604.08 -37438.4
vt 9.44882 637.673
f 671/846/189 670/847/189 672/848/189 673/849/189 

vt 3.4617e-12 35.4331
vn 0.308224 -3.87333e-13 0.951314
vt -1.24545e-11 114.173
v 50595.5 -3604.08 -38398.1
f 670/850/190 642/851/190 674/798/190 672/799/190 

f 643/788/169 642/787/169 670/844/169

vt -4.00161e-11 597.952
vn 9.76233e-14 -1 -4.36193e-13
vt -4.31993e-11 637.673
v 50906.5 -3604.08 -37438.4
vt -9.44882 637.673
vt -9.44882 597.952
f 642/852/191 641/853/191 675/854/191 674/855/191 

vt 1.23567e-11 114.173
vn -0.308224 3.82728e-13 -0.951314
vt -3.55946e-12 35.4331
f 641/856/192 671/857/192 673/806/192 675/807/192 

f 616/746/169 671/845/169 641/786/169

f 616/746/169 641/786/169 640/785/169

vt 2.22452e-09 1.23425e-10
vn 0.308224 -1.37919e-14 0.951314
vt 2.29592e-09 114.173
v 51200.3 -3604.08 -36531.5
vt -9.44882 1.41217e-10
f 616/858/193 640/859/193 676/798/193 626/860/193 

vt -4.42077e-10 675.205
vn -1.76924e-12 -1 5.36188e-13
vt -4.42077e-10 714.926
v 51511.3 -3604.08 -35571.7
f 640/861/194 639/862/194 677/761/194 676/760/194 

vt -2.44429e-09 114.173
vn -0.308224 1.2667e-14 -0.951314
vt -2.07595e-09 1.21759e-10
vt 9.44882 1.39551e-10
f 639/863/195 628/864/195 627/865/195 677/807/195 

vt -714.926 1.38073e-10
f 639/784/169 638/783/169 628/866/169

v 51893.7 -5604.08 -35170
vt -734.611 35.4331
f 628/866/169 638/783/169 678/867/169

vt 3.03267e-12 35.4331
vn 0.308224 -3.82728e-13 0.951314
vt -1.24287e-11 114.173
v 51665.4 -3604.08 -35096
v 51665.4 -5604.08 -35096
f 678/868/196 638/869/196 679/798/196 680/799/196 

vt -5.02931e-11 734.611
vn 9.17228e-14 -1 -4.33734e-13
vt -5.71144e-11 774.332
v 51976.4 -3604.08 -34136.2
vt -9.44882 774.332
vt -9.44882 734.611
f 638/870/197 637/871/197 681/872/197 679/873/197 

vt 1.60616e-11 114.173
vn -0.308224 3.84509e-13 -0.951314
v 52204.7 -5604.08 -34210.2
vt 6.00157e-13 35.4331
v 51976.4 -5604.08 -34136.2
f 637/874/198 682/875/198 683/806/198 681/807/198 

vt -774.332 35.4331
f 629/782/169 682/876/169 637/780/169

f 629/782/169 678/867/169 682/876/169

f 678/867/169 629/782/169 628/866/169

vt 5.62062e-11 774.332
vn -9.16978e-14 1 4.33811e-13
vt 4.9385e-11 734.611
vt 9.44882 734.611
vt 9.44882 774.332
f 682/877/199 678/878/199 680/879/199 683/880/199 

vt 2.69241e-11 372.143
vn -9.64842e-14 1 4.35362e-13
vt 1.87386e-11 284.697
vt 9.44882 284.697
vt 9.44882 372.143
f 617/881/200 618/882/200 665/883/200 667/884/200 

vt 1.23407e-11 221.705
vn -9.73034e-14 1 4.35713e-13
vt 9.61223e-12 181.983
vt 9.44882 181.983
vt 9.44882 221.705
f 619/885/201 620/886/201 661/887/201 663/888/201 

vn -1.67271e-12 -1 8.31347e-13
f 623/755/202 621/758/202 625/757/202 624/756/202 

vt 5.78145e-11 819.608
vn -9.41844e-14 1 4.31203e-13
vt -8.47927e-13 -7.99246e-13
vt 473.482 6.71855e-11
vt 473.482 819.608
f 636/889/203 633/890/203 634/891/203 635/892/203 

g Mesh32 Group34 Group33 Group9 Group6 Model

v 51882.3 -3604.08 -35691.9
v 51739.6 -3604.08 -35645.6
v 51428.7 -3604.08 -36605.4
v 51571.4 -3604.08 -36651.7
f 684/536/94 685/543/94 686/544/94 687/546/94 

v 51864.3 -3604.08 -35423.2
vn 6.82177e-11 -1 -2.94778e-11
v 51833.4 -3604.08 -35518.3
v 51785.9 -3604.08 -35502.9
v 51959.4 -3604.08 -35454
f 688/533/204 689/534/204 690/539/204 685/543/204 684/536/204 691/537/204 

vn -7.83574e-13 -1 -1.17189e-13
v 51816.7 -3604.08 -35407.8
f 688/533/205 692/538/205 690/539/205 689/534/205 

v 51959.4 -3454.08 -35454
v 51816.7 -3454.08 -35407.8
f 688/509/91 691/530/91 693/531/91 694/532/91 692/506/91 

v 51354.6 -3454.08 -37320.7
vt -17.6349 120.079
v 51354.6 -3604.08 -37320.7
vt -17.6349 114.173
f 695/893/90 693/525/90 691/526/90 684/527/90 687/528/90 696/894/90 

vt -7.87402 17.6349
v 51211.9 -3454.08 -37274.5
vt -1.9685 17.6349
f 693/521/89 695/895/89 697/896/89 694/523/89 

v 51211.9 -3604.08 -37274.5
v 51259.4 -3604.08 -37289.9
f 698/516/88 697/517/88 695/518/88 696/519/88 699/520/88 

vn -0.951314 -1.29772e-12 0.308224
vt 17.6349 120.079
vt 17.6349 114.173
v 51382.4 -3604.08 -36748.1
f 686/510/206 685/542/206 690/540/206 692/541/206 694/513/206 697/897/206 698/898/206 700/511/206 

v 51430 -3604.08 -36763.5
vt 1.9685 17.6349
vt 3.93701 17.6349
f 701/556/98 700/557/98 698/899/98 699/900/98 

vt 7.87402 17.6349
f 687/546/99 686/544/99 700/557/99 701/556/99 699/900/99 696/901/99 

g Mesh33 Group36 Group35 Group9 Group6 Model

v 46640.1 -5604.08 -51871.7
v 46563 -5604.08 -52109.5
v 46467.9 -5604.08 -52078.7
v 46498.7 -5604.08 -51983.6
v 46545 -5604.08 -51840.9
f 702/491/83 703/492/83 704/493/83 705/494/83 706/495/83 

v 46951.1 -5604.08 -50911.9
v 47028.1 -5604.08 -50674.1
v 47028.1 -5754.08 -50674.1
v 46563 -5754.08 -52109.5
f 702/496/84 707/497/84 708/498/84 709/499/84 710/500/84 703/501/84 

v 46497.4 -5604.08 -51825.5
v 46808.4 -5604.08 -50865.7
v 46855.9 -5604.08 -50881.1
f 706/495/85 711/502/85 712/503/85 713/504/85 707/505/85 702/491/85 

v 46497.4 -3604.08 -51825.5
v 46545 -3604.08 -51840.9
f 714/506/86 711/507/86 706/508/86 715/509/86 

v 46451.2 -3604.08 -51968.2
f 714/510/87 716/511/87 711/512/87

v 47490.2 -3454.08 -48761.2
vt 172.141 120.079
f 717/902/87 716/511/87 714/510/87

v 46420.3 -3454.08 -52063.3
f 718/514/87 716/511/87 717/902/87

v 46420.3 -3604.08 -52063.3
f 716/511/87 718/514/87 719/515/87

v 46563 -3454.08 -52109.5
v 46563 -3604.08 -52109.5
v 46467.9 -3604.08 -52078.7
f 719/516/88 718/517/88 720/518/88 721/519/88 722/520/88 

v 47632.9 -3454.08 -48807.4
vt -7.87402 172.141
vt -1.9685 172.141
f 723/903/89 720/492/89 718/522/89 717/904/89 

vt -172.141 120.079
v 47632.9 -3604.08 -48807.4
vt -172.141 114.173
v 46951.1 -3604.08 -50911.9
v 46640.1 -3604.08 -51871.7
f 720/524/90 723/905/90 724/906/90 725/527/90 726/528/90 721/529/90 

v 47537.8 -3604.08 -48776.6
v 47490.2 -3604.08 -48761.2
f 727/509/91 724/530/91 723/531/91 717/532/91 728/506/91 

vt 3.93701 172.141
v 46902.2 -3604.08 -50738.4
v 46855.9 -3604.08 -50881.1
vt 7.87402 172.141
f 727/907/92 729/534/92 730/535/92 725/536/92 724/908/92 

vt 1.9685 172.141
v 46854.6 -3604.08 -50723
f 727/907/93 728/909/93 731/539/93 729/534/93 

vt 172.141 114.173
f 717/902/87 731/540/87 728/910/87

v 46808.4 -3604.08 -50865.7
f 717/902/87 732/542/87 731/540/87

f 717/902/87 714/510/87 732/542/87

f 725/536/94 730/535/94 732/543/94 714/544/94 715/545/94 726/546/94 

f 713/547/95 712/548/95 732/516/95 730/520/95 

v 46854.6 -5604.08 -50723
f 712/549/87 733/550/87 732/542/87

v 46885.4 -5754.08 -50627.8
f 712/549/87 734/551/87 733/550/87

f 711/512/87 734/551/87 712/549/87

v 46451.2 -5604.08 -51968.2
f 735/552/87 734/551/87 711/512/87

v 46420.3 -5754.08 -52063.3
f 735/552/87 736/553/87 734/551/87

v 46420.3 -5604.08 -52063.3
f 736/553/87 735/552/87 737/554/87

f 735/555/96 705/494/96 704/493/96 737/522/96 

v 46498.7 -3604.08 -51983.6
f 735/548/97 716/516/97 738/520/97 705/547/97 

f 735/552/87 711/512/87 716/511/87

f 738/556/98 716/557/98 719/558/98 722/559/98 

f 726/546/99 715/545/99 738/556/99 722/559/99 721/560/99 

f 705/561/100 738/562/100 715/528/100 706/496/100 

f 736/563/101 737/548/101 704/547/101 703/564/101 710/565/101 

f 710/560/102 709/537/102 734/538/102 736/558/102 

v 46933 -5604.08 -50643.3
v 46885.4 -5604.08 -50627.8
f 709/566/103 708/567/103 739/508/103 740/507/103 734/568/103 

v 46902.2 -5604.08 -50738.4
f 708/521/104 707/505/104 713/504/104 741/569/104 739/570/104 

f 730/527/105 729/571/105 741/572/105 713/497/105 

f 741/508/106 729/509/106 731/506/106 733/507/106 

f 731/540/87 732/542/87 733/550/87

f 741/569/107 733/573/107 740/523/107 739/570/107 

f 733/550/87 734/551/87 740/574/87

g Mesh34 Group38 Group37 Group35 Group9 Group6 Model

usemtl Window_Frame_Black
v 46558.8 -4104.08 -51798.1
v 46558.8 -4149.08 -51798.1
v 46463.7 -4149.08 -51767.2
v 46463.7 -4104.08 -51767.2
f 742/575/108 743/576/108 744/577/108 745/578/108 

v 46842.1 -4149.08 -50923.9
v 46842.1 -4104.08 -50923.9
f 746/579/109 743/580/109 742/581/109 747/582/109 

v 46746.9 -4149.08 -50893.1
f 744/583/110 743/584/110 746/585/110 748/586/110 

v 46746.9 -4104.08 -50893.1
f 746/587/111 747/588/111 749/589/111 748/590/111 

f 745/591/112 749/592/112 747/593/112 742/594/112 

f 749/595/113 745/596/113 744/597/113 748/598/113 

g Mesh35 WindowFrame_3_4 Window_3_4 Group37 Group35 Group9 Group6 Model

v 46545 -3604.08 -51840.9
v 46545 -5604.08 -51840.9
v 46449.8 -5604.08 -51810.1
v 46449.8 -3604.08 -51810.1
f 750/599/114 751/600/114 752/601/114 753/602/114 

v 46558.8 -5559.08 -51798.1
f 754/603/115 751/604/115 750/605/115

v 46842.1 -5559.08 -50923.9
f 751/604/115 754/603/115 755/606/115

v 46463.7 -5559.08 -51767.2
v 46746.9 -5559.08 -50893.1
f 755/607/116 754/608/116 756/609/116 757/610/116 

v 46558.8 -3649.08 -51798.1
v 46463.7 -3649.08 -51767.2
f 754/611/117 758/612/117 759/613/117 756/614/117 

f 754/603/115 750/605/115 758/615/115

v 46855.9 -3604.08 -50881.1
f 758/615/115 750/605/115 760/616/115

v 46760.8 -3604.08 -50850.3
f 760/617/118 750/618/118 753/619/118 761/620/118 

f 753/621/119 759/622/119 761/623/119

f 753/621/119 756/624/119 759/622/119

f 752/625/119 756/624/119 753/621/119

f 756/624/119 752/625/119 757/626/119

v 46760.8 -5604.08 -50850.3
f 762/627/119 757/626/119 752/625/119

f 757/626/119 762/627/119 761/623/119

v 46855.9 -5604.08 -50881.1
f 760/628/117 761/629/117 762/630/117 763/631/117 

f 762/632/120 752/633/120 751/634/120 763/635/120 

f 755/606/115 763/636/115 751/604/115

f 763/636/115 755/606/115 760/616/115

v 46842.1 -3649.08 -50923.9
f 760/616/115 755/606/115 764/637/115

v 46746.9 -3649.08 -50893.1
f 755/638/114 757/639/114 765/640/114 764/641/114 

f 757/626/119 761/623/119 765/642/119

f 765/642/119 761/623/119 759/622/119

f 765/643/121 759/644/121 758/645/121 764/646/121 

f 760/616/115 764/637/115 758/615/115

g Mesh36 WindowGlass_3_4 Window_3_4 Group37 Group35 Group9 Group6 Model

usemtl Window_Glass
v 46535 -3649.08 -51790.4
v 46535 -5559.08 -51790.4
v 46530.3 -5559.08 -51788.8
v 46530.3 -3649.08 -51788.8
f 766/647/114 767/600/114 768/648/114 769/649/114 

v 46818.3 -3649.08 -50916.2
v 46818.3 -5559.08 -50916.2
f 767/650/122 766/651/122 770/652/122 771/636/122 

v 46813.5 -3649.08 -50914.6
f 770/617/123 766/653/123 769/654/123 772/655/123 

v 46813.5 -5559.08 -50914.6
f 773/656/124 772/657/124 769/658/124 768/659/124 

f 770/660/117 772/661/117 773/662/117 771/631/117 

f 773/663/125 768/664/125 767/665/125 771/635/125 

g Mesh37 Group39 Group6 Model

usemtl Wood_Veneer_01
v 46845.6 -3604.08 -50361.5
v 47156.5 -3604.08 -49401.7
v 47156.5 -6504.08 -49401.7
v 46845.6 -6504.08 -50361.5
f 774/468/77 775/469/77 776/470/77 777/471/77 

v 46798 -3604.08 -50346.1
v 47109 -3604.08 -49386.3
f 775/472/78 774/473/78 778/474/78 779/475/78 

v 46798 -6504.08 -50346.1
f 774/476/79 777/477/79 780/478/79 778/479/79 

v 47109 -6504.08 -49386.3
f 777/473/80 776/480/80 781/481/80 780/482/80 

f 776/483/81 775/484/81 779/485/81 781/486/81 

f 779/487/82 778/488/82 780/489/82 781/490/82 

g Mesh38 Group41 Group40 ___8_1 Group6 Model

usemtl FrontColor
v 47359.8 -2354.08 -49650.3
vn 0.951314 -1.12248e-12 -0.308224
v 46563 -2354.08 -52109.5
v 46563 -2204.08 -52109.5
v 46636.2 -2204.08 -51883.6
v 47286.6 -2204.08 -49876.2
v 47359.8 -2204.08 -49650.3
f 782/666/207 783/500/207 784/501/207 785/496/207 786/667/207 787/668/207 

v 47217.1 -2354.08 -49604.1
vn -1.0888e-12 -1 2.8127e-13
v 46420.3 -2354.08 -52063.3
f 788/669/208 789/558/208 783/560/208 782/670/208 

v 46449.6 -2204.08 -51972.9
vn -0.951314 -6.84527e-13 0.308224
f 790/552/209 789/553/209 788/671/209

v 46420.3 -2204.08 -52063.3
f 789/553/209 790/552/209 791/554/209

vn 6.48411e-13 1 -1.22351e-13
v 46497.2 -2204.08 -51988.3
v 46467.9 -2204.08 -52078.7
f 790/555/210 792/494/210 793/493/210 791/522/210 

vn -0.308224 6.77497e-14 -0.951314
v 46449.6 -204.085 -51972.9
v 46497.2 -204.085 -51988.3
f 790/548/211 794/516/211 795/520/211 792/547/211 

v 46493.5 -2204.08 -51837.4
f 790/552/209 796/512/209 794/511/209

f 790/552/209 788/671/209 796/512/209

v 47143.9 -2204.08 -49830
f 796/512/209 788/671/209 797/672/209

v 47187.8 -2204.08 -49694.4
f 797/672/209 788/671/209 798/673/209

v 47217.1 -2204.08 -49604.1
f 798/673/209 788/671/209 799/674/209

vn 0.308224 -7.35899e-14 0.951314
v 47264.7 -2204.08 -49619.5
f 799/507/212 788/568/212 782/566/212 787/567/212 800/508/212 

vn 1.07404e-12 1 -3.26811e-13
v 47191.5 -2204.08 -49845.4
v 47235.4 -2204.08 -49709.9
f 786/675/213 801/676/213 802/677/213 800/678/213 787/679/213 

vn 1.08615e-12 1 -2.90765e-13
v 46541.1 -2204.08 -51852.8
f 796/502/214 797/680/214 801/676/214 786/675/214 785/491/214 803/495/214 

vn -0.308224 6.56172e-14 -0.951314
v 47143.9 -204.085 -49830
v 47191.5 -204.085 -49845.4
f 797/548/215 804/516/215 805/520/215 801/547/215 

f 797/672/209 798/673/209 804/681/209

v 47187.8 -204.085 -49694.4
f 806/682/209 804/681/209 798/673/209

v 47217.1 -54.0849 -49604.1
f 807/683/209 804/681/209 806/682/209

v 46493.5 -204.085 -51837.4
f 807/683/209 808/510/209 804/681/209

f 807/683/209 794/511/209 808/510/209

v 46420.3 -54.0849 -52063.3
f 809/514/209 794/511/209 807/683/209

v 46420.3 -204.085 -52063.3
f 794/511/209 809/514/209 810/515/209

vn -0.308224 5.43937e-13 -0.951314
v 46563 -54.0849 -52109.5
v 46563 -204.085 -52109.5
v 46467.9 -204.085 -52078.7
f 810/516/216 809/517/216 811/518/216 812/519/216 813/520/216 

vn -4.77439e-11 1 1.5538e-11
v 47359.8 -54.0849 -49650.3
f 809/522/217 807/684/217 814/679/217 811/492/217 

vn 0.308224 -7.4983e-14 0.951314
v 47217.1 -204.085 -49604.1
v 47264.7 -204.085 -49619.5
v 47359.8 -204.085 -49650.3
f 807/532/218 815/506/218 816/509/218 817/530/218 814/531/218 

f 807/683/209 806/682/209 815/685/209

vn 2.39708e-14 -1 -8.59949e-14
v 47235.4 -204.085 -49709.9
f 806/686/219 818/687/219 816/688/219 815/669/219 

vn 0.308224 -6.71036e-14 0.951314
f 806/506/220 798/507/220 802/508/220 818/509/220 

vn -2.60752e-14 1 8.53551e-14
f 802/677/221 798/689/221 799/684/221 800/678/221 

vn 0.951314 5.06834e-14 -0.308224
f 801/667/222 805/690/222 818/691/222 802/692/222 

v 47286.6 -204.085 -49876.2
vn 4.77439e-11 -1 -1.55382e-11
f 819/693/223 817/670/223 816/688/223 818/687/223 805/694/223 

vn 0.951314 5.02087e-11 -0.308224
v 46636.2 -204.085 -51883.6
f 811/524/224 814/695/224 817/696/224 819/690/224 820/528/224 812/529/224 

vn 4.77291e-11 -1 -1.55252e-11
v 46541.1 -204.085 -51852.8
f 804/697/225 808/544/225 821/545/225 820/546/225 819/693/225 805/694/225 

vn 0.308224 -6.94442e-14 0.951314
f 808/506/226 796/507/226 803/508/226 821/509/226 

f 808/510/209 794/511/209 796/512/209

vn 0.951314 -6.7165e-13 -0.308224
f 792/561/227 795/562/227 821/528/227 803/496/227 

vn 4.77594e-11 -1 -1.54904e-11
f 820/546/228 821/545/228 795/556/228 813/559/228 812/560/228 

vn -7.76074e-13 -1 -2.71672e-13
f 795/556/229 794/557/229 810/558/229 813/559/229 

vn 1.08778e-12 1 -2.84403e-13
f 785/491/230 784/492/230 793/493/230 792/494/230 803/495/230 

vn -0.308224 8.5002e-14 -0.951314
f 789/563/231 791/548/231 793/547/231 784/564/231 783/565/231 

g Mesh39 Group43 Group42 Group40 ___8_1 Group6 Model

usemtl Window_Frame_Black
v 46554.3 -704.085 -51812.1
vn 0.951314 4.93094e-14 -0.308224
v 47178.3 -704.085 -49886.1
v 47178.3 -749.085 -49886.1
v 46554.3 -749.085 -51812.1
f 822/581/232 823/698/232 824/699/232 825/700/232 

vn -2.5902e-14 1 8.00343e-14
v 46459.1 -704.085 -51781.3
v 47083.2 -704.085 -49855.3
f 823/701/233 822/594/233 826/591/233 827/702/233 

vn -0.308224 6.80405e-14 -0.951314
v 46459.1 -749.085 -51781.3
f 822/575/234 825/576/234 828/577/234 826/578/234 

vn 2.5902e-14 -1 -8.00343e-14
v 47083.2 -749.085 -49855.3
f 825/584/235 824/703/235 829/704/235 828/583/235 

vn 0.308224 -6.80405e-14 0.951314
f 824/705/236 823/588/236 827/589/236 829/706/236 

vn -0.951314 -4.93094e-14 0.308224
f 827/707/237 826/596/237 828/708/237 829/709/237 

g Mesh40 Group44 Group42 Group40 ___8_1 Group6 Model

v 46859.7 -2159.08 -50869.4
vn 0.951314 4.9689e-14 -0.308224
v 46859.7 -249.085 -50869.4
v 46872.9 -249.085 -50828.8
v 46872.9 -2159.08 -50828.8
f 830/581/238 831/710/238 832/711/238 833/712/238 

vn -0.308224 1.4858e-13 -0.951314
v 46764.6 -2159.08 -50838.6
v 46764.6 -249.085 -50838.6
f 831/713/239 830/594/239 834/591/239 835/714/239 

vn 3.8108e-15 -1 -1.49262e-13
v 46777.7 -2159.08 -50797.9
f 830/575/240 833/715/240 836/716/240 834/578/240 

vn 0.308224 -1.4858e-13 0.951314
v 46777.7 -249.085 -50797.9
f 833/584/241 832/717/241 837/718/241 836/583/241 

vn -3.8108e-15 1 1.49262e-13
f 832/719/242 831/588/242 835/589/242 837/720/242 

vn -0.951314 -4.9689e-14 0.308224
f 835/721/243 834/596/243 836/722/243 837/723/243 

g Mesh41 WindowFrame_2_3 Window_2_3 Group42 Group40 ___8_1 Group6 Model

v 46541.1 -2204.08 -51852.8
vn 0.951314 4.50131e-14 -0.308224
v 46554.3 -2159.08 -51812.1
v 47191.5 -2204.08 -49845.4
f 838/724/244 839/603/244 840/600/244

v 46541.1 -204.085 -51852.8
f 839/603/244 838/724/244 841/605/244

vn -0.308224 3.43587e-14 -0.951314
v 46446 -2204.08 -51821.9
v 46446 -204.085 -51821.9
f 841/599/245 838/600/245 842/601/245 843/602/245 

vn 3.11841e-14 -1 -4.97922e-14
v 47096.3 -2204.08 -49814.6
f 838/725/246 840/600/246 844/726/246 842/633/246 

vn 0.308224 -3.43587e-14 0.951314
v 47191.5 -204.085 -49845.4
v 47096.3 -204.085 -49814.6
f 840/600/247 845/599/247 846/629/247 844/727/247 

v 47178.3 -2159.08 -49886.1
f 840/600/244 847/728/244 845/599/244

f 847/728/244 840/600/244 839/603/244

vn -3.11841e-14 1 4.97922e-14
v 46459.1 -2159.08 -51781.3
v 47083.2 -2159.08 -49855.3
f 847/729/248 839/730/248 848/609/248 849/731/248 

v 46554.3 -249.085 -51812.1
v 46459.1 -249.085 -51781.3
f 839/611/247 850/612/247 851/613/247 848/614/247 

f 839/603/244 841/605/244 850/615/244

v 47178.3 -249.085 -49886.1
f 850/615/244 841/605/244 852/732/244

f 845/599/244 852/732/244 841/605/244

f 845/599/244 847/728/244 852/732/244

v 47083.2 -249.085 -49855.3
f 852/612/245 847/611/245 849/639/245 853/640/245 

vn -0.951314 -4.50131e-14 0.308224
f 849/733/249 846/599/249 853/734/249

f 849/733/249 844/600/249 846/599/249

f 844/600/249 849/733/249 842/725/249

f 848/624/249 842/725/249 849/733/249

f 842/725/249 848/624/249 843/621/249

f 843/621/249 848/624/249 851/622/249

f 843/621/249 851/622/249 846/599/249

f 853/734/249 846/599/249 851/622/249

f 850/735/246 852/736/246 853/737/246 851/644/246 

f 845/600/248 841/724/248 843/619/248 846/726/248 

g Mesh42 WindowGlass_2_3 Window_2_3 Group42 Group40 ___8_1 Group6 Model

usemtl Window_Glass
v 46530.5 -249.085 -51804.4
v 47154.5 -249.085 -49878.4
v 47154.5 -2159.08 -49878.4
v 46530.5 -2159.08 -51804.4
f 854/651/244 855/647/244 856/600/244 857/738/244 

v 46525.7 -249.085 -51802.9
v 47149.8 -249.085 -49876.8
f 855/600/248 854/738/248 858/654/248 859/739/248 

v 46525.7 -2159.08 -51802.9
f 854/647/245 857/600/245 860/648/245 858/649/245 

v 47149.8 -2159.08 -49876.8
f 857/740/246 856/600/246 861/739/246 860/664/246 

f 856/600/247 855/647/247 859/661/247 861/741/247 

f 859/647/249 858/658/249 860/740/249 861/600/249 

g Mesh43 Group46 Group45 ___8_1 Group6 Model

usemtl FrontColor
v 50556.1 -2354.08 -39947.5
v 49759.3 -2354.08 -42406.7
v 49759.3 -2204.08 -42406.7
v 49832.5 -2204.08 -42180.8
v 50482.9 -2204.08 -40173.4
v 50556.1 -2204.08 -39947.5
f 862/666/207 863/500/207 864/501/207 865/496/207 866/667/207 867/668/207 

v 50413.4 -2354.08 -39901.2
v 49616.6 -2354.08 -42360.5
f 868/669/208 869/558/208 863/560/208 862/670/208 

v 49645.9 -2204.08 -42270.1
f 870/552/209 869/553/209 868/671/209

v 49616.6 -2204.08 -42360.5
f 869/553/209 870/552/209 871/554/209

v 49693.4 -2204.08 -42285.5
v 49664.2 -2204.08 -42375.9
f 870/555/210 872/494/210 873/493/210 871/522/210 

v 49645.9 -204.085 -42270.1
v 49693.4 -204.085 -42285.5
f 870/548/211 874/516/211 875/520/211 872/547/211 

v 49689.8 -2204.08 -42134.5
f 870/552/209 876/512/209 874/511/209

f 870/552/209 868/671/209 876/512/209

v 50340.2 -2204.08 -40127.2
f 876/512/209 868/671/209 877/672/209

v 50384.1 -2204.08 -39991.6
f 877/672/209 868/671/209 878/673/209

v 50413.4 -2204.08 -39901.2
f 878/673/209 868/671/209 879/674/209

v 50460.9 -2204.08 -39916.7
f 879/507/212 868/568/212 862/566/212 867/567/212 880/508/212 

v 50387.7 -2204.08 -40142.6
v 50431.7 -2204.08 -40007
f 866/675/213 881/676/213 882/677/213 880/678/213 867/679/213 

v 49737.4 -2204.08 -42149.9
f 876/502/214 877/680/214 881/676/214 866/675/214 865/491/214 883/495/214 

v 50340.2 -204.085 -40127.2
v 50387.7 -204.085 -40142.6
f 877/548/215 884/516/215 885/520/215 881/547/215 

f 877/672/209 878/673/209 884/681/209

v 50384.1 -204.085 -39991.6
f 886/682/209 884/681/209 878/673/209

v 50413.4 -54.0849 -39901.2
f 887/683/209 884/681/209 886/682/209

v 49689.8 -204.085 -42134.5
f 887/683/209 888/510/209 884/681/209

f 887/683/209 874/511/209 888/510/209

v 49616.6 -54.0849 -42360.5
f 889/514/209 874/511/209 887/683/209

v 49616.6 -204.085 -42360.5
f 874/511/209 889/514/209 890/515/209

v 49759.3 -54.0849 -42406.7
v 49759.3 -204.085 -42406.7
v 49664.2 -204.085 -42375.9
f 890/516/216 889/517/216 891/518/216 892/519/216 893/520/216 

v 50556.1 -54.0849 -39947.5
f 889/522/217 887/684/217 894/679/217 891/492/217 

v 50413.4 -204.085 -39901.2
v 50460.9 -204.085 -39916.7
v 50556.1 -204.085 -39947.5
f 887/532/218 895/506/218 896/509/218 897/530/218 894/531/218 

f 887/683/209 886/682/209 895/685/209

v 50431.7 -204.085 -40007
f 886/686/219 898/687/219 896/688/219 895/669/219 

f 886/506/220 878/507/220 882/508/220 898/509/220 

f 882/677/221 878/689/221 879/684/221 880/678/221 

f 881/667/222 885/690/222 898/691/222 882/692/222 

v 50482.9 -204.085 -40173.4
f 899/693/223 897/670/223 896/688/223 898/687/223 885/694/223 

v 49832.5 -204.085 -42180.8
f 891/524/224 894/695/224 897/696/224 899/690/224 900/528/224 892/529/224 

v 49737.4 -204.085 -42149.9
f 884/697/225 888/544/225 901/545/225 900/546/225 899/693/225 885/694/225 

f 888/506/226 876/507/226 883/508/226 901/509/226 

f 888/510/209 874/511/209 876/512/209

f 872/561/227 875/562/227 901/528/227 883/496/227 

f 900/546/228 901/545/228 875/556/228 893/559/228 892/560/228 

f 875/556/229 874/557/229 890/558/229 893/559/229 

f 865/491/230 864/492/230 873/493/230 872/494/230 883/495/230 

f 869/563/231 871/548/231 873/547/231 864/564/231 863/565/231 

g Mesh44 Group48 Group47 Group45 ___8_1 Group6 Model

usemtl Window_Frame_Black
v 49750.5 -704.085 -42109.3
v 50374.6 -704.085 -40183.3
v 50374.6 -749.085 -40183.3
v 49750.5 -749.085 -42109.3
f 902/581/232 903/698/232 904/699/232 905/700/232 

v 49655.4 -704.085 -42078.5
v 50279.4 -704.085 -40152.4
f 903/701/233 902/594/233 906/591/233 907/702/233 

v 49655.4 -749.085 -42078.5
f 902/575/234 905/576/234 908/577/234 906/578/234 

v 50279.4 -749.085 -40152.4
f 905/584/235 904/703/235 909/704/235 908/583/235 

f 904/705/236 903/588/236 907/589/236 909/706/236 

f 907/707/237 906/596/237 908/708/237 909/709/237 

g Mesh45 Group49 Group47 Group45 ___8_1 Group6 Model

v 50056 -2159.08 -41166.6
v 50056 -249.085 -41166.6
v 50069.1 -249.085 -41125.9
v 50069.1 -2159.08 -41125.9
f 910/581/238 911/710/238 912/711/238 913/712/238 

v 49960.8 -2159.08 -41135.8
v 49960.8 -249.085 -41135.8
f 911/713/239 910/594/239 914/591/239 915/714/239 

vn 3.84577e-15 -1 -1.49262e-13
v 49974 -2159.08 -41095.1
f 910/575/250 913/715/250 916/716/250 914/578/250 

v 49974 -249.085 -41095.1
f 913/584/241 912/717/241 917/718/241 916/583/241 

vn -3.84577e-15 1 1.49262e-13
f 912/719/251 911/588/251 915/589/251 917/720/251 

f 915/721/243 914/596/243 916/722/243 917/723/243 

g Mesh46 WindowFrame_2_4 Window_2_4 Group47 Group45 ___8_1 Group6 Model

v 49737.4 -2204.08 -42149.9
v 49750.5 -2159.08 -42109.3
v 50387.7 -2204.08 -40142.6
f 918/724/244 919/603/244 920/600/244

v 49737.4 -204.085 -42149.9
f 919/603/244 918/724/244 921/605/244

v 49642.2 -2204.08 -42119.1
v 49642.2 -204.085 -42119.1
f 921/599/245 918/600/245 922/601/245 923/602/245 

v 50292.6 -2204.08 -40111.8
f 918/725/246 920/600/246 924/726/246 922/633/246 

v 50387.7 -204.085 -40142.6
v 50292.6 -204.085 -40111.8
f 920/600/247 925/599/247 926/629/247 924/727/247 

v 50374.6 -2159.08 -40183.3
f 920/600/244 927/728/244 925/599/244

f 927/728/244 920/600/244 919/603/244

v 49655.4 -2159.08 -42078.5
v 50279.4 -2159.08 -40152.4
f 927/729/248 919/730/248 928/609/248 929/731/248 

v 49750.5 -249.085 -42109.3
v 49655.4 -249.085 -42078.5
f 919/611/247 930/612/247 931/613/247 928/614/247 

f 919/603/244 921/605/244 930/615/244

v 50374.6 -249.085 -40183.3
f 930/615/244 921/605/244 932/732/244

f 925/599/244 932/732/244 921/605/244

f 925/599/244 927/728/244 932/732/244

v 50279.4 -249.085 -40152.4
f 932/612/245 927/611/245 929/639/245 933/640/245 

f 929/733/249 926/599/249 933/734/249

f 929/733/249 924/600/249 926/599/249

f 924/600/249 929/733/249 922/725/249

f 928/624/249 922/725/249 929/733/249

f 922/725/249 928/624/249 923/621/249

f 923/621/249 928/624/249 931/622/249

f 923/621/249 931/622/249 926/599/249

f 933/734/249 926/599/249 931/622/249

f 930/735/246 932/736/246 933/737/246 931/644/246 

f 925/600/248 921/724/248 923/619/248 926/726/248 

g Mesh47 WindowGlass_2_4 Window_2_4 Group47 Group45 ___8_1 Group6 Model

usemtl Window_Glass
v 49726.8 -249.085 -42101.6
v 50350.8 -249.085 -40175.6
v 50350.8 -2159.08 -40175.6
v 49726.8 -2159.08 -42101.6
f 934/651/244 935/647/244 936/600/244 937/738/244 

v 49722 -249.085 -42100
v 50346 -249.085 -40174
f 935/600/248 934/738/248 938/654/248 939/739/248 

v 49722 -2159.08 -42100
f 934/647/245 937/600/245 940/648/245 938/649/245 

v 50346 -2159.08 -40174
f 937/740/246 936/600/246 941/739/246 940/664/246 

f 936/600/247 935/647/247 939/661/247 941/741/247 

f 939/647/249 938/658/249 940/740/249 941/600/249 

g Mesh48 Group51 Group50 ___8_1 Group6 Model

usemtl FrontColor
v 49233.8 -2354.08 -43866.3
v 48437 -2354.08 -46325.5
v 48437 -2204.08 -46325.5
v 48510.3 -2204.08 -46099.5
v 49160.6 -2204.08 -44092.2
v 49233.8 -2204.08 -43866.3
f 942/666/207 943/500/207 944/501/207 945/496/207 946/667/207 947/668/207 

v 49091.1 -2354.08 -43820
v 48294.4 -2354.08 -46279.3
f 948/669/208 949/558/208 943/560/208 942/670/208 

v 48323.6 -2204.08 -46188.9
f 950/552/209 949/553/209 948/671/209

v 48294.4 -2204.08 -46279.3
f 949/553/209 950/552/209 951/554/209

v 48371.2 -2204.08 -46204.3
v 48341.9 -2204.08 -46294.7
f 950/555/210 952/494/210 953/493/210 951/522/210 

v 48323.6 -204.085 -46188.9
v 48371.2 -204.085 -46204.3
f 950/548/211 954/516/211 955/520/211 952/547/211 

v 48367.6 -2204.08 -46053.3
f 950/552/209 956/512/209 954/511/209

f 950/552/209 948/671/209 956/512/209

v 49017.9 -2204.08 -44046
f 956/512/209 948/671/209 957/672/209

v 49061.9 -2204.08 -43910.4
f 957/672/209 948/671/209 958/673/209

v 49091.1 -2204.08 -43820
f 958/673/209 948/671/209 959/674/209

v 49138.7 -2204.08 -43835.4
f 959/507/212 948/568/212 942/566/212 947/567/212 960/508/212 

v 49065.5 -2204.08 -44061.4
v 49109.4 -2204.08 -43925.8
f 946/675/213 961/676/213 962/677/213 960/678/213 947/679/213 

v 48415.1 -2204.08 -46068.7
f 956/502/214 957/680/214 961/676/214 946/675/214 945/491/214 963/495/214 

v 49017.9 -204.085 -44046
v 49065.5 -204.085 -44061.4
f 957/548/215 964/516/215 965/520/215 961/547/215 

f 957/672/209 958/673/209 964/681/209

v 49061.9 -204.085 -43910.4
f 966/682/209 964/681/209 958/673/209

v 49091.1 -54.0849 -43820
f 967/683/209 964/681/209 966/682/209

v 48367.6 -204.085 -46053.3
f 967/683/209 968/510/209 964/681/209

f 967/683/209 954/511/209 968/510/209

v 48294.4 -54.0849 -46279.3
f 969/514/209 954/511/209 967/683/209

v 48294.4 -204.085 -46279.3
f 954/511/209 969/514/209 970/515/209

v 48437 -54.0849 -46325.5
v 48437 -204.085 -46325.5
v 48341.9 -204.085 -46294.7
f 970/516/216 969/517/216 971/518/216 972/519/216 973/520/216 

v 49233.8 -54.0849 -43866.3
f 969/522/217 967/684/217 974/679/217 971/492/217 

v 49091.1 -204.085 -43820
v 49138.7 -204.085 -43835.4
v 49233.8 -204.085 -43866.3
f 967/532/218 975/506/218 976/509/218 977/530/218 974/531/218 

f 967/683/209 966/682/209 975/685/209

v 49109.4 -204.085 -43925.8
f 966/686/219 978/687/219 976/688/219 975/669/219 

f 966/506/220 958/507/220 962/508/220 978/509/220 

f 962/677/221 958/689/221 959/684/221 960/678/221 

f 961/667/222 965/690/222 978/691/222 962/692/222 

v 49160.6 -204.085 -44092.2
f 979/693/223 977/670/223 976/688/223 978/687/223 965/694/223 

v 48510.3 -204.085 -46099.5
f 971/524/224 974/695/224 977/696/224 979/690/224 980/528/224 972/529/224 

v 48415.1 -204.085 -46068.7
f 964/697/225 968/544/225 981/545/225 980/546/225 979/693/225 965/694/225 

f 968/506/226 956/507/226 963/508/226 981/509/226 

f 968/510/209 954/511/209 956/512/209

f 952/561/227 955/562/227 981/528/227 963/496/227 

f 980/546/228 981/545/228 955/556/228 973/559/228 972/560/228 

f 955/556/229 954/557/229 970/558/229 973/559/229 

f 945/491/230 944/492/230 953/493/230 952/494/230 963/495/230 

f 949/563/231 951/548/231 953/547/231 944/564/231 943/565/231 

g Mesh49 Group53 Group52 Group50 ___8_1 Group6 Model

usemtl Window_Frame_Black
v 48428.3 -704.085 -46028.1
v 49052.3 -704.085 -44102
v 49052.3 -749.085 -44102
v 48428.3 -749.085 -46028.1
f 982/581/232 983/698/232 984/699/232 985/700/232 

v 48333.2 -704.085 -45997.2
v 48957.2 -704.085 -44071.2
f 983/701/233 982/594/233 986/591/233 987/702/233 

v 48333.2 -749.085 -45997.2
f 982/575/234 985/576/234 988/577/234 986/578/234 

v 48957.2 -749.085 -44071.2
f 985/584/235 984/703/235 989/704/235 988/583/235 

f 984/705/236 983/588/236 987/589/236 989/706/236 

f 987/707/237 986/596/237 988/708/237 989/709/237 

g Mesh50 Group54 Group52 Group50 ___8_1 Group6 Model

v 48733.7 -2159.08 -45085.4
v 48733.7 -249.085 -45085.4
v 48746.9 -249.085 -45044.7
v 48746.9 -2159.08 -45044.7
f 990/581/238 991/710/238 992/711/238 993/712/238 

v 48638.6 -2159.08 -45054.6
v 48638.6 -249.085 -45054.6
f 991/713/239 990/594/239 994/591/239 995/714/239 

vn 3.8108e-15 -1 -1.49279e-13
v 48651.8 -2159.08 -45013.9
f 990/575/252 993/715/252 996/716/252 994/578/252 

v 48651.8 -249.085 -45013.9
f 993/584/241 992/717/241 997/718/241 996/583/241 

vn -3.8108e-15 1 1.49279e-13
f 992/719/253 991/588/253 995/589/253 997/720/253 

f 995/721/243 994/596/243 996/722/243 997/723/243 

g Mesh51 WindowFrame_2_5 Window_2_5 Group52 Group50 ___8_1 Group6 Model

v 48415.1 -2204.08 -46068.7
v 48428.3 -2159.08 -46028.1
v 49065.5 -2204.08 -44061.4
f 998/724/244 999/603/244 1000/600/244

v 48415.1 -204.085 -46068.7
f 999/603/244 998/724/244 1001/605/244

v 48320 -2204.08 -46037.9
v 48320 -204.085 -46037.9
f 1001/599/245 998/600/245 1002/601/245 1003/602/245 

v 48970.4 -2204.08 -44030.6
f 998/725/246 1000/600/246 1004/726/246 1002/633/246 

v 49065.5 -204.085 -44061.4
v 48970.4 -204.085 -44030.6
f 1000/600/247 1005/599/247 1006/629/247 1004/727/247 

v 49052.3 -2159.08 -44102
f 1000/600/244 1007/728/244 1005/599/244

f 1007/728/244 1000/600/244 999/603/244

v 48333.2 -2159.08 -45997.2
v 48957.2 -2159.08 -44071.2
f 1007/729/248 999/730/248 1008/609/248 1009/731/248 

v 48428.3 -249.085 -46028.1
v 48333.2 -249.085 -45997.2
f 999/611/247 1010/612/247 1011/613/247 1008/614/247 

f 999/603/244 1001/605/244 1010/615/244

v 49052.3 -249.085 -44102
f 1010/615/244 1001/605/244 1012/732/244

f 1005/599/244 1012/732/244 1001/605/244

f 1005/599/244 1007/728/244 1012/732/244

v 48957.2 -249.085 -44071.2
f 1012/612/245 1007/611/245 1009/639/245 1013/640/245 

f 1009/733/249 1006/599/249 1013/734/249

f 1009/733/249 1004/600/249 1006/599/249

f 1004/600/249 1009/733/249 1002/725/249

f 1008/624/249 1002/725/249 1009/733/249

f 1002/725/249 1008/624/249 1003/621/249

f 1003/621/249 1008/624/249 1011/622/249

f 1003/621/249 1011/622/249 1006/599/249

f 1013/734/249 1006/599/249 1011/622/249

f 1010/735/246 1012/736/246 1013/737/246 1011/644/246 

f 1005/600/248 1001/724/248 1003/619/248 1006/726/248 

g Mesh52 WindowGlass_2_5 Window_2_5 Group52 Group50 ___8_1 Group6 Model

usemtl Window_Glass
v 48404.5 -249.085 -46020.4
v 49028.5 -249.085 -44094.3
v 49028.5 -2159.08 -44094.3
v 48404.5 -2159.08 -46020.4
f 1014/651/244 1015/647/244 1016/600/244 1017/738/244 

v 48399.8 -249.085 -46018.8
v 49023.8 -249.085 -44092.8
f 1015/600/248 1014/738/248 1018/654/248 1019/739/248 

v 48399.8 -2159.08 -46018.8
f 1014/647/245 1017/600/245 1020/648/245 1018/649/245 

v 49023.8 -2159.08 -44092.8
f 1017/740/246 1016/600/246 1021/739/246 1020/664/246 

f 1016/600/247 1015/647/247 1019/661/247 1021/741/247 

f 1019/647/249 1018/658/249 1020/740/249 1021/600/249 

g Mesh53 Group56 Group55 ___8_1 Group6 Model

usemtl FrontColor
v 47710 -2204.08 -48569.6
vn 1.08771e-12 1 -2.84627e-13
v 47632.9 -2204.08 -48807.4
v 47537.8 -2204.08 -48776.6
v 47568.6 -2204.08 -48681.4
v 47614.8 -2204.08 -48538.7
f 1022/491/254 1023/492/254 1024/493/254 1025/494/254 1026/495/254 

vn 0.951314 -9.47438e-13 -0.308224
v 48020.9 -2204.08 -47609.8
v 48098 -2204.08 -47371.9
v 48098 -2354.08 -47371.9
v 47632.9 -2354.08 -48807.4
f 1022/496/255 1027/497/255 1028/498/255 1029/499/255 1030/500/255 1023/501/255 

vn 1.75312e-12 1 -4.46648e-13
v 47567.3 -2204.08 -48523.3
v 47878.2 -2204.08 -47563.5
v 47925.8 -2204.08 -47578.9
f 1026/495/256 1031/502/256 1032/503/256 1033/504/256 1027/505/256 1022/491/256 

v 47567.3 -204.085 -48523.3
vn 0.308224 -6.94323e-14 0.951314
v 47614.8 -204.085 -48538.7
f 1034/506/257 1031/507/257 1026/508/257 1035/509/257 

vn -0.951314 -3.53287e-13 0.308224
v 47521 -204.085 -48666
f 1034/510/258 1036/511/258 1031/512/258

v 47955.3 -54.0849 -47325.7
f 1037/513/258 1036/511/258 1034/510/258

v 47490.2 -54.0849 -48761.2
f 1038/514/258 1036/511/258 1037/513/258

v 47490.2 -204.085 -48761.2
f 1036/511/258 1038/514/258 1039/515/258

vn -0.308224 5.202e-13 -0.951314
v 47632.9 -54.0849 -48807.4
v 47632.9 -204.085 -48807.4
v 47537.8 -204.085 -48776.6
f 1039/516/259 1038/517/259 1040/518/259 1041/519/259 1042/520/259 

v 48098 -54.0849 -47371.9
vn -6.33906e-11 1 2.06891e-11
f 1043/521/260 1040/492/260 1038/522/260 1037/523/260 

vn 0.951314 5.02024e-11 -0.308224
v 48098 -204.085 -47371.9
v 48020.9 -204.085 -47609.8
v 47710 -204.085 -48569.6
f 1040/524/261 1043/525/261 1044/526/261 1045/527/261 1046/528/261 1041/529/261 

v 48002.9 -204.085 -47341.1
vn 0.308224 -2.23737e-13 0.951314
v 47955.3 -204.085 -47325.7
f 1047/509/262 1044/530/262 1043/531/262 1037/532/262 1048/506/262 

vn 9.54243e-11 -1 -3.099e-11
v 47972 -204.085 -47436.2
v 47925.8 -204.085 -47578.9
f 1047/533/263 1049/534/263 1050/535/263 1045/536/263 1044/537/263 

vn -8.15925e-13 -1 1.88623e-13
v 47924.5 -204.085 -47420.8
f 1047/533/264 1048/538/264 1051/539/264 1049/534/264 

f 1037/513/258 1051/540/258 1048/541/258

v 47878.2 -204.085 -47563.5
f 1037/513/258 1052/542/258 1051/540/258

f 1037/513/258 1034/510/258 1052/542/258

vn 6.7964e-11 -1 -2.21412e-11
f 1045/536/265 1050/535/265 1052/543/265 1034/544/265 1035/545/265 1046/546/265 

vn -0.308224 6.62731e-14 -0.951314
f 1033/547/266 1032/548/266 1052/516/266 1050/520/266 

v 47924.5 -2204.08 -47420.8
f 1032/549/258 1053/550/258 1052/542/258

v 47955.3 -2354.08 -47325.7
f 1032/549/258 1054/551/258 1053/550/258

f 1031/512/258 1054/551/258 1032/549/258

v 47521 -2204.08 -48666
f 1055/552/258 1054/551/258 1031/512/258

v 47490.2 -2354.08 -48761.2
f 1055/552/258 1056/553/258 1054/551/258

v 47490.2 -2204.08 -48761.2
f 1056/553/258 1055/552/258 1057/554/258

vn 6.48643e-13 1 -1.21637e-13
f 1055/555/267 1025/494/267 1024/493/267 1057/522/267 

vn -0.308224 6.78225e-14 -0.951314
v 47568.6 -204.085 -48681.4
f 1055/548/268 1036/516/268 1058/520/268 1025/547/268 

f 1055/552/258 1031/512/258 1036/511/258

vn -7.83025e-13 -1 -2.93124e-13
f 1058/556/269 1036/557/269 1039/558/269 1042/559/269 

vn 4.77603e-11 -1 -1.54877e-11
f 1046/546/270 1035/545/270 1058/556/270 1042/559/270 1041/560/270 

f 1025/561/227 1058/562/227 1035/528/227 1026/496/227 

vn -0.308224 8.42122e-14 -0.951314
f 1056/563/271 1057/548/271 1024/547/271 1023/564/271 1030/565/271 

vn -1.73217e-12 -1 4.38695e-13
f 1030/560/272 1029/537/272 1054/538/272 1056/558/272 

vn 0.308224 3.1389e-13 0.951314
v 48002.9 -2204.08 -47341.1
v 47955.3 -2204.08 -47325.7
f 1029/566/273 1028/567/273 1059/508/273 1060/507/273 1054/568/273 

vn 2.20408e-12 1 -6.7477e-13
v 47972 -2204.08 -47436.2
f 1028/521/274 1027/505/274 1033/504/274 1061/569/274 1059/570/274 

vn 0.951314 4.78369e-14 -0.308224
f 1050/527/275 1049/571/275 1061/572/275 1033/497/275 

vn 0.308224 -6.77169e-14 0.951314
f 1061/508/276 1049/509/276 1051/506/276 1053/507/276 

f 1051/540/258 1052/542/258 1053/550/258

vn 7.40937e-13 1 -1.6243e-13
f 1061/569/277 1053/573/277 1060/523/277 1059/570/277 

f 1053/550/258 1054/551/258 1060/574/258

g Mesh54 Group58 Group57 Group55 ___8_1 Group6 Model

usemtl Window_Frame_Black
v 47628.7 -704.085 -48495.9
vn -0.308224 6.80988e-14 -0.951314
v 47628.7 -749.085 -48495.9
v 47533.6 -749.085 -48465.1
v 47533.6 -704.085 -48465.1
f 1062/575/278 1063/576/278 1064/577/278 1065/578/278 

v 47911.9 -749.085 -47621.7
vn 0.951314 4.91248e-14 -0.308224
v 47911.9 -704.085 -47621.7
f 1066/579/279 1063/580/279 1062/581/279 1067/582/279 

vn 2.06781e-15 -1 -1.53597e-13
v 47816.8 -749.085 -47590.9
f 1064/583/280 1063/584/280 1066/585/280 1068/586/280 

vn 0.308224 -6.80988e-14 0.951314
v 47816.8 -704.085 -47590.9
f 1066/587/281 1067/588/281 1069/589/281 1068/590/281 

vn -2.06781e-15 1 1.53597e-13
f 1065/591/282 1069/592/282 1067/593/282 1062/594/282 

vn -0.951314 -4.91248e-14 0.308224
f 1069/595/283 1065/596/283 1064/597/283 1068/598/283 

g Mesh55 WindowFrame_3_5 Window_3_5 Group57 Group55 ___8_1 Group6 Model

v 47614.8 -204.085 -48538.7
vn -0.308224 3.61011e-14 -0.951314
v 47614.8 -2204.08 -48538.7
v 47519.7 -2204.08 -48507.9
v 47519.7 -204.085 -48507.9
f 1070/599/284 1071/600/284 1072/601/284 1073/602/284 

v 47628.7 -2159.08 -48495.9
vn 0.951314 -1.90843e-14 -0.308224
f 1074/603/285 1071/604/285 1070/605/285

v 47911.9 -2159.08 -47621.7
f 1071/604/285 1074/603/285 1075/606/285

vn -2.08584e-14 1 8.1662e-14
v 47533.6 -2159.08 -48465.1
v 47816.8 -2159.08 -47590.9
f 1075/607/286 1074/608/286 1076/609/286 1077/610/286 

vn 0.308224 -3.61011e-14 0.951314
v 47628.7 -249.085 -48495.9
v 47533.6 -249.085 -48465.1
f 1074/611/287 1078/612/287 1079/613/287 1076/614/287 

f 1074/603/285 1070/605/285 1078/615/285

v 47925.8 -204.085 -47578.9
f 1078/615/285 1070/605/285 1080/616/285

vn -2.17698e-14 1 7.88488e-14
v 47830.7 -204.085 -47548.1
f 1080/617/288 1070/618/288 1073/619/288 1081/620/288 

vn -0.951314 -1.0911e-13 0.308224
f 1073/621/289 1079/622/289 1081/623/289

f 1073/621/289 1076/624/289 1079/622/289

f 1072/625/289 1076/624/289 1073/621/289

f 1076/624/289 1072/625/289 1077/626/289

v 47830.7 -2204.08 -47548.1
f 1082/627/289 1077/626/289 1072/625/289

f 1077/626/289 1082/627/289 1081/623/289

v 47925.8 -2204.08 -47578.9
f 1080/628/287 1081/629/287 1082/630/287 1083/631/287 

vn 2.1825e-14 -1 -7.86786e-14
f 1082/632/290 1072/633/290 1071/634/290 1083/635/290 

f 1075/606/285 1083/636/285 1071/604/285

f 1083/636/285 1075/606/285 1080/616/285

v 47911.9 -249.085 -47621.7
f 1080/616/285 1075/606/285 1084/637/285

v 47816.8 -249.085 -47590.9
f 1075/638/284 1077/639/284 1085/640/284 1084/641/284 

f 1077/626/289 1081/623/289 1085/642/289

f 1085/642/289 1081/623/289 1079/622/289

vn 2.07978e-14 -1 -8.18489e-14
f 1085/643/291 1079/644/291 1078/645/291 1084/646/291 

f 1080/616/285 1084/637/285 1078/615/285

g Mesh56 WindowGlass_3_5 Window_3_5 Group57 Group55 ___8_1 Group6 Model

usemtl Window_Glass
v 47604.9 -249.085 -48488.2
v 47604.9 -2159.08 -48488.2
v 47600.2 -2159.08 -48486.7
v 47600.2 -249.085 -48486.7
f 1086/647/284 1087/600/284 1088/648/284 1089/649/284 

v 47888.2 -249.085 -47614
v 47888.2 -2159.08 -47614
f 1087/650/244 1086/651/244 1090/652/244 1091/636/244 

vn -2.07978e-14 1 8.18489e-14
v 47883.4 -249.085 -47612.5
f 1090/617/292 1086/653/292 1089/654/292 1092/655/292 

v 47883.4 -2159.08 -47612.5
f 1093/656/249 1092/657/249 1089/658/249 1088/659/249 

f 1090/660/287 1092/661/287 1093/662/287 1091/631/287 

vn 2.08584e-14 -1 -8.1662e-14
f 1093/663/293 1088/664/293 1087/665/293 1091/635/293 

g Mesh57 Group60 Group59 ___8_1 Group6 Model

usemtl FrontColor
v 52472 -2354.08 -34034
v 51675.2 -2354.08 -36493.2
v 51675.2 -2204.08 -36493.2
v 51748.5 -2204.08 -36267.3
v 52398.8 -2204.08 -34259.9
v 52472 -2204.08 -34034
f 1094/666/207 1095/500/207 1096/501/207 1097/496/207 1098/667/207 1099/668/207 

v 52329.3 -2354.08 -33987.8
v 51532.6 -2354.08 -36447
f 1100/669/208 1101/558/208 1095/560/208 1094/670/208 

v 51561.8 -2204.08 -36356.6
f 1102/552/209 1101/553/209 1100/671/209

v 51532.6 -2204.08 -36447
f 1101/553/209 1102/552/209 1103/554/209

v 51609.4 -2204.08 -36372
v 51580.1 -2204.08 -36462.4
f 1102/555/210 1104/494/210 1105/493/210 1103/522/210 

v 51561.8 -204.085 -36356.6
v 51609.4 -204.085 -36372
f 1102/548/211 1106/516/211 1107/520/211 1104/547/211 

v 51605.8 -2204.08 -36221.1
f 1102/552/209 1108/512/209 1106/511/209

f 1102/552/209 1100/671/209 1108/512/209

v 52256.1 -2204.08 -34213.7
f 1108/512/209 1100/671/209 1109/672/209

v 52300.1 -2204.08 -34078.1
f 1109/672/209 1100/671/209 1110/673/209

v 52329.3 -2204.08 -33987.8
f 1110/673/209 1100/671/209 1111/674/209

v 52376.9 -2204.08 -34003.2
f 1111/507/212 1100/568/212 1094/566/212 1099/567/212 1112/508/212 

v 52303.7 -2204.08 -34229.1
v 52347.6 -2204.08 -34093.5
f 1098/675/213 1113/676/213 1114/677/213 1112/678/213 1099/679/213 

v 51653.3 -2204.08 -36236.5
f 1108/502/214 1109/680/214 1113/676/214 1098/675/214 1097/491/214 1115/495/214 

v 52256.1 -204.085 -34213.7
v 52303.7 -204.085 -34229.1
f 1109/548/215 1116/516/215 1117/520/215 1113/547/215 

f 1109/672/209 1110/673/209 1116/681/209

v 52300.1 -204.085 -34078.1
f 1118/682/209 1116/681/209 1110/673/209

v 52329.3 -54.0849 -33987.8
f 1119/683/209 1116/681/209 1118/682/209

v 51605.8 -204.085 -36221.1
f 1119/683/209 1120/510/209 1116/681/209

f 1119/683/209 1106/511/209 1120/510/209

v 51532.6 -54.0849 -36447
f 1121/514/209 1106/511/209 1119/683/209

v 51532.6 -204.085 -36447
f 1106/511/209 1121/514/209 1122/515/209

v 51675.2 -54.0849 -36493.2
v 51675.2 -204.085 -36493.2
v 51580.1 -204.085 -36462.4
f 1122/516/216 1121/517/216 1123/518/216 1124/519/216 1125/520/216 

v 52472 -54.0849 -34034
f 1121/522/217 1119/684/217 1126/679/217 1123/492/217 

v 52329.3 -204.085 -33987.8
v 52376.9 -204.085 -34003.2
v 52472 -204.085 -34034
f 1119/532/218 1127/506/218 1128/509/218 1129/530/218 1126/531/218 

f 1119/683/209 1118/682/209 1127/685/209

v 52347.6 -204.085 -34093.5
f 1118/686/219 1130/687/219 1128/688/219 1127/669/219 

f 1118/506/220 1110/507/220 1114/508/220 1130/509/220 

f 1114/677/221 1110/689/221 1111/684/221 1112/678/221 

f 1113/667/222 1117/690/222 1130/691/222 1114/692/222 

v 52398.8 -204.085 -34259.9
f 1131/693/223 1129/670/223 1128/688/223 1130/687/223 1117/694/223 

v 51748.5 -204.085 -36267.3
f 1123/524/224 1126/695/224 1129/696/224 1131/690/224 1132/528/224 1124/529/224 

v 51653.3 -204.085 -36236.5
f 1116/697/225 1120/544/225 1133/545/225 1132/546/225 1131/693/225 1117/694/225 

f 1120/506/226 1108/507/226 1115/508/226 1133/509/226 

f 1120/510/209 1106/511/209 1108/512/209

f 1104/561/227 1107/562/227 1133/528/227 1115/496/227 

f 1132/546/228 1133/545/228 1107/556/228 1125/559/228 1124/560/228 

f 1107/556/229 1106/557/229 1122/558/229 1125/559/229 

f 1097/491/230 1096/492/230 1105/493/230 1104/494/230 1115/495/230 

f 1101/563/231 1103/548/231 1105/547/231 1096/564/231 1095/565/231 

g Mesh58 Group62 Group61 Group59 ___8_1 Group6 Model

usemtl Window_Frame_Black
v 51666.5 -704.085 -36195.8
v 52290.5 -704.085 -34269.8
v 52290.5 -749.085 -34269.8
v 51666.5 -749.085 -36195.8
f 1134/581/232 1135/698/232 1136/699/232 1137/700/232 

v 51571.4 -704.085 -36165
v 52195.4 -704.085 -34239
f 1135/701/233 1134/594/233 1138/591/233 1139/702/233 

v 51571.4 -749.085 -36165
f 1134/575/234 1137/576/234 1140/577/234 1138/578/234 

v 52195.4 -749.085 -34239
f 1137/584/235 1136/703/235 1141/704/235 1140/583/235 

f 1136/705/236 1135/588/236 1139/589/236 1141/706/236 

f 1139/707/237 1138/596/237 1140/708/237 1141/709/237 

g Mesh59 Group63 Group61 Group59 ___8_1 Group6 Model

v 51971.9 -2159.08 -35253.1
v 51971.9 -249.085 -35253.1
v 51985.1 -249.085 -35212.5
v 51985.1 -2159.08 -35212.5
f 1142/581/238 1143/710/238 1144/711/238 1145/712/238 

v 51876.8 -2159.08 -35222.3
v 51876.8 -249.085 -35222.3
f 1143/713/239 1142/594/239 1146/591/239 1147/714/239 

vn 3.84577e-15 -1 -1.49279e-13
v 51890 -2159.08 -35181.6
f 1142/575/294 1145/715/294 1148/716/294 1146/578/294 

v 51890 -249.085 -35181.6
f 1145/584/241 1144/717/241 1149/718/241 1148/583/241 

vn -3.84577e-15 1 1.49279e-13
f 1144/719/295 1143/588/295 1147/589/295 1149/720/295 

f 1147/721/243 1146/596/243 1148/722/243 1149/723/243 

g Mesh60 WindowFrame_2_6 Window_2_6 Group61 Group59 ___8_1 Group6 Model

v 51653.3 -2204.08 -36236.5
v 51666.5 -2159.08 -36195.8
v 52303.7 -2204.08 -34229.1
f 1150/724/244 1151/603/244 1152/600/244

v 51653.3 -204.085 -36236.5
f 1151/603/244 1150/724/244 1153/605/244

v 51558.2 -2204.08 -36205.6
v 51558.2 -204.085 -36205.6
f 1153/599/245 1150/600/245 1154/601/245 1155/602/245 

v 52208.6 -2204.08 -34198.3
f 1150/725/246 1152/600/246 1156/726/246 1154/633/246 

v 52303.7 -204.085 -34229.1
v 52208.6 -204.085 -34198.3
f 1152/600/247 1157/599/247 1158/629/247 1156/727/247 

v 52290.5 -2159.08 -34269.8
f 1152/600/244 1159/728/244 1157/599/244

f 1159/728/244 1152/600/244 1151/603/244

v 51571.4 -2159.08 -36165
v 52195.4 -2159.08 -34239
f 1159/729/248 1151/730/248 1160/609/248 1161/731/248 

v 51666.5 -249.085 -36195.8
v 51571.4 -249.085 -36165
f 1151/611/247 1162/612/247 1163/613/247 1160/614/247 

f 1151/603/244 1153/605/244 1162/615/244

v 52290.5 -249.085 -34269.8
f 1162/615/244 1153/605/244 1164/732/244

f 1157/599/244 1164/732/244 1153/605/244

f 1157/599/244 1159/728/244 1164/732/244

v 52195.4 -249.085 -34239
f 1164/612/245 1159/611/245 1161/639/245 1165/640/245 

f 1161/733/249 1158/599/249 1165/734/249

f 1161/733/249 1156/600/249 1158/599/249

f 1156/600/249 1161/733/249 1154/725/249

f 1160/624/249 1154/725/249 1161/733/249

f 1154/725/249 1160/624/249 1155/621/249

f 1155/621/249 1160/624/249 1163/622/249

f 1155/621/249 1163/622/249 1158/599/249

f 1165/734/249 1158/599/249 1163/622/249

f 1162/735/246 1164/736/246 1165/737/246 1163/644/246 

f 1157/600/248 1153/724/248 1155/619/248 1158/726/248 

g Mesh61 WindowGlass_2_6 Window_2_6 Group61 Group59 ___8_1 Group6 Model

usemtl Window_Glass
v 51642.7 -249.085 -36188.1
v 52266.7 -249.085 -34262.1
v 52266.7 -2159.08 -34262.1
v 51642.7 -2159.08 -36188.1
f 1166/651/244 1167/647/244 1168/600/244 1169/738/244 

v 51638 -249.085 -36186.5
v 52262 -249.085 -34260.5
f 1167/600/248 1166/738/248 1170/654/248 1171/739/248 

v 51638 -2159.08 -36186.5
f 1166/647/245 1169/600/245 1172/648/245 1170/649/245 

v 52262 -2159.08 -34260.5
f 1169/740/246 1168/600/246 1173/739/246 1172/664/246 

f 1168/600/247 1167/647/247 1171/661/247 1173/741/247 

f 1171/647/249 1170/658/249 1172/740/249 1173/600/249 

g Mesh62 Group65 Group64 ___8_1 Group6 Model

usemtl FrontColor
v 50966.6 -2204.08 -38518.4
v 50889.5 -2204.08 -38756.2
v 50794.4 -2204.08 -38725.4
v 50825.2 -2204.08 -38630.2
v 50871.4 -2204.08 -38487.5
f 1174/491/254 1175/492/254 1176/493/254 1177/494/254 1178/495/254 

v 51277.5 -2204.08 -37558.6
v 51354.6 -2204.08 -37320.7
v 51354.6 -2354.08 -37320.7
v 50889.5 -2354.08 -38756.2
f 1174/496/255 1179/497/255 1180/498/255 1181/499/255 1182/500/255 1175/501/255 

v 50823.9 -2204.08 -38472.1
v 51134.8 -2204.08 -37512.3
v 51182.4 -2204.08 -37527.7
f 1178/495/256 1183/502/256 1184/503/256 1185/504/256 1179/505/256 1174/491/256 

v 50823.9 -204.085 -38472.1
v 50871.4 -204.085 -38487.5
f 1186/506/257 1183/507/257 1178/508/257 1187/509/257 

v 50777.6 -204.085 -38614.8
f 1186/510/258 1188/511/258 1183/512/258

v 51211.9 -54.0849 -37274.5
f 1189/513/258 1188/511/258 1186/510/258

v 50746.8 -54.0849 -38710
f 1190/514/258 1188/511/258 1189/513/258

v 50746.8 -204.085 -38710
f 1188/511/258 1190/514/258 1191/515/258

v 50889.5 -54.0849 -38756.2
v 50889.5 -204.085 -38756.2
v 50794.4 -204.085 -38725.4
f 1191/516/259 1190/517/259 1192/518/259 1193/519/259 1194/520/259 

v 51354.6 -54.0849 -37320.7
f 1195/521/260 1192/492/260 1190/522/260 1189/523/260 

v 51354.6 -204.085 -37320.7
v 51277.5 -204.085 -37558.6
v 50966.6 -204.085 -38518.4
f 1192/524/261 1195/525/261 1196/526/261 1197/527/261 1198/528/261 1193/529/261 

v 51259.4 -204.085 -37289.9
v 51211.9 -204.085 -37274.5
f 1199/509/262 1196/530/262 1195/531/262 1189/532/262 1200/506/262 

v 51228.6 -204.085 -37385
v 51182.4 -204.085 -37527.7
f 1199/533/263 1201/534/263 1202/535/263 1197/536/263 1196/537/263 

v 51181.1 -204.085 -37369.6
f 1199/533/264 1200/538/264 1203/539/264 1201/534/264 

f 1189/513/258 1203/540/258 1200/541/258

v 51134.8 -204.085 -37512.3
f 1189/513/258 1204/542/258 1203/540/258

f 1189/513/258 1186/510/258 1204/542/258

f 1197/536/265 1202/535/265 1204/543/265 1186/544/265 1187/545/265 1198/546/265 

f 1185/547/266 1184/548/266 1204/516/266 1202/520/266 

v 51181.1 -2204.08 -37369.6
f 1184/549/258 1205/550/258 1204/542/258

v 51211.9 -2354.08 -37274.5
f 1184/549/258 1206/551/258 1205/550/258

f 1183/512/258 1206/551/258 1184/549/258

v 50777.6 -2204.08 -38614.8
f 1207/552/258 1206/551/258 1183/512/258

v 50746.8 -2354.08 -38710
f 1207/552/258 1208/553/258 1206/551/258

v 50746.8 -2204.08 -38710
f 1208/553/258 1207/552/258 1209/554/258

f 1207/555/267 1177/494/267 1176/493/267 1209/522/267 

v 50825.2 -204.085 -38630.2
f 1207/548/268 1188/516/268 1210/520/268 1177/547/268 

f 1207/552/258 1183/512/258 1188/511/258

f 1210/556/269 1188/557/269 1191/558/269 1194/559/269 

f 1198/546/270 1187/545/270 1210/556/270 1194/559/270 1193/560/270 

f 1177/561/227 1210/562/227 1187/528/227 1178/496/227 

f 1208/563/271 1209/548/271 1176/547/271 1175/564/271 1182/565/271 

f 1182/560/272 1181/537/272 1206/538/272 1208/558/272 

v 51259.4 -2204.08 -37289.9
v 51211.9 -2204.08 -37274.5
f 1181/566/273 1180/567/273 1211/508/273 1212/507/273 1206/568/273 

v 51228.6 -2204.08 -37385
f 1180/521/274 1179/505/274 1185/504/274 1213/569/274 1211/570/274 

f 1202/527/275 1201/571/275 1213/572/275 1185/497/275 

f 1213/508/276 1201/509/276 1203/506/276 1205/507/276 

f 1203/540/258 1204/542/258 1205/550/258

f 1213/569/277 1205/573/277 1212/523/277 1211/570/277 

f 1205/550/258 1206/551/258 1212/574/258

g Mesh63 Group67 Group66 Group64 ___8_1 Group6 Model

usemtl Window_Frame_Black
v 50885.3 -704.085 -38444.7
v 50885.3 -749.085 -38444.7
v 50790.2 -749.085 -38413.9
v 50790.2 -704.085 -38413.9
f 1214/575/278 1215/576/278 1216/577/278 1217/578/278 

v 51168.5 -749.085 -37570.5
v 51168.5 -704.085 -37570.5
f 1218/579/279 1215/580/279 1214/581/279 1219/582/279 

v 51073.4 -749.085 -37539.7
f 1216/583/280 1215/584/280 1218/585/280 1220/586/280 

v 51073.4 -704.085 -37539.7
f 1218/587/281 1219/588/281 1221/589/281 1220/590/281 

f 1217/591/282 1221/592/282 1219/593/282 1214/594/282 

f 1221/595/283 1217/596/283 1216/597/283 1220/598/283 

g Mesh64 WindowFrame_3_6 Window_3_6 Group66 Group64 ___8_1 Group6 Model

v 50871.4 -204.085 -38487.5
v 50871.4 -2204.08 -38487.5
v 50776.3 -2204.08 -38456.7
v 50776.3 -204.085 -38456.7
f 1222/599/284 1223/600/284 1224/601/284 1225/602/284 

v 50885.3 -2159.08 -38444.7
f 1226/603/285 1223/604/285 1222/605/285

v 51168.5 -2159.08 -37570.5
f 1223/604/285 1226/603/285 1227/606/285

v 50790.2 -2159.08 -38413.9
v 51073.4 -2159.08 -37539.7
f 1227/607/286 1226/608/286 1228/609/286 1229/610/286 

v 50885.3 -249.085 -38444.7
v 50790.2 -249.085 -38413.9
f 1226/611/287 1230/612/287 1231/613/287 1228/614/287 

f 1226/603/285 1222/605/285 1230/615/285

v 51182.4 -204.085 -37527.7
f 1230/615/285 1222/605/285 1232/616/285

v 51087.3 -204.085 -37496.9
f 1232/617/288 1222/618/288 1225/619/288 1233/620/288 

f 1225/621/289 1231/622/289 1233/623/289

f 1225/621/289 1228/624/289 1231/622/289

f 1224/625/289 1228/624/289 1225/621/289

f 1228/624/289 1224/625/289 1229/626/289

v 51087.3 -2204.08 -37496.9
f 1234/627/289 1229/626/289 1224/625/289

f 1229/626/289 1234/627/289 1233/623/289

v 51182.4 -2204.08 -37527.7
f 1232/628/287 1233/629/287 1234/630/287 1235/631/287 

f 1234/632/290 1224/633/290 1223/634/290 1235/635/290 

f 1227/606/285 1235/636/285 1223/604/285

f 1235/636/285 1227/606/285 1232/616/285

v 51168.5 -249.085 -37570.5
f 1232/616/285 1227/606/285 1236/637/285

v 51073.4 -249.085 -37539.7
f 1227/638/284 1229/639/284 1237/640/284 1236/641/284 

f 1229/626/289 1233/623/289 1237/642/289

f 1237/642/289 1233/623/289 1231/622/289

f 1237/643/291 1231/644/291 1230/645/291 1236/646/291 

f 1232/616/285 1236/637/285 1230/615/285

g Mesh65 WindowGlass_3_6 Window_3_6 Group66 Group64 ___8_1 Group6 Model

usemtl Window_Glass
v 50861.5 -249.085 -38437
v 50861.5 -2159.08 -38437
v 50856.7 -2159.08 -38435.5
v 50856.7 -249.085 -38435.5
f 1238/647/284 1239/600/284 1240/648/284 1241/649/284 

v 51144.7 -249.085 -37562.8
v 51144.7 -2159.08 -37562.8
f 1239/650/244 1238/651/244 1242/652/244 1243/636/244 

v 51140 -249.085 -37561.3
f 1242/617/292 1238/653/292 1241/654/292 1244/655/292 

v 51140 -2159.08 -37561.3
f 1245/656/249 1244/657/249 1241/658/249 1240/659/249 

f 1242/660/287 1244/661/287 1245/662/287 1243/631/287 

f 1245/663/293 1240/664/293 1239/665/293 1243/635/293 

g Mesh66 ___7_1 ___8_1 Group6 Model

usemtl FrontColor
v 46142.5 -3104.08 -52920.7
vt -3.13776e-11 3.86535e-12
vn 4.98643e-14 -1 -1.2495e-13
v 52559.2 -3104.08 -33116.2
vt -8.6402e-12 819.608
v 41118.3 -3104.08 -29409.3
v 34701.6 -3104.08 -49213.8
vt -473.482 1.61435e-11
f 1246/911/296 1247/912/296 1248/764/296 1249/913/296 

vt -3.86535e-12 2.04636e-12
vn 0.951314 9.07346e-14 -0.308224
v 46497.4 -2204.08 -51825.5
vt -819.608 -5.36602e-11
f 1246/914/297 1250/496/297 1247/915/297

v 46142.5 295.915 -52920.7
vt -1.22782e-11 133.858
f 1250/496/297 1246/914/297 1251/916/297

vt 3.13776e-11 2.04636e-12
vn -0.308224 1.03497e-13 -0.951314
vt 473.482 -2.15437e-11
v 34701.6 295.915 -49213.8
vt 3.72893e-11 133.858
f 1246/917/298 1249/918/298 1252/770/298 1251/919/298 

vt 3.60629e-12 2.0503e-12
vn -0.951314 -8.59493e-14 0.308224
vt 819.608 -5.37131e-11
v 41118.3 295.915 -29409.3
vt 1.22465e-11 133.858
f 1249/920/299 1248/921/299 1253/774/299 1252/922/299 

vt -473.482 -2.15641e-11
vn 0.308224 -1.03497e-13 0.951314
vt -3.09794e-11 2.08275e-12
v 52559.2 295.915 -33116.2
vt -3.87101e-11 133.858
f 1248/923/300 1247/924/300 1254/925/300 1253/779/300 

v 52204.7 -204.085 -34210.2
f 1255/780/297 1254/781/297 1247/915/297

v 51520.1 -204.085 -36323.2
vt -686.886 114.173
f 1256/926/297 1254/781/297 1255/780/297

v 51134.8 -204.085 -37512.3
f 1257/786/297 1254/781/297 1256/926/297

v 50823.9 -204.085 -38472.1
f 1258/787/297 1254/781/297 1257/786/297

v 50330.7 -204.085 -39994.2
f 1259/788/297 1254/781/297 1258/787/297

v 49646.1 -204.085 -42107.2
f 1260/789/297 1254/781/297 1259/788/297

v 49056 -204.085 -43928.4
f 1261/790/297 1254/781/297 1260/789/297

v 48371.4 -204.085 -46041.4
f 1262/791/297 1254/781/297 1261/790/297

v 47878.2 -204.085 -47563.5
f 1263/792/297 1254/781/297 1262/791/297

v 47567.3 -204.085 -48523.3
f 1264/793/297 1254/781/297 1263/792/297

v 47182 -204.085 -49712.5
f 1265/690/297 1254/781/297 1264/793/297

v 46497.4 -204.085 -51825.5
f 1266/528/297 1254/781/297 1265/690/297

f 1266/528/297 1251/916/297 1254/781/297

f 1251/916/297 1266/528/297 1250/496/297

vt -3.3801e-11 35.4331
vn 0.308224 -1.0876e-13 0.951314
vt -3.78938e-11 114.173
v 46269.1 -204.085 -51751.5
v 46269.1 -2204.08 -51751.5
f 1250/927/301 1266/928/301 1267/798/301 1268/799/301 

vt -3.0803e-11 45.3242
vn 5.17394e-14 -1 -1.28886e-13
vt -2.8984e-11 132.771
v 46953.7 -204.085 -49638.5
vt -9.44882 132.771
f 1266/929/302 1265/930/302 1269/931/302 1267/803/302 

vt 3.81184e-11 114.173
vn -0.308224 1.05936e-13 -0.951314
v 47182 -2204.08 -49712.5
vt 3.3571e-11 35.4331
v 46953.7 -2204.08 -49638.5
f 1265/932/303 1270/933/303 1271/806/303 1269/807/303 

v 47567.3 -2204.08 -48523.3
f 1272/752/297 1270/667/297 1265/690/297

f 1247/915/297 1270/667/297 1272/752/297

f 1247/915/297 1250/496/297 1270/667/297

vt 2.85962e-11 132.771
vn -5.17143e-14 1 1.28964e-13
vt 3.087e-11 45.3242
vt 9.44882 132.771
f 1270/934/304 1250/935/304 1268/810/304 1271/936/304 

v 47878.2 -2204.08 -47563.5
f 1247/915/297 1272/752/297 1273/751/297

vt 2.491e-11 221.705
vn -5.29833e-14 1 1.2946e-13
vt 2.53648e-11 181.983
v 47339 -2204.08 -48449.3
v 47649.9 -2204.08 -47489.6
f 1273/937/305 1272/938/305 1274/887/305 1275/888/305 

vt -3.29218e-11 35.4331
vn 0.308224 -1.03266e-13 0.951314
vt -3.88335e-11 114.173
v 47339 -204.085 -48449.3
f 1272/939/306 1264/940/306 1276/798/306 1274/799/306 

f 1265/690/297 1264/793/297 1272/752/297

vt -2.70097e-11 181.983
vn 5.27628e-14 -1 -1.30141e-13
vt -2.56455e-11 221.705
v 47649.9 -204.085 -47489.6
f 1264/941/307 1263/942/307 1277/824/307 1276/825/307 

vt 3.86997e-11 114.173
vn -0.308224 1.0876e-13 -0.951314
vt 3.36974e-11 35.4331
f 1263/943/308 1273/944/308 1275/806/308 1277/807/308 

v 48371.4 -2204.08 -46041.4
f 1278/750/297 1273/751/297 1263/792/297

f 1247/915/297 1273/751/297 1278/750/297

v 49056 -2204.08 -43928.4
f 1247/915/297 1278/750/297 1279/749/297

vt 2.4032e-11 372.143
vn -5.21641e-14 1 1.29109e-13
vt 2.44867e-11 284.697
v 48143.1 -2204.08 -45967.5
v 48827.7 -2204.08 -43854.4
f 1279/945/309 1278/946/309 1280/883/309 1281/884/309 

vt -3.19383e-11 35.4331
vn 0.308224 -1.01486e-13 0.951314
vt -3.73953e-11 114.173
v 48143.1 -204.085 -45967.5
f 1278/947/310 1262/948/310 1282/798/310 1280/799/310 

f 1263/792/297 1262/791/297 1278/750/297

vt -2.57468e-11 284.697
vn 5.21891e-14 -1 -1.29032e-13
vt -2.30183e-11 372.143
v 48827.7 -204.085 -43854.4
f 1262/949/311 1261/950/311 1283/832/311 1282/833/311 

vt 3.63755e-11 114.173
vn -0.308224 9.76952e-14 -0.951314
vt 3.31923e-11 35.4331
f 1261/951/312 1279/952/312 1281/806/312 1283/807/312 

v 49646.1 -2204.08 -42107.2
f 1284/747/297 1279/749/297 1261/790/297

f 1247/915/297 1279/749/297 1284/747/297

v 50330.7 -2204.08 -39994.2
f 1247/915/297 1284/747/297 1285/748/297

vt 1.74228e-11 534.96
vn -4.64714e-14 1 1.27265e-13
vt 1.87871e-11 447.513
v 49417.8 -2204.08 -42033.3
v 50102.4 -2204.08 -39920.3
f 1285/953/313 1284/954/313 1286/744/313 1287/745/313 

vt -2.97297e-11 35.4331
vn 0.308224 -1.09573e-13 0.951314
vt -3.51867e-11 114.173
v 49417.8 -204.085 -42033.3
f 1284/955/314 1260/956/314 1288/798/314 1286/799/314 

f 1261/790/297 1260/789/297 1284/747/297

vt -2.05183e-11 447.513
vn 4.63962e-14 -1 -1.27497e-13
vt -1.82446e-11 534.96
v 50102.4 -204.085 -39920.3
f 1260/957/315 1259/958/315 1289/840/315 1288/841/315 

vt 3.47236e-11 114.173
vt 3.01761e-11 35.4331
f 1259/959/303 1285/960/303 1287/806/303 1289/807/303 

v 50823.9 -2204.08 -38472.1
f 1290/844/297 1285/748/297 1259/788/297

f 1247/915/297 1285/748/297 1290/844/297

v 51134.8 -2204.08 -37512.3
f 1247/915/297 1290/844/297 1291/845/297

vt 1.35253e-11 637.673
vn -5.33583e-14 1 1.2977e-13
vt 1.39801e-11 597.952
v 50595.5 -2204.08 -38398.1
v 50906.5 -2204.08 -37438.4
f 1291/961/316 1290/962/316 1292/848/316 1293/849/316 

vt -2.52102e-11 35.4331
vn 0.308224 -1.0965e-13 0.951314
vt -2.97577e-11 114.173
v 50595.5 -204.085 -38398.1
f 1290/963/317 1258/964/317 1294/798/317 1292/799/317 

f 1259/788/297 1258/787/297 1290/844/297

vt -1.42252e-11 597.952
vn 5.33032e-14 -1 -1.2994e-13
vt -1.42252e-11 637.673
v 50906.5 -204.085 -37438.4
f 1258/965/318 1257/966/318 1295/854/318 1294/855/318 

vt 3.03751e-11 114.173
vn -0.308224 1.05046e-13 -0.951314
vt 2.53728e-11 35.4331
f 1257/967/319 1291/968/319 1293/806/319 1295/807/319 

v 51520.1 -2204.08 -36323.2
vt -686.886 35.4331
f 1296/969/297 1291/845/297 1257/786/297

f 1247/915/297 1291/845/297 1296/969/297

v 52204.7 -2204.08 -34210.2
f 1247/915/297 1296/969/297 1297/876/297

vt 1.42058e-11 774.332
vn -4.73777e-14 1 1.27558e-13
vt 1.55701e-11 686.886
v 51291.8 -2204.08 -36249.2
vt 9.44882 686.886
v 51976.4 -2204.08 -34136.2
f 1297/970/320 1296/971/320 1298/972/320 1299/880/320 

vt -2.94438e-11 35.4331
vn 0.308224 -1.05046e-13 0.951314
vt -3.4446e-11 114.173
v 51291.8 -204.085 -36249.2
f 1296/973/321 1256/974/321 1300/798/321 1298/799/321 

f 1257/786/297 1256/926/297 1296/969/297

vt -1.67716e-11 686.886
vn 4.74027e-14 -1 -1.27481e-13
vt -1.49526e-11 774.332
v 51976.4 -204.085 -34136.2
vt -9.44882 686.886
f 1256/975/322 1255/976/322 1301/872/322 1300/977/322 

vt 3.41756e-11 114.173
vn -0.308224 1.06826e-13 -0.951314
vt 2.96281e-11 35.4331
f 1255/978/323 1297/979/323 1299/806/323 1301/807/323 

f 1247/915/297 1297/876/297 1255/780/297

vt 9.70065e-12 819.608
vn -4.98643e-14 1 1.2495e-13
vt 3.0619e-11 3.17425e-12
vt 473.482 1.56798e-11
f 1254/980/324 1251/981/324 1252/982/324 1253/892/324 

g Mesh67 Group69 Group68 ___8_2 Group6 Model

v 47359.8 1045.92 -49650.3
v 46563 1045.92 -52109.5
v 46563 1195.92 -52109.5
v 46636.2 1195.92 -51883.6
v 47286.6 1195.92 -49876.2
v 47359.8 1195.92 -49650.3
f 1302/666/207 1303/500/207 1304/501/207 1305/496/207 1306/667/207 1307/668/207 

v 47217.1 1045.92 -49604.1
v 46420.3 1045.92 -52063.3
f 1308/669/208 1309/558/208 1303/560/208 1302/670/208 

v 46449.6 1195.92 -51972.9
f 1310/552/209 1309/553/209 1308/671/209

v 46420.3 1195.92 -52063.3
f 1309/553/209 1310/552/209 1311/554/209

v 46497.2 1195.92 -51988.3
v 46467.9 1195.92 -52078.7
f 1310/555/210 1312/494/210 1313/493/210 1311/522/210 

v 46449.6 3195.92 -51972.9
v 46497.2 3195.92 -51988.3
f 1310/548/211 1314/516/211 1315/520/211 1312/547/211 

v 46493.5 1195.92 -51837.4
f 1310/552/209 1316/512/209 1314/511/209

f 1310/552/209 1308/671/209 1316/512/209

v 47143.9 1195.92 -49830
f 1316/512/209 1308/671/209 1317/672/209

v 47187.8 1195.92 -49694.4
f 1317/672/209 1308/671/209 1318/673/209

v 47217.1 1195.92 -49604.1
f 1318/673/209 1308/671/209 1319/674/209

v 47264.7 1195.92 -49619.5
f 1319/507/212 1308/568/212 1302/566/212 1307/567/212 1320/508/212 

v 47191.5 1195.92 -49845.4
v 47235.4 1195.92 -49709.9
f 1306/675/213 1321/676/213 1322/677/213 1320/678/213 1307/679/213 

v 46541.1 1195.92 -51852.8
f 1316/502/214 1317/680/214 1321/676/214 1306/675/214 1305/491/214 1323/495/214 

v 47143.9 3195.92 -49830
v 47191.5 3195.92 -49845.4
f 1317/548/215 1324/516/215 1325/520/215 1321/547/215 

f 1317/672/209 1318/673/209 1324/681/209

v 47187.8 3195.92 -49694.4
f 1326/682/209 1324/681/209 1318/673/209

v 47217.1 3345.92 -49604.1
f 1327/683/209 1324/681/209 1326/682/209

v 46493.5 3195.92 -51837.4
f 1327/683/209 1328/510/209 1324/681/209

f 1327/683/209 1314/511/209 1328/510/209

v 46420.3 3345.92 -52063.3
f 1329/514/209 1314/511/209 1327/683/209

v 46420.3 3195.92 -52063.3
f 1314/511/209 1329/514/209 1330/515/209

v 46563 3345.92 -52109.5
v 46563 3195.92 -52109.5
v 46467.9 3195.92 -52078.7
f 1330/516/216 1329/517/216 1331/518/216 1332/519/216 1333/520/216 

v 47359.8 3345.92 -49650.3
f 1329/522/217 1327/684/217 1334/679/217 1331/492/217 

v 47217.1 3195.92 -49604.1
v 47264.7 3195.92 -49619.5
v 47359.8 3195.92 -49650.3
f 1327/532/218 1335/506/218 1336/509/218 1337/530/218 1334/531/218 

f 1327/683/209 1326/682/209 1335/685/209

v 47235.4 3195.92 -49709.9
f 1326/686/219 1338/687/219 1336/688/219 1335/669/219 

f 1326/506/220 1318/507/220 1322/508/220 1338/509/220 

f 1322/677/221 1318/689/221 1319/684/221 1320/678/221 

f 1321/667/222 1325/690/222 1338/691/222 1322/692/222 

v 47286.6 3195.92 -49876.2
f 1339/693/223 1337/670/223 1336/688/223 1338/687/223 1325/694/223 

v 46636.2 3195.92 -51883.6
f 1331/524/224 1334/695/224 1337/696/224 1339/690/224 1340/528/224 1332/529/224 

v 46541.1 3195.92 -51852.8
f 1324/697/225 1328/544/225 1341/545/225 1340/546/225 1339/693/225 1325/694/225 

f 1328/506/226 1316/507/226 1323/508/226 1341/509/226 

f 1328/510/209 1314/511/209 1316/512/209

f 1312/561/227 1315/562/227 1341/528/227 1323/496/227 

f 1340/546/228 1341/545/228 1315/556/228 1333/559/228 1332/560/228 

f 1315/556/229 1314/557/229 1330/558/229 1333/559/229 

f 1305/491/230 1304/492/230 1313/493/230 1312/494/230 1323/495/230 

f 1309/563/231 1311/548/231 1313/547/231 1304/564/231 1303/565/231 

g Mesh68 Group71 Group70 Group68 ___8_2 Group6 Model

usemtl Window_Frame_Black
v 46554.3 2695.92 -51812.1
v 47178.3 2695.92 -49886.1
v 47178.3 2650.92 -49886.1
v 46554.3 2650.92 -51812.1
f 1342/581/232 1343/698/232 1344/699/232 1345/700/232 

v 46459.1 2695.92 -51781.3
v 47083.2 2695.92 -49855.3
f 1343/701/233 1342/594/233 1346/591/233 1347/702/233 

v 46459.1 2650.92 -51781.3
f 1342/575/234 1345/576/234 1348/577/234 1346/578/234 

v 47083.2 2650.92 -49855.3
f 1345/584/235 1344/703/235 1349/704/235 1348/583/235 

f 1344/705/236 1343/588/236 1347/589/236 1349/706/236 

f 1347/707/237 1346/596/237 1348/708/237 1349/709/237 

g Mesh69 Group72 Group70 Group68 ___8_2 Group6 Model

v 46859.7 1240.92 -50869.4
v 46859.7 3150.92 -50869.4
v 46872.9 3150.92 -50828.8
v 46872.9 1240.92 -50828.8
f 1350/581/238 1351/710/238 1352/711/238 1353/712/238 

v 46764.6 1240.92 -50838.6
v 46764.6 3150.92 -50838.6
f 1351/713/239 1350/594/239 1354/591/239 1355/714/239 

v 46777.7 1240.92 -50797.9
f 1350/575/240 1353/715/240 1356/716/240 1354/578/240 

v 46777.7 3150.92 -50797.9
f 1353/584/241 1352/717/241 1357/718/241 1356/583/241 

f 1352/719/242 1351/588/242 1355/589/242 1357/720/242 

f 1355/721/243 1354/596/243 1356/722/243 1357/723/243 

g Mesh70 WindowFrame_2_7 Window_2_7 Group70 Group68 ___8_2 Group6 Model

v 46541.1 1195.92 -51852.8
v 46554.3 1240.92 -51812.1
v 47191.5 1195.92 -49845.4
f 1358/724/244 1359/603/244 1360/600/244

v 46541.1 3195.92 -51852.8
f 1359/603/244 1358/724/244 1361/605/244

v 46446 1195.92 -51821.9
v 46446 3195.92 -51821.9
f 1361/599/245 1358/600/245 1362/601/245 1363/602/245 

v 47096.3 1195.92 -49814.6
f 1358/725/246 1360/600/246 1364/726/246 1362/633/246 

v 47191.5 3195.92 -49845.4
v 47096.3 3195.92 -49814.6
f 1360/600/247 1365/599/247 1366/629/247 1364/727/247 

v 47178.3 1240.92 -49886.1
f 1360/600/244 1367/728/244 1365/599/244

f 1367/728/244 1360/600/244 1359/603/244

v 46459.1 1240.92 -51781.3
v 47083.2 1240.92 -49855.3
f 1367/729/248 1359/730/248 1368/609/248 1369/731/248 

v 46554.3 3150.92 -51812.1
v 46459.1 3150.92 -51781.3
f 1359/611/247 1370/612/247 1371/613/247 1368/614/247 

f 1359/603/244 1361/605/244 1370/615/244

v 47178.3 3150.92 -49886.1
f 1370/615/244 1361/605/244 1372/732/244

f 1365/599/244 1372/732/244 1361/605/244

f 1365/599/244 1367/728/244 1372/732/244

v 47083.2 3150.92 -49855.3
f 1372/612/245 1367/611/245 1369/639/245 1373/640/245 

f 1369/733/249 1366/599/249 1373/734/249

f 1369/733/249 1364/600/249 1366/599/249

f 1364/600/249 1369/733/249 1362/725/249

f 1368/624/249 1362/725/249 1369/733/249

f 1362/725/249 1368/624/249 1363/621/249

f 1363/621/249 1368/624/249 1371/622/249

f 1363/621/249 1371/622/249 1366/599/249

f 1373/734/249 1366/599/249 1371/622/249

f 1370/735/246 1372/736/246 1373/737/246 1371/644/246 

f 1365/600/248 1361/724/248 1363/619/248 1366/726/248 

g Mesh71 WindowGlass_2_7 Window_2_7 Group70 Group68 ___8_2 Group6 Model

usemtl Window_Glass
v 46530.5 3150.92 -51804.4
v 47154.5 3150.92 -49878.4
v 47154.5 1240.92 -49878.4
v 46530.5 1240.92 -51804.4
f 1374/651/244 1375/647/244 1376/600/244 1377/738/244 

v 46525.7 3150.92 -51802.9
v 47149.8 3150.92 -49876.8
f 1375/600/248 1374/738/248 1378/654/248 1379/739/248 

v 46525.7 1240.92 -51802.9
f 1374/647/245 1377/600/245 1380/648/245 1378/649/245 

v 47149.8 1240.92 -49876.8
f 1377/740/246 1376/600/246 1381/739/246 1380/664/246 

f 1376/600/247 1375/647/247 1379/661/247 1381/741/247 

f 1379/647/249 1378/658/249 1380/740/249 1381/600/249 

g Mesh72 Group74 Group73 ___8_2 Group6 Model

usemtl FrontColor
v 50556.1 1045.92 -39947.5
v 49759.3 1045.92 -42406.7
v 49759.3 1195.92 -42406.7
v 49832.5 1195.92 -42180.8
v 50482.9 1195.92 -40173.4
v 50556.1 1195.92 -39947.5
f 1382/666/207 1383/500/207 1384/501/207 1385/496/207 1386/667/207 1387/668/207 

v 50413.4 1045.92 -39901.2
v 49616.6 1045.92 -42360.5
f 1388/669/208 1389/558/208 1383/560/208 1382/670/208 

v 49645.9 1195.92 -42270.1
f 1390/552/209 1389/553/209 1388/671/209

v 49616.6 1195.92 -42360.5
f 1389/553/209 1390/552/209 1391/554/209

v 49693.4 1195.92 -42285.5
v 49664.2 1195.92 -42375.9
f 1390/555/210 1392/494/210 1393/493/210 1391/522/210 

v 49645.9 3195.92 -42270.1
v 49693.4 3195.92 -42285.5
f 1390/548/211 1394/516/211 1395/520/211 1392/547/211 

v 49689.8 1195.92 -42134.5
f 1390/552/209 1396/512/209 1394/511/209

f 1390/552/209 1388/671/209 1396/512/209

v 50340.2 1195.92 -40127.2
f 1396/512/209 1388/671/209 1397/672/209

v 50384.1 1195.92 -39991.6
f 1397/672/209 1388/671/209 1398/673/209

v 50413.4 1195.92 -39901.2
f 1398/673/209 1388/671/209 1399/674/209

v 50460.9 1195.92 -39916.7
f 1399/507/212 1388/568/212 1382/566/212 1387/567/212 1400/508/212 

v 50387.7 1195.92 -40142.6
v 50431.7 1195.92 -40007
f 1386/675/213 1401/676/213 1402/677/213 1400/678/213 1387/679/213 

v 49737.4 1195.92 -42149.9
f 1396/502/214 1397/680/214 1401/676/214 1386/675/214 1385/491/214 1403/495/214 

v 50340.2 3195.92 -40127.2
v 50387.7 3195.92 -40142.6
f 1397/548/215 1404/516/215 1405/520/215 1401/547/215 

f 1397/672/209 1398/673/209 1404/681/209

v 50384.1 3195.92 -39991.6
f 1406/682/209 1404/681/209 1398/673/209

v 50413.4 3345.92 -39901.2
f 1407/683/209 1404/681/209 1406/682/209

v 49689.8 3195.92 -42134.5
f 1407/683/209 1408/510/209 1404/681/209

f 1407/683/209 1394/511/209 1408/510/209

v 49616.6 3345.92 -42360.5
f 1409/514/209 1394/511/209 1407/683/209

v 49616.6 3195.92 -42360.5
f 1394/511/209 1409/514/209 1410/515/209

v 49759.3 3345.92 -42406.7
v 49759.3 3195.92 -42406.7
v 49664.2 3195.92 -42375.9
f 1410/516/216 1409/517/216 1411/518/216 1412/519/216 1413/520/216 

v 50556.1 3345.92 -39947.5
f 1409/522/217 1407/684/217 1414/679/217 1411/492/217 

v 50413.4 3195.92 -39901.2
v 50460.9 3195.92 -39916.7
v 50556.1 3195.92 -39947.5
f 1407/532/218 1415/506/218 1416/509/218 1417/530/218 1414/531/218 

f 1407/683/209 1406/682/209 1415/685/209

v 50431.7 3195.92 -40007
f 1406/686/219 1418/687/219 1416/688/219 1415/669/219 

f 1406/506/220 1398/507/220 1402/508/220 1418/509/220 

f 1402/677/221 1398/689/221 1399/684/221 1400/678/221 

f 1401/667/222 1405/690/222 1418/691/222 1402/692/222 

v 50482.9 3195.92 -40173.4
f 1419/693/223 1417/670/223 1416/688/223 1418/687/223 1405/694/223 

v 49832.5 3195.92 -42180.8
f 1411/524/224 1414/695/224 1417/696/224 1419/690/224 1420/528/224 1412/529/224 

v 49737.4 3195.92 -42149.9
f 1404/697/225 1408/544/225 1421/545/225 1420/546/225 1419/693/225 1405/694/225 

f 1408/506/226 1396/507/226 1403/508/226 1421/509/226 

f 1408/510/209 1394/511/209 1396/512/209

f 1392/561/227 1395/562/227 1421/528/227 1403/496/227 

f 1420/546/228 1421/545/228 1395/556/228 1413/559/228 1412/560/228 

f 1395/556/229 1394/557/229 1410/558/229 1413/559/229 

f 1385/491/230 1384/492/230 1393/493/230 1392/494/230 1403/495/230 

f 1389/563/231 1391/548/231 1393/547/231 1384/564/231 1383/565/231 

g Mesh73 Group76 Group75 Group73 ___8_2 Group6 Model

usemtl Window_Frame_Black
v 49750.5 2695.92 -42109.3
v 50374.6 2695.92 -40183.3
v 50374.6 2650.92 -40183.3
v 49750.5 2650.92 -42109.3
f 1422/581/232 1423/698/232 1424/699/232 1425/700/232 

v 49655.4 2695.92 -42078.5
v 50279.4 2695.92 -40152.4
f 1423/701/233 1422/594/233 1426/591/233 1427/702/233 

v 49655.4 2650.92 -42078.5
f 1422/575/234 1425/576/234 1428/577/234 1426/578/234 

v 50279.4 2650.92 -40152.4
f 1425/584/235 1424/703/235 1429/704/235 1428/583/235 

f 1424/705/236 1423/588/236 1427/589/236 1429/706/236 

f 1427/707/237 1426/596/237 1428/708/237 1429/709/237 

g Mesh74 Group77 Group75 Group73 ___8_2 Group6 Model

v 50056 1240.92 -41166.6
v 50056 3150.92 -41166.6
v 50069.1 3150.92 -41125.9
v 50069.1 1240.92 -41125.9
f 1430/581/238 1431/710/238 1432/711/238 1433/712/238 

v 49960.8 1240.92 -41135.8
v 49960.8 3150.92 -41135.8
f 1431/713/239 1430/594/239 1434/591/239 1435/714/239 

v 49974 1240.92 -41095.1
f 1430/575/250 1433/715/250 1436/716/250 1434/578/250 

v 49974 3150.92 -41095.1
f 1433/584/241 1432/717/241 1437/718/241 1436/583/241 

f 1432/719/251 1431/588/251 1435/589/251 1437/720/251 

f 1435/721/243 1434/596/243 1436/722/243 1437/723/243 

g Mesh75 WindowFrame_2_8 Window_2_8 Group75 Group73 ___8_2 Group6 Model

v 49737.4 1195.92 -42149.9
v 49750.5 1240.92 -42109.3
v 50387.7 1195.92 -40142.6
f 1438/724/244 1439/603/244 1440/600/244

v 49737.4 3195.92 -42149.9
f 1439/603/244 1438/724/244 1441/605/244

v 49642.2 1195.92 -42119.1
v 49642.2 3195.92 -42119.1
f 1441/599/245 1438/600/245 1442/601/245 1443/602/245 

v 50292.6 1195.92 -40111.8
f 1438/725/246 1440/600/246 1444/726/246 1442/633/246 

v 50387.7 3195.92 -40142.6
v 50292.6 3195.92 -40111.8
f 1440/600/247 1445/599/247 1446/629/247 1444/727/247 

v 50374.6 1240.92 -40183.3
f 1440/600/244 1447/728/244 1445/599/244

f 1447/728/244 1440/600/244 1439/603/244

v 49655.4 1240.92 -42078.5
v 50279.4 1240.92 -40152.4
f 1447/729/248 1439/730/248 1448/609/248 1449/731/248 

v 49750.5 3150.92 -42109.3
v 49655.4 3150.92 -42078.5
f 1439/611/247 1450/612/247 1451/613/247 1448/614/247 

f 1439/603/244 1441/605/244 1450/615/244

v 50374.6 3150.92 -40183.3
f 1450/615/244 1441/605/244 1452/732/244

f 1445/599/244 1452/732/244 1441/605/244

f 1445/599/244 1447/728/244 1452/732/244

v 50279.4 3150.92 -40152.4
f 1452/612/245 1447/611/245 1449/639/245 1453/640/245 

f 1449/733/249 1446/599/249 1453/734/249

f 1449/733/249 1444/600/249 1446/599/249

f 1444/600/249 1449/733/249 1442/725/249

f 1448/624/249 1442/725/249 1449/733/249

f 1442/725/249 1448/624/249 1443/621/249

f 1443/621/249 1448/624/249 1451/622/249

f 1443/621/249 1451/622/249 1446/599/249

f 1453/734/249 1446/599/249 1451/622/249

f 1450/735/246 1452/736/246 1453/737/246 1451/644/246 

f 1445/600/248 1441/724/248 1443/619/248 1446/726/248 

g Mesh76 WindowGlass_2_8 Window_2_8 Group75 Group73 ___8_2 Group6 Model

usemtl Window_Glass
v 49726.8 3150.92 -42101.6
v 50350.8 3150.92 -40175.6
v 50350.8 1240.92 -40175.6
v 49726.8 1240.92 -42101.6
f 1454/651/244 1455/647/244 1456/600/244 1457/738/244 

v 49722 3150.92 -42100
v 50346 3150.92 -40174
f 1455/600/248 1454/738/248 1458/654/248 1459/739/248 

v 49722 1240.92 -42100
f 1454/647/245 1457/600/245 1460/648/245 1458/649/245 

v 50346 1240.92 -40174
f 1457/740/246 1456/600/246 1461/739/246 1460/664/246 

f 1456/600/247 1455/647/247 1459/661/247 1461/741/247 

f 1459/647/249 1458/658/249 1460/740/249 1461/600/249 

g Mesh77 Group79 Group78 ___8_2 Group6 Model

usemtl FrontColor
v 49233.8 1045.92 -43866.3
v 48437 1045.92 -46325.5
v 48437 1195.92 -46325.5
v 48510.3 1195.92 -46099.5
v 49160.6 1195.92 -44092.2
v 49233.8 1195.92 -43866.3
f 1462/666/207 1463/500/207 1464/501/207 1465/496/207 1466/667/207 1467/668/207 

v 49091.1 1045.92 -43820
v 48294.4 1045.92 -46279.3
f 1468/669/208 1469/558/208 1463/560/208 1462/670/208 

v 48323.6 1195.92 -46188.9
f 1470/552/209 1469/553/209 1468/671/209

v 48294.4 1195.92 -46279.3
f 1469/553/209 1470/552/209 1471/554/209

v 48371.2 1195.92 -46204.3
v 48341.9 1195.92 -46294.7
f 1470/555/210 1472/494/210 1473/493/210 1471/522/210 

v 48323.6 3195.92 -46188.9
v 48371.2 3195.92 -46204.3
f 1470/548/211 1474/516/211 1475/520/211 1472/547/211 

v 48367.6 1195.92 -46053.3
f 1470/552/209 1476/512/209 1474/511/209

f 1470/552/209 1468/671/209 1476/512/209

v 49017.9 1195.92 -44046
f 1476/512/209 1468/671/209 1477/672/209

v 49061.9 1195.92 -43910.4
f 1477/672/209 1468/671/209 1478/673/209

v 49091.1 1195.92 -43820
f 1478/673/209 1468/671/209 1479/674/209

v 49138.7 1195.92 -43835.4
f 1479/507/212 1468/568/212 1462/566/212 1467/567/212 1480/508/212 

v 49065.5 1195.92 -44061.4
v 49109.4 1195.92 -43925.8
f 1466/675/213 1481/676/213 1482/677/213 1480/678/213 1467/679/213 

v 48415.1 1195.92 -46068.7
f 1476/502/214 1477/680/214 1481/676/214 1466/675/214 1465/491/214 1483/495/214 

v 49017.9 3195.92 -44046
v 49065.5 3195.92 -44061.4
f 1477/548/215 1484/516/215 1485/520/215 1481/547/215 

f 1477/672/209 1478/673/209 1484/681/209

v 49061.9 3195.92 -43910.4
f 1486/682/209 1484/681/209 1478/673/209

v 49091.1 3345.92 -43820
f 1487/683/209 1484/681/209 1486/682/209

v 48367.6 3195.92 -46053.3
f 1487/683/209 1488/510/209 1484/681/209

f 1487/683/209 1474/511/209 1488/510/209

v 48294.4 3345.92 -46279.3
f 1489/514/209 1474/511/209 1487/683/209

v 48294.4 3195.92 -46279.3
f 1474/511/209 1489/514/209 1490/515/209

v 48437 3345.92 -46325.5
v 48437 3195.92 -46325.5
v 48341.9 3195.92 -46294.7
f 1490/516/216 1489/517/216 1491/518/216 1492/519/216 1493/520/216 

v 49233.8 3345.92 -43866.3
f 1489/522/217 1487/684/217 1494/679/217 1491/492/217 

v 49091.1 3195.92 -43820
v 49138.7 3195.92 -43835.4
v 49233.8 3195.92 -43866.3
f 1487/532/218 1495/506/218 1496/509/218 1497/530/218 1494/531/218 

f 1487/683/209 1486/682/209 1495/685/209

v 49109.4 3195.92 -43925.8
f 1486/686/219 1498/687/219 1496/688/219 1495/669/219 

f 1486/506/220 1478/507/220 1482/508/220 1498/509/220 

f 1482/677/221 1478/689/221 1479/684/221 1480/678/221 

f 1481/667/222 1485/690/222 1498/691/222 1482/692/222 

v 49160.6 3195.92 -44092.2
f 1499/693/223 1497/670/223 1496/688/223 1498/687/223 1485/694/223 

v 48510.3 3195.92 -46099.5
f 1491/524/224 1494/695/224 1497/696/224 1499/690/224 1500/528/224 1492/529/224 

v 48415.1 3195.92 -46068.7
f 1484/697/225 1488/544/225 1501/545/225 1500/546/225 1499/693/225 1485/694/225 

f 1488/506/226 1476/507/226 1483/508/226 1501/509/226 

f 1488/510/209 1474/511/209 1476/512/209

f 1472/561/227 1475/562/227 1501/528/227 1483/496/227 

f 1500/546/228 1501/545/228 1475/556/228 1493/559/228 1492/560/228 

f 1475/556/229 1474/557/229 1490/558/229 1493/559/229 

f 1465/491/230 1464/492/230 1473/493/230 1472/494/230 1483/495/230 

f 1469/563/231 1471/548/231 1473/547/231 1464/564/231 1463/565/231 

g Mesh78 Group81 Group80 Group78 ___8_2 Group6 Model

usemtl Window_Frame_Black
v 48428.3 2695.92 -46028.1
v 49052.3 2695.92 -44102
v 49052.3 2650.92 -44102
v 48428.3 2650.92 -46028.1
f 1502/581/232 1503/698/232 1504/699/232 1505/700/232 

v 48333.2 2695.92 -45997.2
v 48957.2 2695.92 -44071.2
f 1503/701/233 1502/594/233 1506/591/233 1507/702/233 

v 48333.2 2650.92 -45997.2
f 1502/575/234 1505/576/234 1508/577/234 1506/578/234 

v 48957.2 2650.92 -44071.2
f 1505/584/235 1504/703/235 1509/704/235 1508/583/235 

f 1504/705/236 1503/588/236 1507/589/236 1509/706/236 

f 1507/707/237 1506/596/237 1508/708/237 1509/709/237 

g Mesh79 Group82 Group80 Group78 ___8_2 Group6 Model

v 48733.7 1240.92 -45085.4
v 48733.7 3150.92 -45085.4
v 48746.9 3150.92 -45044.7
v 48746.9 1240.92 -45044.7
f 1510/581/238 1511/710/238 1512/711/238 1513/712/238 

v 48638.6 1240.92 -45054.6
v 48638.6 3150.92 -45054.6
f 1511/713/239 1510/594/239 1514/591/239 1515/714/239 

v 48651.8 1240.92 -45013.9
f 1510/575/252 1513/715/252 1516/716/252 1514/578/252 

v 48651.8 3150.92 -45013.9
f 1513/584/241 1512/717/241 1517/718/241 1516/583/241 

f 1512/719/253 1511/588/253 1515/589/253 1517/720/253 

f 1515/721/243 1514/596/243 1516/722/243 1517/723/243 

g Mesh80 WindowFrame_2_9 Window_2_9 Group80 Group78 ___8_2 Group6 Model

v 48415.1 1195.92 -46068.7
v 48428.3 1240.92 -46028.1
v 49065.5 1195.92 -44061.4
f 1518/724/244 1519/603/244 1520/600/244

v 48415.1 3195.92 -46068.7
f 1519/603/244 1518/724/244 1521/605/244

v 48320 1195.92 -46037.9
v 48320 3195.92 -46037.9
f 1521/599/245 1518/600/245 1522/601/245 1523/602/245 

v 48970.4 1195.92 -44030.6
f 1518/725/246 1520/600/246 1524/726/246 1522/633/246 

v 49065.5 3195.92 -44061.4
v 48970.4 3195.92 -44030.6
f 1520/600/247 1525/599/247 1526/629/247 1524/727/247 

v 49052.3 1240.92 -44102
f 1520/600/244 1527/728/244 1525/599/244

f 1527/728/244 1520/600/244 1519/603/244

v 48333.2 1240.92 -45997.2
v 48957.2 1240.92 -44071.2
f 1527/729/248 1519/730/248 1528/609/248 1529/731/248 

v 48428.3 3150.92 -46028.1
v 48333.2 3150.92 -45997.2
f 1519/611/247 1530/612/247 1531/613/247 1528/614/247 

f 1519/603/244 1521/605/244 1530/615/244

v 49052.3 3150.92 -44102
f 1530/615/244 1521/605/244 1532/732/244

f 1525/599/244 1532/732/244 1521/605/244

f 1525/599/244 1527/728/244 1532/732/244

v 48957.2 3150.92 -44071.2
f 1532/612/245 1527/611/245 1529/639/245 1533/640/245 

f 1529/733/249 1526/599/249 1533/734/249

f 1529/733/249 1524/600/249 1526/599/249

f 1524/600/249 1529/733/249 1522/725/249

f 1528/624/249 1522/725/249 1529/733/249

f 1522/725/249 1528/624/249 1523/621/249

f 1523/621/249 1528/624/249 1531/622/249

f 1523/621/249 1531/622/249 1526/599/249

f 1533/734/249 1526/599/249 1531/622/249

f 1530/735/246 1532/736/246 1533/737/246 1531/644/246 

f 1525/600/248 1521/724/248 1523/619/248 1526/726/248 

g Mesh81 WindowGlass_2_9 Window_2_9 Group80 Group78 ___8_2 Group6 Model

usemtl Window_Glass
v 48404.5 3150.92 -46020.4
v 49028.5 3150.92 -44094.3
v 49028.5 1240.92 -44094.3
v 48404.5 1240.92 -46020.4
f 1534/651/244 1535/647/244 1536/600/244 1537/738/244 

v 48399.8 3150.92 -46018.8
v 49023.8 3150.92 -44092.8
f 1535/600/248 1534/738/248 1538/654/248 1539/739/248 

v 48399.8 1240.92 -46018.8
f 1534/647/245 1537/600/245 1540/648/245 1538/649/245 

v 49023.8 1240.92 -44092.8
f 1537/740/246 1536/600/246 1541/739/246 1540/664/246 

f 1536/600/247 1535/647/247 1539/661/247 1541/741/247 

f 1539/647/249 1538/658/249 1540/740/249 1541/600/249 

g Mesh82 Group84 Group83 ___8_2 Group6 Model

usemtl FrontColor
v 47710 1195.92 -48569.6
v 47632.9 1195.92 -48807.4
v 47537.8 1195.92 -48776.6
v 47568.6 1195.92 -48681.4
v 47614.8 1195.92 -48538.7
f 1542/491/254 1543/492/254 1544/493/254 1545/494/254 1546/495/254 

v 48020.9 1195.92 -47609.8
v 48098 1195.92 -47371.9
v 48098 1045.92 -47371.9
v 47632.9 1045.92 -48807.4
f 1542/496/255 1547/497/255 1548/498/255 1549/499/255 1550/500/255 1543/501/255 

v 47567.3 1195.92 -48523.3
v 47878.2 1195.92 -47563.5
v 47925.8 1195.92 -47578.9
f 1546/495/256 1551/502/256 1552/503/256 1553/504/256 1547/505/256 1542/491/256 

v 47567.3 3195.92 -48523.3
v 47614.8 3195.92 -48538.7
f 1554/506/257 1551/507/257 1546/508/257 1555/509/257 

v 47521 3195.92 -48666
f 1554/510/258 1556/511/258 1551/512/258

v 47955.3 3345.92 -47325.7
f 1557/513/258 1556/511/258 1554/510/258

v 47490.2 3345.92 -48761.2
f 1558/514/258 1556/511/258 1557/513/258

v 47490.2 3195.92 -48761.2
f 1556/511/258 1558/514/258 1559/515/258

v 47632.9 3345.92 -48807.4
v 47632.9 3195.92 -48807.4
v 47537.8 3195.92 -48776.6
f 1559/516/259 1558/517/259 1560/518/259 1561/519/259 1562/520/259 

v 48098 3345.92 -47371.9
f 1563/521/260 1560/492/260 1558/522/260 1557/523/260 

v 48098 3195.92 -47371.9
v 48020.9 3195.92 -47609.8
v 47710 3195.92 -48569.6
f 1560/524/261 1563/525/261 1564/526/261 1565/527/261 1566/528/261 1561/529/261 

v 48002.9 3195.92 -47341.1
v 47955.3 3195.92 -47325.7
f 1567/509/262 1564/530/262 1563/531/262 1557/532/262 1568/506/262 

v 47972 3195.92 -47436.2
v 47925.8 3195.92 -47578.9
f 1567/533/263 1569/534/263 1570/535/263 1565/536/263 1564/537/263 

v 47924.5 3195.92 -47420.8
f 1567/533/264 1568/538/264 1571/539/264 1569/534/264 

f 1557/513/258 1571/540/258 1568/541/258

v 47878.2 3195.92 -47563.5
f 1557/513/258 1572/542/258 1571/540/258

f 1557/513/258 1554/510/258 1572/542/258

f 1565/536/265 1570/535/265 1572/543/265 1554/544/265 1555/545/265 1566/546/265 

f 1553/547/266 1552/548/266 1572/516/266 1570/520/266 

v 47924.5 1195.92 -47420.8
f 1552/549/258 1573/550/258 1572/542/258

v 47955.3 1045.92 -47325.7
f 1552/549/258 1574/551/258 1573/550/258

f 1551/512/258 1574/551/258 1552/549/258

v 47521 1195.92 -48666
f 1575/552/258 1574/551/258 1551/512/258

v 47490.2 1045.92 -48761.2
f 1575/552/258 1576/553/258 1574/551/258

v 47490.2 1195.92 -48761.2
f 1576/553/258 1575/552/258 1577/554/258

f 1575/555/267 1545/494/267 1544/493/267 1577/522/267 

v 47568.6 3195.92 -48681.4
f 1575/548/268 1556/516/268 1578/520/268 1545/547/268 

f 1575/552/258 1551/512/258 1556/511/258

f 1578/556/269 1556/557/269 1559/558/269 1562/559/269 

f 1566/546/270 1555/545/270 1578/556/270 1562/559/270 1561/560/270 

f 1545/561/227 1578/562/227 1555/528/227 1546/496/227 

f 1576/563/271 1577/548/271 1544/547/271 1543/564/271 1550/565/271 

f 1550/560/272 1549/537/272 1574/538/272 1576/558/272 

v 48002.9 1195.92 -47341.1
v 47955.3 1195.92 -47325.7
f 1549/566/273 1548/567/273 1579/508/273 1580/507/273 1574/568/273 

v 47972 1195.92 -47436.2
f 1548/521/274 1547/505/274 1553/504/274 1581/569/274 1579/570/274 

f 1570/527/275 1569/571/275 1581/572/275 1553/497/275 

f 1581/508/276 1569/509/276 1571/506/276 1573/507/276 

f 1571/540/258 1572/542/258 1573/550/258

f 1581/569/277 1573/573/277 1580/523/277 1579/570/277 

f 1573/550/258 1574/551/258 1580/574/258

g Mesh83 Group86 Group85 Group83 ___8_2 Group6 Model

usemtl Window_Frame_Black
v 47628.7 2695.92 -48495.9
v 47628.7 2650.92 -48495.9
v 47533.6 2650.92 -48465.1
v 47533.6 2695.92 -48465.1
f 1582/575/278 1583/576/278 1584/577/278 1585/578/278 

v 47911.9 2650.92 -47621.7
v 47911.9 2695.92 -47621.7
f 1586/579/279 1583/580/279 1582/581/279 1587/582/279 

v 47816.8 2650.92 -47590.9
f 1584/583/280 1583/584/280 1586/585/280 1588/586/280 

v 47816.8 2695.92 -47590.9
f 1586/587/281 1587/588/281 1589/589/281 1588/590/281 

f 1585/591/282 1589/592/282 1587/593/282 1582/594/282 

f 1589/595/283 1585/596/283 1584/597/283 1588/598/283 

g Mesh84 WindowFrame_3_7 Window_3_7 Group85 Group83 ___8_2 Group6 Model

v 47614.8 3195.92 -48538.7
v 47614.8 1195.92 -48538.7
v 47519.7 1195.92 -48507.9
v 47519.7 3195.92 -48507.9
f 1590/599/284 1591/600/284 1592/601/284 1593/602/284 

v 47628.7 1240.92 -48495.9
f 1594/603/285 1591/604/285 1590/605/285

v 47911.9 1240.92 -47621.7
f 1591/604/285 1594/603/285 1595/606/285

v 47533.6 1240.92 -48465.1
v 47816.8 1240.92 -47590.9
f 1595/607/286 1594/608/286 1596/609/286 1597/610/286 

v 47628.7 3150.92 -48495.9
v 47533.6 3150.92 -48465.1
f 1594/611/287 1598/612/287 1599/613/287 1596/614/287 

f 1594/603/285 1590/605/285 1598/615/285

v 47925.8 3195.92 -47578.9
f 1598/615/285 1590/605/285 1600/616/285

v 47830.7 3195.92 -47548.1
f 1600/617/288 1590/618/288 1593/619/288 1601/620/288 

f 1593/621/289 1599/622/289 1601/623/289

f 1593/621/289 1596/624/289 1599/622/289

f 1592/625/289 1596/624/289 1593/621/289

f 1596/624/289 1592/625/289 1597/626/289

v 47830.7 1195.92 -47548.1
f 1602/627/289 1597/626/289 1592/625/289

f 1597/626/289 1602/627/289 1601/623/289

v 47925.8 1195.92 -47578.9
f 1600/628/287 1601/629/287 1602/630/287 1603/631/287 

f 1602/632/290 1592/633/290 1591/634/290 1603/635/290 

f 1595/606/285 1603/636/285 1591/604/285

f 1603/636/285 1595/606/285 1600/616/285

v 47911.9 3150.92 -47621.7
f 1600/616/285 1595/606/285 1604/637/285

v 47816.8 3150.92 -47590.9
f 1595/638/284 1597/639/284 1605/640/284 1604/641/284 

f 1597/626/289 1601/623/289 1605/642/289

f 1605/642/289 1601/623/289 1599/622/289

f 1605/643/291 1599/644/291 1598/645/291 1604/646/291 

f 1600/616/285 1604/637/285 1598/615/285

g Mesh85 WindowGlass_3_7 Window_3_7 Group85 Group83 ___8_2 Group6 Model

usemtl Window_Glass
v 47604.9 3150.92 -48488.2
v 47604.9 1240.92 -48488.2
v 47600.2 1240.92 -48486.7
v 47600.2 3150.92 -48486.7
f 1606/647/284 1607/600/284 1608/648/284 1609/649/284 

v 47888.2 3150.92 -47614
v 47888.2 1240.92 -47614
f 1607/650/244 1606/651/244 1610/652/244 1611/636/244 

v 47883.4 3150.92 -47612.5
f 1610/617/292 1606/653/292 1609/654/292 1612/655/292 

v 47883.4 1240.92 -47612.5
f 1613/656/249 1612/657/249 1609/658/249 1608/659/249 

f 1610/660/287 1612/661/287 1613/662/287 1611/631/287 

f 1613/663/293 1608/664/293 1607/665/293 1611/635/293 

g Mesh86 Group88 Group87 ___8_2 Group6 Model

usemtl FrontColor
v 52472 1045.92 -34034
v 51675.2 1045.92 -36493.2
v 51675.2 1195.92 -36493.2
v 51748.5 1195.92 -36267.3
v 52398.8 1195.92 -34259.9
v 52472 1195.92 -34034
f 1614/666/207 1615/500/207 1616/501/207 1617/496/207 1618/667/207 1619/668/207 

v 52329.3 1045.92 -33987.8
v 51532.6 1045.92 -36447
f 1620/669/208 1621/558/208 1615/560/208 1614/670/208 

v 51561.8 1195.92 -36356.6
f 1622/552/209 1621/553/209 1620/671/209

v 51532.6 1195.92 -36447
f 1621/553/209 1622/552/209 1623/554/209

v 51609.4 1195.92 -36372
v 51580.1 1195.92 -36462.4
f 1622/555/210 1624/494/210 1625/493/210 1623/522/210 

v 51561.8 3195.92 -36356.6
v 51609.4 3195.92 -36372
f 1622/548/211 1626/516/211 1627/520/211 1624/547/211 

v 51605.8 1195.92 -36221.1
f 1622/552/209 1628/512/209 1626/511/209

f 1622/552/209 1620/671/209 1628/512/209

v 52256.1 1195.92 -34213.7
f 1628/512/209 1620/671/209 1629/672/209

v 52300.1 1195.92 -34078.1
f 1629/672/209 1620/671/209 1630/673/209

v 52329.3 1195.92 -33987.8
f 1630/673/209 1620/671/209 1631/674/209

v 52376.9 1195.92 -34003.2
f 1631/507/212 1620/568/212 1614/566/212 1619/567/212 1632/508/212 

v 52303.7 1195.92 -34229.1
v 52347.6 1195.92 -34093.5
f 1618/675/213 1633/676/213 1634/677/213 1632/678/213 1619/679/213 

v 51653.3 1195.92 -36236.5
f 1628/502/214 1629/680/214 1633/676/214 1618/675/214 1617/491/214 1635/495/214 

v 52256.1 3195.92 -34213.7
v 52303.7 3195.92 -34229.1
f 1629/548/215 1636/516/215 1637/520/215 1633/547/215 

f 1629/672/209 1630/673/209 1636/681/209

v 52300.1 3195.92 -34078.1
f 1638/682/209 1636/681/209 1630/673/209

v 52329.3 3345.92 -33987.8
f 1639/683/209 1636/681/209 1638/682/209

v 51605.8 3195.92 -36221.1
f 1639/683/209 1640/510/209 1636/681/209

f 1639/683/209 1626/511/209 1640/510/209

v 51532.6 3345.92 -36447
f 1641/514/209 1626/511/209 1639/683/209

v 51532.6 3195.92 -36447
f 1626/511/209 1641/514/209 1642/515/209

v 51675.2 3345.92 -36493.2
v 51675.2 3195.92 -36493.2
v 51580.1 3195.92 -36462.4
f 1642/516/216 1641/517/216 1643/518/216 1644/519/216 1645/520/216 

v 52472 3345.92 -34034
f 1641/522/217 1639/684/217 1646/679/217 1643/492/217 

v 52329.3 3195.92 -33987.8
v 52376.9 3195.92 -34003.2
v 52472 3195.92 -34034
f 1639/532/218 1647/506/218 1648/509/218 1649/530/218 1646/531/218 

f 1639/683/209 1638/682/209 1647/685/209

v 52347.6 3195.92 -34093.5
f 1638/686/219 1650/687/219 1648/688/219 1647/669/219 

f 1638/506/220 1630/507/220 1634/508/220 1650/509/220 

f 1634/677/221 1630/689/221 1631/684/221 1632/678/221 

f 1633/667/222 1637/690/222 1650/691/222 1634/692/222 

v 52398.8 3195.92 -34259.9
f 1651/693/223 1649/670/223 1648/688/223 1650/687/223 1637/694/223 

v 51748.5 3195.92 -36267.3
f 1643/524/224 1646/695/224 1649/696/224 1651/690/224 1652/528/224 1644/529/224 

v 51653.3 3195.92 -36236.5
f 1636/697/225 1640/544/225 1653/545/225 1652/546/225 1651/693/225 1637/694/225 

f 1640/506/226 1628/507/226 1635/508/226 1653/509/226 

f 1640/510/209 1626/511/209 1628/512/209

f 1624/561/227 1627/562/227 1653/528/227 1635/496/227 

f 1652/546/228 1653/545/228 1627/556/228 1645/559/228 1644/560/228 

f 1627/556/229 1626/557/229 1642/558/229 1645/559/229 

f 1617/491/230 1616/492/230 1625/493/230 1624/494/230 1635/495/230 

f 1621/563/231 1623/548/231 1625/547/231 1616/564/231 1615/565/231 

g Mesh87 Group90 Group89 Group87 ___8_2 Group6 Model

usemtl Window_Frame_Black
v 51666.5 2695.92 -36195.8
v 52290.5 2695.92 -34269.8
v 52290.5 2650.92 -34269.8
v 51666.5 2650.92 -36195.8
f 1654/581/232 1655/698/232 1656/699/232 1657/700/232 

v 51571.4 2695.92 -36165
v 52195.4 2695.92 -34239
f 1655/701/233 1654/594/233 1658/591/233 1659/702/233 

v 51571.4 2650.92 -36165
f 1654/575/234 1657/576/234 1660/577/234 1658/578/234 

v 52195.4 2650.92 -34239
f 1657/584/235 1656/703/235 1661/704/235 1660/583/235 

f 1656/705/236 1655/588/236 1659/589/236 1661/706/236 

f 1659/707/237 1658/596/237 1660/708/237 1661/709/237 

g Mesh88 Group91 Group89 Group87 ___8_2 Group6 Model

v 51971.9 1240.92 -35253.1
v 51971.9 3150.92 -35253.1
v 51985.1 3150.92 -35212.5
v 51985.1 1240.92 -35212.5
f 1662/581/238 1663/710/238 1664/711/238 1665/712/238 

v 51876.8 1240.92 -35222.3
v 51876.8 3150.92 -35222.3
f 1663/713/239 1662/594/239 1666/591/239 1667/714/239 

v 51890 1240.92 -35181.6
f 1662/575/294 1665/715/294 1668/716/294 1666/578/294 

v 51890 3150.92 -35181.6
f 1665/584/241 1664/717/241 1669/718/241 1668/583/241 

f 1664/719/295 1663/588/295 1667/589/295 1669/720/295 

f 1667/721/243 1666/596/243 1668/722/243 1669/723/243 

g Mesh89 WindowFrame_2_10 Window_2_10 Group89 Group87 ___8_2 Group6 Model

v 51653.3 1195.92 -36236.5
v 51666.5 1240.92 -36195.8
v 52303.7 1195.92 -34229.1
f 1670/724/244 1671/603/244 1672/600/244

v 51653.3 3195.92 -36236.5
f 1671/603/244 1670/724/244 1673/605/244

v 51558.2 1195.92 -36205.6
v 51558.2 3195.92 -36205.6
f 1673/599/245 1670/600/245 1674/601/245 1675/602/245 

v 52208.6 1195.92 -34198.3
f 1670/725/246 1672/600/246 1676/726/246 1674/633/246 

v 52303.7 3195.92 -34229.1
v 52208.6 3195.92 -34198.3
f 1672/600/247 1677/599/247 1678/629/247 1676/727/247 

v 52290.5 1240.92 -34269.8
f 1672/600/244 1679/728/244 1677/599/244

f 1679/728/244 1672/600/244 1671/603/244

v 51571.4 1240.92 -36165
v 52195.4 1240.92 -34239
f 1679/729/248 1671/730/248 1680/609/248 1681/731/248 

v 51666.5 3150.92 -36195.8
v 51571.4 3150.92 -36165
f 1671/611/247 1682/612/247 1683/613/247 1680/614/247 

f 1671/603/244 1673/605/244 1682/615/244

v 52290.5 3150.92 -34269.8
f 1682/615/244 1673/605/244 1684/732/244

f 1677/599/244 1684/732/244 1673/605/244

f 1677/599/244 1679/728/244 1684/732/244

v 52195.4 3150.92 -34239
f 1684/612/245 1679/611/245 1681/639/245 1685/640/245 

f 1681/733/249 1678/599/249 1685/734/249

f 1681/733/249 1676/600/249 1678/599/249

f 1676/600/249 1681/733/249 1674/725/249

f 1680/624/249 1674/725/249 1681/733/249

f 1674/725/249 1680/624/249 1675/621/249

f 1675/621/249 1680/624/249 1683/622/249

f 1675/621/249 1683/622/249 1678/599/249

f 1685/734/249 1678/599/249 1683/622/249

f 1682/735/246 1684/736/246 1685/737/246 1683/644/246 

f 1677/600/248 1673/724/248 1675/619/248 1678/726/248 

g Mesh90 WindowGlass_2_10 Window_2_10 Group89 Group87 ___8_2 Group6 Model

usemtl Window_Glass
v 51642.7 3150.92 -36188.1
v 52266.7 3150.92 -34262.1
v 52266.7 1240.92 -34262.1
v 51642.7 1240.92 -36188.1
f 1686/651/244 1687/647/244 1688/600/244 1689/738/244 

v 51638 3150.92 -36186.5
v 52262 3150.92 -34260.5
f 1687/600/248 1686/738/248 1690/654/248 1691/739/248 

v 51638 1240.92 -36186.5
f 1686/647/245 1689/600/245 1692/648/245 1690/649/245 

v 52262 1240.92 -34260.5
f 1689/740/246 1688/600/246 1693/739/246 1692/664/246 

f 1688/600/247 1687/647/247 1691/661/247 1693/741/247 

f 1691/647/249 1690/658/249 1692/740/249 1693/600/249 

g Mesh91 Group93 Group92 ___8_2 Group6 Model

usemtl FrontColor
v 50966.6 1195.92 -38518.4
v 50889.5 1195.92 -38756.2
v 50794.4 1195.92 -38725.4
v 50825.2 1195.92 -38630.2
v 50871.4 1195.92 -38487.5
f 1694/491/254 1695/492/254 1696/493/254 1697/494/254 1698/495/254 

v 51277.5 1195.92 -37558.6
v 51354.6 1195.92 -37320.7
v 51354.6 1045.92 -37320.7
v 50889.5 1045.92 -38756.2
f 1694/496/255 1699/497/255 1700/498/255 1701/499/255 1702/500/255 1695/501/255 

v 50823.9 1195.92 -38472.1
v 51134.8 1195.92 -37512.3
v 51182.4 1195.92 -37527.7
f 1698/495/256 1703/502/256 1704/503/256 1705/504/256 1699/505/256 1694/491/256 

v 50823.9 3195.92 -38472.1
v 50871.4 3195.92 -38487.5
f 1706/506/257 1703/507/257 1698/508/257 1707/509/257 

v 50777.6 3195.92 -38614.8
f 1706/510/258 1708/511/258 1703/512/258

v 51211.9 3345.92 -37274.5
f 1709/513/258 1708/511/258 1706/510/258

v 50746.8 3345.92 -38710
f 1710/514/258 1708/511/258 1709/513/258

v 50746.8 3195.92 -38710
f 1708/511/258 1710/514/258 1711/515/258

v 50889.5 3345.92 -38756.2
v 50889.5 3195.92 -38756.2
v 50794.4 3195.92 -38725.4
f 1711/516/259 1710/517/259 1712/518/259 1713/519/259 1714/520/259 

v 51354.6 3345.92 -37320.7
f 1715/521/260 1712/492/260 1710/522/260 1709/523/260 

v 51354.6 3195.92 -37320.7
v 51277.5 3195.92 -37558.6
v 50966.6 3195.92 -38518.4
f 1712/524/261 1715/525/261 1716/526/261 1717/527/261 1718/528/261 1713/529/261 

v 51259.4 3195.92 -37289.9
v 51211.9 3195.92 -37274.5
f 1719/509/262 1716/530/262 1715/531/262 1709/532/262 1720/506/262 

v 51228.6 3195.92 -37385
v 51182.4 3195.92 -37527.7
f 1719/533/263 1721/534/263 1722/535/263 1717/536/263 1716/537/263 

v 51181.1 3195.92 -37369.6
f 1719/533/264 1720/538/264 1723/539/264 1721/534/264 

f 1709/513/258 1723/540/258 1720/541/258

v 51134.8 3195.92 -37512.3
f 1709/513/258 1724/542/258 1723/540/258

f 1709/513/258 1706/510/258 1724/542/258

f 1717/536/265 1722/535/265 1724/543/265 1706/544/265 1707/545/265 1718/546/265 

f 1705/547/266 1704/548/266 1724/516/266 1722/520/266 

v 51181.1 1195.92 -37369.6
f 1704/549/258 1725/550/258 1724/542/258

v 51211.9 1045.92 -37274.5
f 1704/549/258 1726/551/258 1725/550/258

f 1703/512/258 1726/551/258 1704/549/258

v 50777.6 1195.92 -38614.8
f 1727/552/258 1726/551/258 1703/512/258

v 50746.8 1045.92 -38710
f 1727/552/258 1728/553/258 1726/551/258

v 50746.8 1195.92 -38710
f 1728/553/258 1727/552/258 1729/554/258

f 1727/555/267 1697/494/267 1696/493/267 1729/522/267 

v 50825.2 3195.92 -38630.2
f 1727/548/268 1708/516/268 1730/520/268 1697/547/268 

f 1727/552/258 1703/512/258 1708/511/258

f 1730/556/269 1708/557/269 1711/558/269 1714/559/269 

f 1718/546/270 1707/545/270 1730/556/270 1714/559/270 1713/560/270 

f 1697/561/227 1730/562/227 1707/528/227 1698/496/227 

f 1728/563/271 1729/548/271 1696/547/271 1695/564/271 1702/565/271 

f 1702/560/272 1701/537/272 1726/538/272 1728/558/272 

v 51259.4 1195.92 -37289.9
v 51211.9 1195.92 -37274.5
f 1701/566/273 1700/567/273 1731/508/273 1732/507/273 1726/568/273 

v 51228.6 1195.92 -37385
f 1700/521/274 1699/505/274 1705/504/274 1733/569/274 1731/570/274 

f 1722/527/275 1721/571/275 1733/572/275 1705/497/275 

f 1733/508/276 1721/509/276 1723/506/276 1725/507/276 

f 1723/540/258 1724/542/258 1725/550/258

f 1733/569/277 1725/573/277 1732/523/277 1731/570/277 

f 1725/550/258 1726/551/258 1732/574/258

g Mesh92 Group95 Group94 Group92 ___8_2 Group6 Model

usemtl Window_Frame_Black
v 50885.3 2695.92 -38444.7
v 50885.3 2650.92 -38444.7
v 50790.2 2650.92 -38413.9
v 50790.2 2695.92 -38413.9
f 1734/575/278 1735/576/278 1736/577/278 1737/578/278 

v 51168.5 2650.92 -37570.5
v 51168.5 2695.92 -37570.5
f 1738/579/279 1735/580/279 1734/581/279 1739/582/279 

v 51073.4 2650.92 -37539.7
f 1736/583/280 1735/584/280 1738/585/280 1740/586/280 

v 51073.4 2695.92 -37539.7
f 1738/587/281 1739/588/281 1741/589/281 1740/590/281 

f 1737/591/282 1741/592/282 1739/593/282 1734/594/282 

f 1741/595/283 1737/596/283 1736/597/283 1740/598/283 

g Mesh93 WindowFrame_3_8 Window_3_8 Group94 Group92 ___8_2 Group6 Model

v 50871.4 3195.92 -38487.5
v 50871.4 1195.92 -38487.5
v 50776.3 1195.92 -38456.7
v 50776.3 3195.92 -38456.7
f 1742/599/284 1743/600/284 1744/601/284 1745/602/284 

v 50885.3 1240.92 -38444.7
f 1746/603/285 1743/604/285 1742/605/285

v 51168.5 1240.92 -37570.5
f 1743/604/285 1746/603/285 1747/606/285

v 50790.2 1240.92 -38413.9
v 51073.4 1240.92 -37539.7
f 1747/607/286 1746/608/286 1748/609/286 1749/610/286 

v 50885.3 3150.92 -38444.7
v 50790.2 3150.92 -38413.9
f 1746/611/287 1750/612/287 1751/613/287 1748/614/287 

f 1746/603/285 1742/605/285 1750/615/285

v 51182.4 3195.92 -37527.7
f 1750/615/285 1742/605/285 1752/616/285

v 51087.3 3195.92 -37496.9
f 1752/617/288 1742/618/288 1745/619/288 1753/620/288 

f 1745/621/289 1751/622/289 1753/623/289

f 1745/621/289 1748/624/289 1751/622/289

f 1744/625/289 1748/624/289 1745/621/289

f 1748/624/289 1744/625/289 1749/626/289

v 51087.3 1195.92 -37496.9
f 1754/627/289 1749/626/289 1744/625/289

f 1749/626/289 1754/627/289 1753/623/289

v 51182.4 1195.92 -37527.7
f 1752/628/287 1753/629/287 1754/630/287 1755/631/287 

f 1754/632/290 1744/633/290 1743/634/290 1755/635/290 

f 1747/606/285 1755/636/285 1743/604/285

f 1755/636/285 1747/606/285 1752/616/285

v 51168.5 3150.92 -37570.5
f 1752/616/285 1747/606/285 1756/637/285

v 51073.4 3150.92 -37539.7
f 1747/638/284 1749/639/284 1757/640/284 1756/641/284 

f 1749/626/289 1753/623/289 1757/642/289

f 1757/642/289 1753/623/289 1751/622/289

f 1757/643/291 1751/644/291 1750/645/291 1756/646/291 

f 1752/616/285 1756/637/285 1750/615/285

g Mesh94 WindowGlass_3_8 Window_3_8 Group94 Group92 ___8_2 Group6 Model

usemtl Window_Glass
v 50861.5 3150.92 -38437
v 50861.5 1240.92 -38437
v 50856.7 1240.92 -38435.5
v 50856.7 3150.92 -38435.5
f 1758/647/284 1759/600/284 1760/648/284 1761/649/284 

v 51144.7 3150.92 -37562.8
v 51144.7 1240.92 -37562.8
f 1759/650/244 1758/651/244 1762/652/244 1763/636/244 

v 51140 3150.92 -37561.3
f 1762/617/292 1758/653/292 1761/654/292 1764/655/292 

v 51140 1240.92 -37561.3
f 1765/656/249 1764/657/249 1761/658/249 1760/659/249 

f 1762/660/287 1764/661/287 1765/662/287 1763/631/287 

f 1765/663/293 1760/664/293 1759/665/293 1763/635/293 

g Mesh95 ___7_2 ___8_2 Group6 Model

usemtl FrontColor
v 46142.5 295.915 -52920.7
v 52559.2 295.915 -33116.2
v 41118.3 295.915 -29409.3
v 34701.6 295.915 -49213.8
f 1766/911/296 1767/912/296 1768/764/296 1769/913/296 

v 46497.4 1195.92 -51825.5
f 1766/914/297 1770/496/297 1767/915/297

v 46142.5 3695.92 -52920.7
f 1770/496/297 1766/914/297 1771/916/297

v 34701.6 3695.92 -49213.8
f 1766/917/298 1769/918/298 1772/770/298 1771/919/298 

v 41118.3 3695.92 -29409.3
f 1769/920/299 1768/921/299 1773/774/299 1772/922/299 

v 52559.2 3695.92 -33116.2
f 1768/923/300 1767/924/300 1774/925/300 1773/779/300 

v 52204.7 3195.92 -34210.2
f 1775/780/297 1774/781/297 1767/915/297

v 51520.1 3195.92 -36323.2
f 1776/926/297 1774/781/297 1775/780/297

v 51134.8 3195.92 -37512.3
f 1777/786/297 1774/781/297 1776/926/297

v 50823.9 3195.92 -38472.1
f 1778/787/297 1774/781/297 1777/786/297

v 50330.7 3195.92 -39994.2
f 1779/788/297 1774/781/297 1778/787/297

v 49646.1 3195.92 -42107.2
f 1780/789/297 1774/781/297 1779/788/297

v 49056 3195.92 -43928.4
f 1781/790/297 1774/781/297 1780/789/297

v 48371.4 3195.92 -46041.4
f 1782/791/297 1774/781/297 1781/790/297

v 47878.2 3195.92 -47563.5
f 1783/792/297 1774/781/297 1782/791/297

v 47567.3 3195.92 -48523.3
f 1784/793/297 1774/781/297 1783/792/297

v 47182 3195.92 -49712.5
f 1785/690/297 1774/781/297 1784/793/297

v 46497.4 3195.92 -51825.5
f 1786/528/297 1774/781/297 1785/690/297

f 1786/528/297 1771/916/297 1774/781/297

f 1771/916/297 1786/528/297 1770/496/297

v 46269.1 3195.92 -51751.5
v 46269.1 1195.92 -51751.5
f 1770/927/301 1786/928/301 1787/798/301 1788/799/301 

v 46953.7 3195.92 -49638.5
f 1786/929/302 1785/930/302 1789/931/302 1787/803/302 

v 47182 1195.92 -49712.5
v 46953.7 1195.92 -49638.5
f 1785/932/303 1790/933/303 1791/806/303 1789/807/303 

v 47567.3 1195.92 -48523.3
f 1792/752/297 1790/667/297 1785/690/297

f 1767/915/297 1790/667/297 1792/752/297

f 1767/915/297 1770/496/297 1790/667/297

f 1790/934/304 1770/935/304 1788/810/304 1791/936/304 

v 47878.2 1195.92 -47563.5
f 1767/915/297 1792/752/297 1793/751/297

v 47339 1195.92 -48449.3
v 47649.9 1195.92 -47489.6
f 1793/937/305 1792/938/305 1794/887/305 1795/888/305 

v 47339 3195.92 -48449.3
f 1792/939/306 1784/940/306 1796/798/306 1794/799/306 

f 1785/690/297 1784/793/297 1792/752/297

v 47649.9 3195.92 -47489.6
f 1784/941/307 1783/942/307 1797/824/307 1796/825/307 

f 1783/943/308 1793/944/308 1795/806/308 1797/807/308 

v 48371.4 1195.92 -46041.4
f 1798/750/297 1793/751/297 1783/792/297

f 1767/915/297 1793/751/297 1798/750/297

v 49056 1195.92 -43928.4
f 1767/915/297 1798/750/297 1799/749/297

v 48143.1 1195.92 -45967.5
v 48827.7 1195.92 -43854.4
f 1799/945/309 1798/946/309 1800/883/309 1801/884/309 

v 48143.1 3195.92 -45967.5
f 1798/947/310 1782/948/310 1802/798/310 1800/799/310 

f 1783/792/297 1782/791/297 1798/750/297

v 48827.7 3195.92 -43854.4
f 1782/949/311 1781/950/311 1803/832/311 1802/833/311 

f 1781/951/312 1799/952/312 1801/806/312 1803/807/312 

v 49646.1 1195.92 -42107.2
f 1804/747/297 1799/749/297 1781/790/297

f 1767/915/297 1799/749/297 1804/747/297

v 50330.7 1195.92 -39994.2
f 1767/915/297 1804/747/297 1805/748/297

v 49417.8 1195.92 -42033.3
v 50102.4 1195.92 -39920.3
f 1805/953/313 1804/954/313 1806/744/313 1807/745/313 

v 49417.8 3195.92 -42033.3
f 1804/955/314 1780/956/314 1808/798/314 1806/799/314 

f 1781/790/297 1780/789/297 1804/747/297

v 50102.4 3195.92 -39920.3
f 1780/957/315 1779/958/315 1809/840/315 1808/841/315 

f 1779/959/303 1805/960/303 1807/806/303 1809/807/303 

v 50823.9 1195.92 -38472.1
f 1810/844/297 1805/748/297 1779/788/297

f 1767/915/297 1805/748/297 1810/844/297

v 51134.8 1195.92 -37512.3
f 1767/915/297 1810/844/297 1811/845/297

v 50595.5 1195.92 -38398.1
v 50906.5 1195.92 -37438.4
f 1811/961/316 1810/962/316 1812/848/316 1813/849/316 

v 50595.5 3195.92 -38398.1
f 1810/963/317 1778/964/317 1814/798/317 1812/799/317 

f 1779/788/297 1778/787/297 1810/844/297

v 50906.5 3195.92 -37438.4
f 1778/965/318 1777/966/318 1815/854/318 1814/855/318 

f 1777/967/319 1811/968/319 1813/806/319 1815/807/319 

v 51520.1 1195.92 -36323.2
f 1816/969/297 1811/845/297 1777/786/297

f 1767/915/297 1811/845/297 1816/969/297

v 52204.7 1195.92 -34210.2
f 1767/915/297 1816/969/297 1817/876/297

v 51291.8 1195.92 -36249.2
v 51976.4 1195.92 -34136.2
f 1817/970/320 1816/971/320 1818/972/320 1819/880/320 

v 51291.8 3195.92 -36249.2
f 1816/973/321 1776/974/321 1820/798/321 1818/799/321 

f 1777/786/297 1776/926/297 1816/969/297

v 51976.4 3195.92 -34136.2
f 1776/975/322 1775/976/322 1821/872/322 1820/977/322 

f 1775/978/323 1817/979/323 1819/806/323 1821/807/323 

f 1767/915/297 1817/876/297 1775/780/297

f 1774/980/324 1771/981/324 1772/982/324 1773/892/324 

g Mesh96 Group96 Model

v 48179 -3504.08 -68169.5
vt -530.63 408.531
vn 1.22739e-15 -1 2.80291e-15
v 46938.9 -3504.08 -60303
vt -530.63 95
v 46791 -3504.08 -59802.3
vt -527.947 74.6205
v 46518.5 -3504.08 -59356.9
vt -520.081 55.6299
v 46140.1 -3504.08 -58997.2
vt -507.567 39.3223
v 45681.4 -3504.08 -58747.8
vt -491.26 26.809
v 45173.8 -3504.08 -58625.5
vt -472.269 18.9428
v 44651.9 -3504.08 -58638.8
vt -451.89 16.2598
v 36551.9 -3504.08 -59915.7
vt -129.055 16.2598
v 38103.4 -3504.08 -69757.8
vt -129.055 408.531
f 1822/983/325 1823/984/325 1824/985/325 1825/986/325 1826/987/325 1827/988/325 1828/989/325 1829/990/325 1830/991/325 1831/992/325 

v 46938.9 -3104.08 -60303
vt 95 15.748
vn 0.987802 -2.70253e-17 0.155716
vt 95 -1.84612e-13
vt 408.531 1.43404e-14
v 48179 -3104.08 -68169.5
vt 408.531 15.748
f 1832/993/326 1823/994/326 1822/995/326 1833/996/326 

v 46791 -3104.08 -59802.3
vt 142.893 15.748
vn 0.959026 2.67048e-18 0.283318
vt 142.893 -2.00324e-13
vt 163.448 -2.00324e-13
vt 163.448 15.748
f 1834/997/327 1824/998/327 1823/999/327 1832/1000/327 

vt 270.977 -1.75405e-13
vn 0.85302 -5.12783e-17 0.521878
vt 270.977 15.748
v 46518.5 -3104.08 -59356.9
vt 250.422 15.748
vt 250.422 9.33042e-13
f 1824/1001/328 1834/1002/328 1835/1003/328 1825/1004/328 

v 46606.7 -3104.08 -59884.2
vt 520.276 76.6761
vn -2.07772e-15 1 -6.58491e-15
vt 520.081 55.6299
vt 527.947 74.6205
f 1836/1005/329 1835/1006/329 1834/1007/329

v 46361.7 -3104.08 -59483.7
vt 513.203 59.6009
f 1837/1008/329 1835/1006/329 1836/1005/329

v 46140.1 -3104.08 -58997.2
vt 507.567 39.3223
f 1837/1008/329 1838/1009/329 1835/1006/329

v 46021.4 -3104.08 -59160.3
vt 501.952 44.9381
f 1839/1010/329 1838/1009/329 1837/1008/329

v 45681.4 -3104.08 -58747.8
vt 491.26 26.809
f 1839/1010/329 1840/1011/329 1838/1009/329

v 45609 -3104.08 -58936
vt 487.289 33.687
f 1841/1012/329 1840/1011/329 1839/1010/329

v 45173.8 -3104.08 -58625.5
vt 472.269 18.9428
f 1841/1012/329 1842/1013/329 1840/1011/329

v 45152.6 -3104.08 -58826.1
vt 470.214 26.6142
f 1843/1014/329 1842/1013/329 1841/1012/329

v 44651.9 -3104.08 -58638.8
vt 451.89 16.2598
f 1843/1014/329 1844/1015/329 1842/1013/329

v 44670.1 -3104.08 -58838.4
vt 451.374 24.1339
f 1845/1016/329 1844/1015/329 1843/1014/329

v 36780.6 -3104.08 -60082.1
vt 136.929 24.1339
f 1846/1017/329 1844/1015/329 1845/1016/329

v 36551.9 -3104.08 -59915.7
vt 129.055 16.2598
f 1846/1017/329 1847/1018/329 1844/1015/329

v 38269.8 -3104.08 -69529.1
vt 136.929 400.657
f 1847/1018/329 1846/1017/329 1848/1019/329

vt 400.657 15.748
vn 0.987802 -1.58247e-16 0.155716
vt 24.1339 15.748
v 36780.6 -3304.08 -60082.1
vt 24.1339 7.87402
v 38269.8 -3304.08 -69529.1
vt 400.657 7.87402
f 1848/1020/330 1846/1021/330 1849/1022/330 1850/1023/330 

vt -136.929 15.748
vn 0.155716 -7.58259e-17 -0.987802
vt -451.374 15.748
v 44670.1 -3304.08 -58838.4
vt -451.374 7.87402
vt -136.929 7.87402
f 1846/1024/331 1845/1025/331 1851/1026/331 1849/1027/331 

vt -450.662 15.748
vn 0.0254499 5.37909e-19 -0.999676
vt -469.665 15.748
v 45152.6 -3304.08 -58826.1
vt -469.665 7.87402
vt -450.662 7.87402
f 1845/1028/332 1843/1029/332 1852/1030/332 1851/1031/332 

vt -444.606 15.748
vn -0.234153 9.50016e-18 -0.9722
vt -463.088 15.748
v 45609 -3304.08 -58936
vt -463.088 7.87402
vt -444.606 7.87402
f 1843/1032/333 1841/1033/333 1853/1034/333 1852/1035/333 

vt -407.1 15.748
vn -0.477798 3.25506e-17 -0.87847
vt -425.582 15.748
v 46021.4 -3304.08 -59160.3
vt -425.582 7.87402
vt -407.1 7.87402
f 1841/1036/334 1839/1037/334 1854/1038/334 1853/1039/334 

vt -341.221 15.748
vn -0.688882 2.59839e-17 -0.724874
vt -359.703 15.748
v 46361.7 -3304.08 -59483.7
vt -359.703 7.87402
vt -341.221 7.87402
f 1839/1040/335 1837/1041/335 1855/1042/335 1854/1043/335 

vt -251.458 15.748
vn -0.85302 -9.57313e-18 -0.521878
vt -269.94 15.748
v 46606.7 -3304.08 -59884.2
vt -269.94 7.87402
vt -251.458 7.87402
f 1837/1044/336 1836/1045/336 1856/1046/336 1855/1047/336 

vt -143.93 15.748
vn -0.959026 -3.52182e-18 -0.283318
v 46743.4 -3104.08 -60347.1
vt -162.932 15.748
v 46743.4 -3304.08 -60347.1
vt -162.932 7.87402
vt -143.93 7.87402
f 1836/1048/337 1857/1049/337 1858/1050/337 1856/1051/337 

vt 522.756 95.5161
f 1836/1005/329 1834/1007/329 1857/1052/329

vt 530.63 408.531
f 1833/1053/329 1857/1052/329 1834/1007/329

v 47950.3 -3104.08 -68003.1
vt 522.756 400.657
f 1833/1053/329 1859/1054/329 1857/1052/329

f 1833/1053/329 1848/1019/329 1859/1054/329

v 38103.4 -3104.08 -69757.8
vt 129.055 408.531
f 1860/1055/329 1848/1019/329 1833/1053/329

f 1848/1019/329 1860/1055/329 1847/1018/329

vt -408.531 2.5483e-14
vn -0.987802 1.97458e-16 -0.155716
vt -16.2598 -1.73469e-13
vt -16.2598 15.748
vt -408.531 15.748
f 1831/1056/338 1830/1057/338 1847/1058/338 1860/1059/338 

vt 451.89 -3.5189e-12
vn -0.155716 -2.04181e-13 0.987802
vt 451.89 15.748
vt 129.055 15.748
vt 129.055 -3.5189e-12
f 1829/1060/339 1844/1061/339 1847/1062/339 1830/1063/339 

vt 470.701 1.23242e-11
vn -0.0254499 -2.17239e-13 0.999676
vt 470.701 15.748
vt 450.146 15.748
vt 450.146 9.1125e-12
f 1828/1064/340 1842/1065/340 1844/1066/340 1829/1067/340 

vt 464.124 7.13966e-12
vn 0.234153 -2.80692e-14 0.9722
vt 464.124 15.748
vt 443.569 15.748
vt 443.569 7.59441e-12
f 1827/1068/341 1840/1069/341 1842/1070/341 1828/1071/341 

vt 426.618 1.43019e-11
vn 0.477798 -4.49362e-14 0.87847
vt 426.618 15.748
vt 406.063 15.748
vt 406.063 1.50408e-11
f 1826/1072/342 1838/1073/342 1840/1074/342 1827/1075/342 

vt 360.739 1.26146e-11
vn 0.688882 -3.09053e-14 0.724874
vt 360.739 15.748
vt 340.184 15.748
vt 340.184 1.35241e-11
f 1825/1076/343 1835/1077/343 1838/1078/343 1826/1079/343 

vt -530.63 0
vn 0.155716 0 -0.987802
vt -129.055 0
vt -129.055 15.748
vt -530.63 15.748
f 1822/1080/344 1831/1081/344 1860/1082/344 1833/1083/344 

vt 522.756 15.748
vn -0.155716 6.37655e-15 0.987802
vt 136.929 15.748
vt 136.929 7.87402
v 47950.3 -3304.08 -68003.1
vt 522.756 7.87402
f 1859/1084/345 1848/1085/345 1850/1086/345 1861/1087/345 

vn -2.10243e-15 1 -6.52918e-15
f 1861/1054/346 1850/1019/346 1849/1017/346 1851/1016/346 1852/1014/346 1853/1012/346 1854/1010/346 1855/1008/346 1856/1005/346 1858/1052/346 

vt -95.5161 15.748
vn -0.987802 -2.43361e-16 -0.155716
vt -400.657 15.748
vt -400.657 7.87402
vt -95.5161 7.87402
f 1857/1088/347 1859/1089/347 1861/1090/347 1858/1091/347 

vt 530.63 95
f 1833/1053/329 1834/1007/329 1832/1092/329

g Mesh97 Group97 Model

v 39782.7 -6504.08 -69493.1
vt 5.40012e-13 331.997
v 47981.5 -6504.08 -68200.7
vt -326.772 331.997
v 46668.3 -6504.08 -59870.8
vt -326.772 2.20979e-12
v 38469.6 -6504.08 -61163.2
vt -6.66134e-14 1.06581e-13
f 1862/1093/2 1863/1094/2 1864/1095/2 1865/1096/2 

vt -326.772 -118.11
vt -4.45968e-13 -118.11
v 39782.7 -3504.08 -69493.1
vt -4.45968e-13 0
v 46499.7 -3504.08 -68434.2
vt -267.717 0
v 46499.7 -5504.08 -68434.2
vt -267.717 -78.7402
v 47981.5 -5504.08 -68200.7
vt -326.772 -78.7402
f 1863/1097/344 1862/1098/344 1866/1099/344 1867/1100/344 1868/1101/344 1869/1102/344 

vt -331.997 -118.11
vn -0.987802 0 -0.155716
vt -1.06581e-13 -118.11
v 38469.6 -3504.08 -61163.2
vt -1.06581e-13 0
vt -331.997 0
f 1862/1103/348 1865/1104/348 1870/1105/348 1866/1106/348 

vt 6.66134e-14 -118.11
vn -0.155716 0 0.987802
vt 326.772 -118.11
v 46668.3 -5504.08 -59870.8
vt 326.772 -78.7402
v 45186.6 -5504.08 -60104.4
vt 267.717 -78.7402
v 45186.6 -3504.08 -60104.4
vt 267.717 0
vt 6.66134e-14 0
f 1865/1107/349 1864/1108/349 1871/1109/349 1872/1110/349 1873/1111/349 1870/1112/349 

vt 331.997 -118.11
vn 0.987802 -2.86183e-15 0.155716
vt 331.997 -78.7402
vt 2.77968e-12 -78.7402
vt 2.70862e-12 -118.11
f 1863/1113/350 1869/1114/350 1871/1115/350 1864/1116/350 

vt 267.717 331.997
vn 1.00843e-15 1 1.58968e-16
v 46468.6 -5504.08 -68236.7
vt 267.717 324.123
v 47752.7 -5504.08 -68034.2
vt 318.898 324.123
v 46501.9 -5504.08 -60099.5
vt 318.898 7.87402
v 45217.8 -5504.08 -60301.9
vt 267.717 7.87402
vt 267.717 5.82645e-13
vt 326.772 2.28084e-12
vt 326.772 331.997
f 1868/1117/351 1874/1118/351 1875/1119/351 1876/1120/351 1877/1121/351 1872/1122/351 1871/1123/351 1869/1124/351 

vt 9.69038e-13 -78.7402
vn 0.987802 4.52382e-16 0.155716
vt 7.87402 -78.7402
v 45217.8 -6404.08 -60301.9
vt 7.87402 -114.173
v 46468.6 -6404.08 -68236.7
vt 324.123 -114.173
vt 324.123 -78.7402
vt 331.997 -1.2111e-13
vt 9.3351e-13 -1.2111e-13
f 1872/1125/352 1877/1126/352 1878/1127/352 1879/1128/352 1874/1129/352 1868/1114/352 1867/1130/352 1873/1131/352 

vn 0.155716 1.29513e-17 -0.987802
vt -318.898 -78.7402
v 46501.9 -6404.08 -60099.5
vt -318.898 -114.173
vt -267.717 -114.173
f 1877/1101/353 1876/1132/353 1880/1133/353 1878/1134/353 

vt -7.87402 -78.7402
vn -0.987802 1.31257e-15 -0.155716
vt -324.123 -78.7402
v 47752.7 -6404.08 -68034.2
vt -324.123 -114.173
vt -7.87402 -114.173
f 1876/1135/354 1875/1136/354 1881/1137/354 1880/1138/354 

vt 318.898 -78.7402
vn -0.155716 -1.70819e-17 0.987802
vt 267.717 -114.173
vt 318.898 -114.173
f 1875/1139/355 1874/1110/355 1879/1140/355 1881/1141/355 

vn 1.29656e-15 1 2.04388e-16
f 1879/1118/356 1878/1121/356 1880/1120/356 1881/1119/356 

vt 267.717 5.47118e-13
vt -5.40012e-13 331.997
vt 6.66134e-14 1.06581e-13
f 1873/1142/1 1867/1117/1 1866/1143/1 1870/1144/1 

g Mesh98 GC200_1_1 ____2_t3_dwg1 Model

usemtl _auto_
v 73909.7 -6504.08 -1761.85
vt 7.05782 -0.462594
v 73909.5 -6504.08 -1768.39
vt 7.07296 0
v 73909.7 -6504.08 -1774.93
vt 7.05782 0.462594
v 73910.4 -6504.08 -1781.45
vt 7.01245 0.923207
v 73911.4 -6504.08 -1787.91
vt 6.93706 1.37987
v 73912.9 -6504.08 -1794.28
vt 6.83196 1.83062
v 73914.8 -6504.08 -1800.54
vt 6.6976 2.27353
v 73917.1 -6504.08 -1806.67
vt 6.53456 2.70671
v 73919.8 -6504.08 -1812.63
vt 6.34355 3.12829
v 73922.9 -6504.08 -1818.4
vt 6.12536 3.53648
v 73926.4 -6504.08 -1823.96
vt 5.88095 3.92953
v 73930.2 -6504.08 -1829.28
vt 5.61136 4.30575
v 73934.3 -6504.08 -1834.34
vt 5.31773 4.66353
v 73938.8 -6504.08 -1839.12
vt 5.00134 5.00134
v 73943.6 -6504.08 -1843.6
vt 4.66353 5.31773
v 73948.6 -6504.08 -1847.75
vt 4.30575 5.61136
v 73954 -6504.08 -1851.56
vt 3.92953 5.88095
v 73959.5 -6504.08 -1855.02
vt 3.53648 6.12536
v 73965.3 -6504.08 -1858.1
vt 3.12829 6.34355
v 73971.2 -6504.08 -1860.8
vt 2.70671 6.53456
v 73977.4 -6504.08 -1863.11
vt 2.27353 6.6976
v 73983.6 -6504.08 -1865.01
vt 1.83062 6.83196
v 73990 -6504.08 -1866.5
vt 1.37987 6.93706
v 73996.5 -6504.08 -1867.56
vt 0.923207 7.01245
v 74003 -6504.08 -1868.2
vt 0.462594 7.05782
v 74009.5 -6504.08 -1868.42
vt 0 7.07296
v 74016.1 -6504.08 -1868.2
vt -0.462594 7.05782
v 74022.6 -6504.08 -1867.56
vt -0.923207 7.01245
v 74029 -6504.08 -1866.5
vt -1.37987 6.93706
v 74035.4 -6504.08 -1865.01
vt -1.83062 6.83196
v 74041.7 -6504.08 -1863.11
vt -2.27353 6.6976
v 74047.8 -6504.08 -1860.8
vt -2.70671 6.53456
v 74053.8 -6504.08 -1858.1
vt -3.12829 6.34355
v 74059.5 -6504.08 -1855.02
vt -3.53648 6.12536
v 74065.1 -6504.08 -1851.56
vt -3.92953 5.88095
v 74070.4 -6504.08 -1847.75
vt -4.30575 5.61136
v 74075.5 -6504.08 -1843.6
vt -4.66353 5.31773
v 74080.3 -6504.08 -1839.12
vt -5.00134 5.00134
v 74084.7 -6504.08 -1834.34
vt -5.31773 4.66353
v 74088.9 -6504.08 -1829.28
vt -5.61136 4.30575
v 74092.7 -6504.08 -1823.96
vt -5.88095 3.92953
v 74096.2 -6504.08 -1818.4
vt -6.12536 3.53648
v 74099.2 -6504.08 -1812.63
vt -6.34355 3.12829
v 74101.9 -6504.08 -1806.67
vt -6.53456 2.70671
v 74104.2 -6504.08 -1800.54
vt -6.6976 2.27353
v 74106.1 -6504.08 -1794.28
vt -6.83196 1.83062
v 74107.6 -6504.08 -1787.91
vt -6.93706 1.37987
v 74108.7 -6504.08 -1781.45
vt -7.01245 0.923207
v 74109.3 -6504.08 -1774.93
vt -7.05782 0.462594
v 74109.6 -6504.08 -1768.39
vt -7.07296 0
v 74109.3 -6504.08 -1761.85
vt -7.05782 -0.462594
v 74108.7 -6504.08 -1755.34
vt -7.01245 -0.923207
v 74107.6 -6504.08 -1748.88
vt -6.93706 -1.37987
v 74106.1 -6504.08 -1742.5
vt -6.83196 -1.83062
v 74104.2 -6504.08 -1736.24
vt -6.6976 -2.27353
v 74101.9 -6504.08 -1730.11
vt -6.53456 -2.70671
v 74099.2 -6504.08 -1724.15
vt -6.34355 -3.12829
v 74096.2 -6504.08 -1718.38
vt -6.12536 -3.53648
v 74092.7 -6504.08 -1712.82
vt -5.88095 -3.92953
v 74088.9 -6504.08 -1707.5
vt -5.61136 -4.30575
v 74084.7 -6504.08 -1702.44
vt -5.31773 -4.66353
v 74080.3 -6504.08 -1697.66
vt -5.00134 -5.00134
v 74075.5 -6504.08 -1693.19
vt -4.66353 -5.31773
v 74070.4 -6504.08 -1689.03
vt -4.30575 -5.61136
v 74065.1 -6504.08 -1685.22
vt -3.92953 -5.88095
v 74059.5 -6504.08 -1681.77
vt -3.53648 -6.12536
v 74053.8 -6504.08 -1678.68
vt -3.12829 -6.34355
v 74047.8 -6504.08 -1675.98
vt -2.70671 -6.53456
v 74041.7 -6504.08 -1673.67
vt -2.27353 -6.6976
v 74035.4 -6504.08 -1671.77
vt -1.83062 -6.83196
v 74029 -6504.08 -1670.29
vt -1.37987 -6.93706
v 74022.6 -6504.08 -1669.22
vt -0.923207 -7.01245
v 74016.1 -6504.08 -1668.58
vt -0.462594 -7.05782
v 74009.5 -6504.08 -1668.36
vt 0 -7.07296
v 74003 -6504.08 -1668.58
vt 0.462594 -7.05782
v 73996.5 -6504.08 -1669.22
vt 0.923207 -7.01245
v 73990 -6504.08 -1670.29
vt 1.37987 -6.93706
v 73983.6 -6504.08 -1671.77
vt 1.83062 -6.83196
v 73977.4 -6504.08 -1673.67
vt 2.27353 -6.6976
v 73971.2 -6504.08 -1675.98
vt 2.70671 -6.53456
v 73965.3 -6504.08 -1678.68
vt 3.12829 -6.34355
v 73959.5 -6504.08 -1681.77
vt 3.53648 -6.12536
v 73954 -6504.08 -1685.22
vt 3.92953 -5.88095
v 73948.6 -6504.08 -1689.03
vt 4.30575 -5.61136
v 73943.6 -6504.08 -1693.19
vt 4.66353 -5.31773
v 73938.8 -6504.08 -1697.66
vt 5.00134 -5.00134
v 73934.3 -6504.08 -1702.44
vt 5.31773 -4.66353
v 73930.2 -6504.08 -1707.5
vt 5.61136 -4.30575
v 73926.4 -6504.08 -1712.82
vt 5.88095 -3.92953
v 73922.9 -6504.08 -1718.38
vt 6.12536 -3.53648
v 73919.8 -6504.08 -1724.15
vt 6.34355 -3.12829
v 73917.1 -6504.08 -1730.11
vt 6.53456 -2.70671
v 73914.8 -6504.08 -1736.24
vt 6.6976 -2.27353
v 73912.9 -6504.08 -1742.5
vt 6.83196 -1.83062
v 73911.4 -6504.08 -1748.88
vt 6.93706 -1.37987
v 73910.4 -6504.08 -1755.34
vt 7.01245 -0.923207
f 1882/1145/2 1883/1146/2 1884/1147/2 1885/1148/2 1886/1149/2 1887/1150/2 1888/1151/2 1889/1152/2 1890/1153/2 1891/1154/2 1892/1155/2 1893/1156/2 1894/1157/2 1895/1158/2 1896/1159/2 1897/1160/2 1898/1161/2 1899/1162/2 1900/1163/2 1901/1164/2 1902/1165/2 1903/1166/2 1904/1167/2 1905/1168/2 1906/1169/2 1907/1170/2 1908/1171/2 1909/1172/2 1910/1173/2 1911/1174/2 1912/1175/2 1913/1176/2 1914/1177/2 1915/1178/2 1916/1179/2 1917/1180/2 1918/1181/2 1919/1182/2 1920/1183/2 1921/1184/2 1922/1185/2 1923/1186/2 1924/1187/2 1925/1188/2 1926/1189/2 1927/1190/2 1928/1191/2 1929/1192/2 1930/1193/2 1931/1194/2 1932/1195/2 1933/1196/2 1934/1197/2 1935/1198/2 1936/1199/2 1937/1200/2 1938/1201/2 1939/1202/2 1940/1203/2 1941/1204/2 1942/1205/2 1943/1206/2 1944/1207/2 1945/1208/2 1946/1209/2 1947/1210/2 1948/1211/2 1949/1212/2 1950/1213/2 1951/1214/2 1952/1215/2 1953/1216/2 1954/1217/2 1955/1218/2 1956/1219/2 1957/1220/2 1958/1221/2 1959/1222/2 1960/1223/2 1961/1224/2 1962/1225/2 1963/1226/2 1964/1227/2 1965/1228/2 1966/1229/2 1967/1230/2 1968/1231/2 1969/1232/2 1970/1233/2 1971/1234/2 1972/1235/2 1973/1236/2 1974/1237/2 1975/1238/2 1976/1239/2 1977/1240/2 

g Mesh99 GC200_1_2 ____2_t3_dwg1 Model

v 117061 -6504.08 2310.08
v 117061 -6504.08 2303.54
v 117061 -6504.08 2296.99
v 117062 -6504.08 2290.48
v 117063 -6504.08 2284.02
v 117064 -6504.08 2277.65
v 117066 -6504.08 2271.38
v 117069 -6504.08 2265.26
v 117071 -6504.08 2259.3
v 117074 -6504.08 2253.52
v 117078 -6504.08 2247.96
v 117082 -6504.08 2242.64
v 117086 -6504.08 2237.58
v 117090 -6504.08 2232.81
v 117095 -6504.08 2228.33
v 117100 -6504.08 2224.18
v 117105 -6504.08 2220.37
v 117111 -6504.08 2216.91
v 117117 -6504.08 2213.83
v 117123 -6504.08 2211.12
v 117129 -6504.08 2208.82
v 117135 -6504.08 2206.92
v 117142 -6504.08 2205.43
v 117148 -6504.08 2204.37
v 117155 -6504.08 2203.72
v 117161 -6504.08 2203.51
v 117168 -6504.08 2203.72
v 117174 -6504.08 2204.37
v 117181 -6504.08 2205.43
v 117187 -6504.08 2206.92
v 117193 -6504.08 2208.82
v 117199 -6504.08 2211.12
v 117205 -6504.08 2213.83
v 117211 -6504.08 2216.91
v 117217 -6504.08 2220.37
v 117222 -6504.08 2224.18
v 117227 -6504.08 2228.33
v 117232 -6504.08 2232.81
v 117236 -6504.08 2237.58
v 117240 -6504.08 2242.64
v 117244 -6504.08 2247.96
v 117248 -6504.08 2253.52
v 117251 -6504.08 2259.3
v 117253 -6504.08 2265.26
v 117256 -6504.08 2271.38
v 117258 -6504.08 2277.65
v 117259 -6504.08 2284.02
v 117260 -6504.08 2290.48
v 117261 -6504.08 2296.99
v 117261 -6504.08 2303.54
v 117261 -6504.08 2310.08
v 117260 -6504.08 2316.59
v 117259 -6504.08 2323.05
v 117258 -6504.08 2329.43
v 117256 -6504.08 2335.69
v 117253 -6504.08 2341.81
v 117251 -6504.08 2347.78
v 117248 -6504.08 2353.55
v 117244 -6504.08 2359.11
v 117240 -6504.08 2364.43
v 117236 -6504.08 2369.49
v 117232 -6504.08 2374.27
v 117227 -6504.08 2378.74
v 117222 -6504.08 2382.89
v 117217 -6504.08 2386.71
v 117211 -6504.08 2390.16
v 117205 -6504.08 2393.25
v 117199 -6504.08 2395.95
v 117193 -6504.08 2398.25
v 117187 -6504.08 2400.15
v 117181 -6504.08 2401.64
v 117174 -6504.08 2402.71
v 117168 -6504.08 2403.35
v 117161 -6504.08 2403.56
v 117155 -6504.08 2403.35
v 117148 -6504.08 2402.71
v 117142 -6504.08 2401.64
v 117135 -6504.08 2400.15
v 117129 -6504.08 2398.25
v 117123 -6504.08 2395.95
v 117117 -6504.08 2393.25
v 117111 -6504.08 2390.16
v 117105 -6504.08 2386.71
v 117100 -6504.08 2382.89
v 117095 -6504.08 2378.74
v 117090 -6504.08 2374.27
v 117086 -6504.08 2369.49
v 117082 -6504.08 2364.43
v 117078 -6504.08 2359.11
v 117074 -6504.08 2353.55
v 117071 -6504.08 2347.78
v 117069 -6504.08 2341.81
v 117066 -6504.08 2335.69
v 117064 -6504.08 2329.43
v 117063 -6504.08 2323.05
v 117062 -6504.08 2316.59
f 1978/1145/2 1979/1146/2 1980/1147/2 1981/1148/2 1982/1149/2 1983/1150/2 1984/1151/2 1985/1152/2 1986/1153/2 1987/1154/2 1988/1155/2 1989/1156/2 1990/1157/2 1991/1158/2 1992/1159/2 1993/1160/2 1994/1161/2 1995/1162/2 1996/1163/2 1997/1164/2 1998/1165/2 1999/1166/2 2000/1167/2 2001/1168/2 2002/1169/2 2003/1170/2 2004/1171/2 2005/1172/2 2006/1173/2 2007/1174/2 2008/1175/2 2009/1176/2 2010/1177/2 2011/1178/2 2012/1179/2 2013/1180/2 2014/1181/2 2015/1182/2 2016/1183/2 2017/1184/2 2018/1185/2 2019/1186/2 2020/1187/2 2021/1188/2 2022/1189/2 2023/1190/2 2024/1191/2 2025/1192/2 2026/1193/2 2027/1194/2 2028/1195/2 2029/1196/2 2030/1197/2 2031/1198/2 2032/1199/2 2033/1200/2 2034/1201/2 2035/1202/2 2036/1203/2 2037/1204/2 2038/1205/2 2039/1206/2 2040/1207/2 2041/1208/2 2042/1209/2 2043/1210/2 2044/1211/2 2045/1212/2 2046/1213/2 2047/1214/2 2048/1215/2 2049/1216/2 2050/1217/2 2051/1218/2 2052/1219/2 2053/1220/2 2054/1221/2 2055/1222/2 2056/1223/2 2057/1224/2 2058/1225/2 2059/1226/2 2060/1227/2 2061/1228/2 2062/1229/2 2063/1230/2 2064/1231/2 2065/1232/2 2066/1233/2 2067/1234/2 2068/1235/2 2069/1236/2 2070/1237/2 2071/1238/2 2072/1239/2 2073/1240/2 

g Mesh100 GC200_1_3 ____2_t3_dwg1 Model

v 110091 -6504.08 -10426.4
v 110091 -6504.08 -10433
v 110091 -6504.08 -10439.5
v 110092 -6504.08 -10446
v 110093 -6504.08 -10452.5
v 110094 -6504.08 -10458.9
v 110096 -6504.08 -10465.1
v 110099 -6504.08 -10471.2
v 110101 -6504.08 -10477.2
v 110104 -6504.08 -10483
v 110108 -6504.08 -10488.5
v 110112 -6504.08 -10493.9
v 110116 -6504.08 -10498.9
v 110120 -6504.08 -10503.7
v 110125 -6504.08 -10508.2
v 110130 -6504.08 -10512.3
v 110135 -6504.08 -10516.1
v 110141 -6504.08 -10519.6
v 110147 -6504.08 -10522.7
v 110153 -6504.08 -10525.4
v 110159 -6504.08 -10527.7
v 110165 -6504.08 -10529.6
v 110171 -6504.08 -10531.1
v 110178 -6504.08 -10532.1
v 110184 -6504.08 -10532.8
v 110191 -6504.08 -10533
v 110197 -6504.08 -10532.8
v 110204 -6504.08 -10532.1
v 110210 -6504.08 -10531.1
v 110217 -6504.08 -10529.6
v 110223 -6504.08 -10527.7
v 110229 -6504.08 -10525.4
v 110235 -6504.08 -10522.7
v 110241 -6504.08 -10519.6
v 110247 -6504.08 -10516.1
v 110252 -6504.08 -10512.3
v 110257 -6504.08 -10508.2
v 110262 -6504.08 -10503.7
v 110266 -6504.08 -10498.9
v 110270 -6504.08 -10493.9
v 110274 -6504.08 -10488.5
v 110278 -6504.08 -10483
v 110281 -6504.08 -10477.2
v 110283 -6504.08 -10471.2
v 110286 -6504.08 -10465.1
v 110288 -6504.08 -10458.9
v 110289 -6504.08 -10452.5
v 110290 -6504.08 -10446
v 110291 -6504.08 -10439.5
v 110291 -6504.08 -10433
v 110291 -6504.08 -10426.4
v 110290 -6504.08 -10419.9
v 110289 -6504.08 -10413.4
v 110288 -6504.08 -10407.1
v 110286 -6504.08 -10400.8
v 110283 -6504.08 -10394.7
v 110281 -6504.08 -10388.7
v 110278 -6504.08 -10383
v 110274 -6504.08 -10377.4
v 110270 -6504.08 -10372.1
v 110266 -6504.08 -10367
v 110262 -6504.08 -10362.2
v 110257 -6504.08 -10357.8
v 110252 -6504.08 -10353.6
v 110247 -6504.08 -10349.8
v 110241 -6504.08 -10346.3
v 110235 -6504.08 -10343.3
v 110229 -6504.08 -10340.6
v 110223 -6504.08 -10338.2
v 110217 -6504.08 -10336.3
v 110210 -6504.08 -10334.9
v 110204 -6504.08 -10333.8
v 110197 -6504.08 -10333.2
v 110191 -6504.08 -10332.9
v 110184 -6504.08 -10333.2
v 110178 -6504.08 -10333.8
v 110171 -6504.08 -10334.9
v 110165 -6504.08 -10336.3
v 110159 -6504.08 -10338.2
v 110153 -6504.08 -10340.6
v 110147 -6504.08 -10343.3
v 110141 -6504.08 -10346.3
v 110135 -6504.08 -10349.8
v 110130 -6504.08 -10353.6
v 110125 -6504.08 -10357.8
v 110120 -6504.08 -10362.2
v 110116 -6504.08 -10367
v 110112 -6504.08 -10372.1
v 110108 -6504.08 -10377.4
v 110104 -6504.08 -10383
v 110101 -6504.08 -10388.7
v 110099 -6504.08 -10394.7
v 110096 -6504.08 -10400.8
v 110094 -6504.08 -10407.1
v 110093 -6504.08 -10413.4
v 110092 -6504.08 -10419.9
f 2074/1145/2 2075/1146/2 2076/1147/2 2077/1148/2 2078/1149/2 2079/1150/2 2080/1151/2 2081/1152/2 2082/1153/2 2083/1154/2 2084/1155/2 2085/1156/2 2086/1157/2 2087/1158/2 2088/1159/2 2089/1160/2 2090/1161/2 2091/1162/2 2092/1163/2 2093/1164/2 2094/1165/2 2095/1166/2 2096/1167/2 2097/1168/2 2098/1169/2 2099/1170/2 2100/1171/2 2101/1172/2 2102/1173/2 2103/1174/2 2104/1175/2 2105/1176/2 2106/1177/2 2107/1178/2 2108/1179/2 2109/1180/2 2110/1181/2 2111/1182/2 2112/1183/2 2113/1184/2 2114/1185/2 2115/1186/2 2116/1187/2 2117/1188/2 2118/1189/2 2119/1190/2 2120/1191/2 2121/1192/2 2122/1193/2 2123/1194/2 2124/1195/2 2125/1196/2 2126/1197/2 2127/1198/2 2128/1199/2 2129/1200/2 2130/1201/2 2131/1202/2 2132/1203/2 2133/1204/2 2134/1205/2 2135/1206/2 2136/1207/2 2137/1208/2 2138/1209/2 2139/1210/2 2140/1211/2 2141/1212/2 2142/1213/2 2143/1214/2 2144/1215/2 2145/1216/2 2146/1217/2 2147/1218/2 2148/1219/2 2149/1220/2 2150/1221/2 2151/1222/2 2152/1223/2 2153/1224/2 2154/1225/2 2155/1226/2 2156/1227/2 2157/1228/2 2158/1229/2 2159/1230/2 2160/1231/2 2161/1232/2 2162/1233/2 2163/1234/2 2164/1235/2 2165/1236/2 2166/1237/2 2167/1238/2 2168/1239/2 2169/1240/2 

g Mesh101 GC200_1_4 ____2_t3_dwg1 Model

v 120609 -6504.08 -21584.4
v 120609 -6504.08 -21591
v 120609 -6504.08 -21597.5
v 120610 -6504.08 -21604
v 120611 -6504.08 -21610.5
v 120612 -6504.08 -21616.9
v 120614 -6504.08 -21623.1
v 120617 -6504.08 -21629.2
v 120619 -6504.08 -21635.2
v 120622 -6504.08 -21641
v 120626 -6504.08 -21646.5
v 120630 -6504.08 -21651.9
v 120634 -6504.08 -21656.9
v 120638 -6504.08 -21661.7
v 120643 -6504.08 -21666.2
v 120648 -6504.08 -21670.3
v 120653 -6504.08 -21674.1
v 120659 -6504.08 -21677.6
v 120665 -6504.08 -21680.7
v 120671 -6504.08 -21683.4
v 120677 -6504.08 -21685.7
v 120683 -6504.08 -21687.6
v 120689 -6504.08 -21689.1
v 120696 -6504.08 -21690.1
v 120702 -6504.08 -21690.8
v 120709 -6504.08 -21691
v 120715 -6504.08 -21690.8
v 120722 -6504.08 -21690.1
v 120728 -6504.08 -21689.1
v 120735 -6504.08 -21687.6
v 120741 -6504.08 -21685.7
v 120747 -6504.08 -21683.4
v 120753 -6504.08 -21680.7
v 120759 -6504.08 -21677.6
v 120765 -6504.08 -21674.1
v 120770 -6504.08 -21670.3
v 120775 -6504.08 -21666.2
v 120780 -6504.08 -21661.7
v 120784 -6504.08 -21656.9
v 120788 -6504.08 -21651.9
v 120792 -6504.08 -21646.5
v 120796 -6504.08 -21641
v 120799 -6504.08 -21635.2
v 120801 -6504.08 -21629.2
v 120804 -6504.08 -21623.1
v 120806 -6504.08 -21616.9
v 120807 -6504.08 -21610.5
v 120808 -6504.08 -21604
v 120809 -6504.08 -21597.5
v 120809 -6504.08 -21591
v 120809 -6504.08 -21584.4
v 120808 -6504.08 -21577.9
v 120807 -6504.08 -21571.4
v 120806 -6504.08 -21565.1
v 120804 -6504.08 -21558.8
v 120801 -6504.08 -21552.7
v 120799 -6504.08 -21546.7
v 120796 -6504.08 -21541
v 120792 -6504.08 -21535.4
v 120788 -6504.08 -21530.1
v 120784 -6504.08 -21525
v 120780 -6504.08 -21520.2
v 120775 -6504.08 -21515.8
v 120770 -6504.08 -21511.6
v 120765 -6504.08 -21507.8
v 120759 -6504.08 -21504.3
v 120753 -6504.08 -21501.3
v 120747 -6504.08 -21498.6
v 120741 -6504.08 -21496.2
v 120735 -6504.08 -21494.3
v 120728 -6504.08 -21492.9
v 120722 -6504.08 -21491.8
v 120715 -6504.08 -21491.2
v 120709 -6504.08 -21490.9
v 120702 -6504.08 -21491.2
v 120696 -6504.08 -21491.8
v 120689 -6504.08 -21492.9
v 120683 -6504.08 -21494.3
v 120677 -6504.08 -21496.2
v 120671 -6504.08 -21498.6
v 120665 -6504.08 -21501.3
v 120659 -6504.08 -21504.3
v 120653 -6504.08 -21507.8
v 120648 -6504.08 -21511.6
v 120643 -6504.08 -21515.8
v 120638 -6504.08 -21520.2
v 120634 -6504.08 -21525
v 120630 -6504.08 -21530.1
v 120626 -6504.08 -21535.4
v 120622 -6504.08 -21541
v 120619 -6504.08 -21546.7
v 120617 -6504.08 -21552.7
v 120614 -6504.08 -21558.8
v 120612 -6504.08 -21565.1
v 120611 -6504.08 -21571.4
v 120610 -6504.08 -21577.9
f 2170/1145/2 2171/1146/2 2172/1147/2 2173/1148/2 2174/1149/2 2175/1150/2 2176/1151/2 2177/1152/2 2178/1153/2 2179/1154/2 2180/1155/2 2181/1156/2 2182/1157/2 2183/1158/2 2184/1159/2 2185/1160/2 2186/1161/2 2187/1162/2 2188/1163/2 2189/1164/2 2190/1165/2 2191/1166/2 2192/1167/2 2193/1168/2 2194/1169/2 2195/1170/2 2196/1171/2 2197/1172/2 2198/1173/2 2199/1174/2 2200/1175/2 2201/1176/2 2202/1177/2 2203/1178/2 2204/1179/2 2205/1180/2 2206/1181/2 2207/1182/2 2208/1183/2 2209/1184/2 2210/1185/2 2211/1186/2 2212/1187/2 2213/1188/2 2214/1189/2 2215/1190/2 2216/1191/2 2217/1192/2 2218/1193/2 2219/1194/2 2220/1195/2 2221/1196/2 2222/1197/2 2223/1198/2 2224/1199/2 2225/1200/2 2226/1201/2 2227/1202/2 2228/1203/2 2229/1204/2 2230/1205/2 2231/1206/2 2232/1207/2 2233/1208/2 2234/1209/2 2235/1210/2 2236/1211/2 2237/1212/2 2238/1213/2 2239/1214/2 2240/1215/2 2241/1216/2 2242/1217/2 2243/1218/2 2244/1219/2 2245/1220/2 2246/1221/2 2247/1222/2 2248/1223/2 2249/1224/2 2250/1225/2 2251/1226/2 2252/1227/2 2253/1228/2 2254/1229/2 2255/1230/2 2256/1231/2 2257/1232/2 2258/1233/2 2259/1234/2 2260/1235/2 2261/1236/2 2262/1237/2 2263/1238/2 2264/1239/2 2265/1240/2 

g Mesh102 GC200_1_5 ____2_t3_dwg1 Model

v 68998.2 -6504.08 -35024.7
v 68998 -6504.08 -35031.2
v 68998.2 -6504.08 -35037.8
v 68998.9 -6504.08 -35044.3
v 68999.9 -6504.08 -35050.8
v 69001.4 -6504.08 -35057.1
v 69003.3 -6504.08 -35063.4
v 69005.6 -6504.08 -35069.5
v 69008.3 -6504.08 -35075.5
v 69011.4 -6504.08 -35081.3
v 69014.9 -6504.08 -35086.8
v 69018.7 -6504.08 -35092.1
v 69022.8 -6504.08 -35097.2
v 69027.3 -6504.08 -35102
v 69032.1 -6504.08 -35106.5
v 69037.1 -6504.08 -35110.6
v 69042.5 -6504.08 -35114.4
v 69048 -6504.08 -35117.9
v 69053.8 -6504.08 -35121
v 69059.7 -6504.08 -35123.7
v 69065.9 -6504.08 -35126
v 69072.1 -6504.08 -35127.9
v 69078.5 -6504.08 -35129.4
v 69085 -6504.08 -35130.4
v 69091.5 -6504.08 -35131.1
v 69098 -6504.08 -35131.3
v 69104.6 -6504.08 -35131.1
v 69111.1 -6504.08 -35130.4
v 69117.5 -6504.08 -35129.4
v 69123.9 -6504.08 -35127.9
v 69130.2 -6504.08 -35126
v 69136.3 -6504.08 -35123.7
v 69142.3 -6504.08 -35121
v 69148 -6504.08 -35117.9
v 69153.6 -6504.08 -35114.4
v 69158.9 -6504.08 -35110.6
v 69164 -6504.08 -35106.5
v 69168.8 -6504.08 -35102
v 69173.2 -6504.08 -35097.2
v 69177.4 -6504.08 -35092.1
v 69181.2 -6504.08 -35086.8
v 69184.6 -6504.08 -35081.3
v 69187.7 -6504.08 -35075.5
v 69190.4 -6504.08 -35069.5
v 69192.7 -6504.08 -35063.4
v 69194.6 -6504.08 -35057.1
v 69196.1 -6504.08 -35050.8
v 69197.2 -6504.08 -35044.3
v 69197.8 -6504.08 -35037.8
v 69198.1 -6504.08 -35031.2
v 69197.8 -6504.08 -35024.7
v 69197.2 -6504.08 -35018.2
v 69196.1 -6504.08 -35011.7
v 69194.6 -6504.08 -35005.4
v 69192.7 -6504.08 -34999.1
v 69190.4 -6504.08 -34993
v 69187.7 -6504.08 -34987
v 69184.6 -6504.08 -34981.2
v 69181.2 -6504.08 -34975.7
v 69177.4 -6504.08 -34970.4
v 69173.2 -6504.08 -34965.3
v 69168.8 -6504.08 -34960.5
v 69164 -6504.08 -34956
v 69158.9 -6504.08 -34951.9
v 69153.6 -6504.08 -34948.1
v 69148 -6504.08 -34944.6
v 69142.3 -6504.08 -34941.5
v 69136.3 -6504.08 -34938.8
v 69130.2 -6504.08 -34936.5
v 69123.9 -6504.08 -34934.6
v 69117.5 -6504.08 -34933.1
v 69111.1 -6504.08 -34932.1
v 69104.6 -6504.08 -34931.4
v 69098 -6504.08 -34931.2
v 69091.5 -6504.08 -34931.4
v 69085 -6504.08 -34932.1
v 69078.5 -6504.08 -34933.1
v 69072.1 -6504.08 -34934.6
v 69065.9 -6504.08 -34936.5
v 69059.7 -6504.08 -34938.8
v 69053.8 -6504.08 -34941.5
v 69048 -6504.08 -34944.6
v 69042.5 -6504.08 -34948.1
v 69037.1 -6504.08 -34951.9
v 69032.1 -6504.08 -34956
v 69027.3 -6504.08 -34960.5
v 69022.8 -6504.08 -34965.3
v 69018.7 -6504.08 -34970.4
v 69014.9 -6504.08 -34975.7
v 69011.4 -6504.08 -34981.2
v 69008.3 -6504.08 -34987
v 69005.6 -6504.08 -34993
v 69003.3 -6504.08 -34999.1
v 69001.4 -6504.08 -35005.4
v 68999.9 -6504.08 -35011.7
v 68998.9 -6504.08 -35018.2
f 2266/1145/2 2267/1146/2 2268/1147/2 2269/1148/2 2270/1149/2 2271/1150/2 2272/1151/2 2273/1152/2 2274/1153/2 2275/1154/2 2276/1155/2 2277/1156/2 2278/1157/2 2279/1158/2 2280/1159/2 2281/1160/2 2282/1161/2 2283/1162/2 2284/1163/2 2285/1164/2 2286/1165/2 2287/1166/2 2288/1167/2 2289/1168/2 2290/1169/2 2291/1170/2 2292/1171/2 2293/1172/2 2294/1173/2 2295/1174/2 2296/1175/2 2297/1176/2 2298/1177/2 2299/1178/2 2300/1179/2 2301/1180/2 2302/1181/2 2303/1182/2 2304/1183/2 2305/1184/2 2306/1185/2 2307/1186/2 2308/1187/2 2309/1188/2 2310/1189/2 2311/1190/2 2312/1191/2 2313/1192/2 2314/1193/2 2315/1194/2 2316/1195/2 2317/1196/2 2318/1197/2 2319/1198/2 2320/1199/2 2321/1200/2 2322/1201/2 2323/1202/2 2324/1203/2 2325/1204/2 2326/1205/2 2327/1206/2 2328/1207/2 2329/1208/2 2330/1209/2 2331/1210/2 2332/1211/2 2333/1212/2 2334/1213/2 2335/1214/2 2336/1215/2 2337/1216/2 2338/1217/2 2339/1218/2 2340/1219/2 2341/1220/2 2342/1221/2 2343/1222/2 2344/1223/2 2345/1224/2 2346/1225/2 2347/1226/2 2348/1227/2 2349/1228/2 2350/1229/2 2351/1230/2 2352/1231/2 2353/1232/2 2354/1233/2 2355/1234/2 2356/1235/2 2357/1236/2 2358/1237/2 2359/1238/2 2360/1239/2 2361/1240/2 

g Mesh103 GC200_1_6 ____2_t3_dwg1 Model

v 87422.6 -6504.08 -11004.4
v 87422.3 -6504.08 -11010.9
v 87422.6 -6504.08 -11017.4
v 87423.2 -6504.08 -11024
v 87424.3 -6504.08 -11030.4
v 87425.8 -6504.08 -11036.8
v 87427.7 -6504.08 -11043.1
v 87430 -6504.08 -11049.2
v 87432.7 -6504.08 -11055.1
v 87435.7 -6504.08 -11060.9
v 87439.2 -6504.08 -11066.5
v 87443 -6504.08 -11071.8
v 87447.2 -6504.08 -11076.9
v 87451.6 -6504.08 -11081.6
v 87456.4 -6504.08 -11086.1
v 87461.5 -6504.08 -11090.3
v 87466.8 -6504.08 -11094.1
v 87472.4 -6504.08 -11097.5
v 87478.1 -6504.08 -11100.6
v 87484.1 -6504.08 -11103.3
v 87490.2 -6504.08 -11105.6
v 87496.5 -6504.08 -11107.5
v 87502.9 -6504.08 -11109
v 87509.3 -6504.08 -11110.1
v 87515.8 -6504.08 -11110.7
v 87522.4 -6504.08 -11110.9
v 87528.9 -6504.08 -11110.7
v 87535.4 -6504.08 -11110.1
v 87541.9 -6504.08 -11109
v 87548.3 -6504.08 -11107.5
v 87554.5 -6504.08 -11105.6
v 87560.7 -6504.08 -11103.3
v 87566.6 -6504.08 -11100.6
v 87572.4 -6504.08 -11097.5
v 87577.9 -6504.08 -11094.1
v 87583.3 -6504.08 -11090.3
v 87588.3 -6504.08 -11086.1
v 87593.1 -6504.08 -11081.6
v 87597.6 -6504.08 -11076.9
v 87601.7 -6504.08 -11071.8
v 87605.5 -6504.08 -11066.5
v 87609 -6504.08 -11060.9
v 87612.1 -6504.08 -11055.1
v 87614.8 -6504.08 -11049.2
v 87617.1 -6504.08 -11043.1
v 87619 -6504.08 -11036.8
v 87620.5 -6504.08 -11030.4
v 87621.5 -6504.08 -11024
v 87622.2 -6504.08 -11017.4
v 87622.4 -6504.08 -11010.9
v 87622.2 -6504.08 -11004.4
v 87621.5 -6504.08 -10997.8
v 87620.5 -6504.08 -10991.4
v 87619 -6504.08 -10985
v 87617.1 -6504.08 -10978.8
v 87614.8 -6504.08 -10972.6
v 87612.1 -6504.08 -10966.7
v 87609 -6504.08 -10960.9
v 87605.5 -6504.08 -10955.3
v 87601.7 -6504.08 -10950
v 87597.6 -6504.08 -10945
v 87593.1 -6504.08 -10940.2
v 87588.3 -6504.08 -10935.7
v 87583.3 -6504.08 -10931.5
v 87577.9 -6504.08 -10927.7
v 87572.4 -6504.08 -10924.3
v 87566.6 -6504.08 -10921.2
v 87560.7 -6504.08 -10918.5
v 87554.5 -6504.08 -10916.2
v 87548.3 -6504.08 -10914.3
v 87541.9 -6504.08 -10912.8
v 87535.4 -6504.08 -10911.7
v 87528.9 -6504.08 -10911.1
v 87522.4 -6504.08 -10910.9
v 87515.8 -6504.08 -10911.1
v 87509.3 -6504.08 -10911.7
v 87502.9 -6504.08 -10912.8
v 87496.5 -6504.08 -10914.3
v 87490.2 -6504.08 -10916.2
v 87484.1 -6504.08 -10918.5
v 87478.1 -6504.08 -10921.2
v 87472.4 -6504.08 -10924.3
v 87466.8 -6504.08 -10927.7
v 87461.5 -6504.08 -10931.5
v 87456.4 -6504.08 -10935.7
v 87451.6 -6504.08 -10940.2
v 87447.2 -6504.08 -10945
v 87443 -6504.08 -10950
v 87439.2 -6504.08 -10955.3
v 87435.7 -6504.08 -10960.9
v 87432.7 -6504.08 -10966.7
v 87430 -6504.08 -10972.6
v 87427.7 -6504.08 -10978.8
v 87425.8 -6504.08 -10985
v 87424.3 -6504.08 -10991.4
v 87423.2 -6504.08 -10997.8
f 2362/1145/2 2363/1146/2 2364/1147/2 2365/1148/2 2366/1149/2 2367/1150/2 2368/1151/2 2369/1152/2 2370/1153/2 2371/1154/2 2372/1155/2 2373/1156/2 2374/1157/2 2375/1158/2 2376/1159/2 2377/1160/2 2378/1161/2 2379/1162/2 2380/1163/2 2381/1164/2 2382/1165/2 2383/1166/2 2384/1167/2 2385/1168/2 2386/1169/2 2387/1170/2 2388/1171/2 2389/1172/2 2390/1173/2 2391/1174/2 2392/1175/2 2393/1176/2 2394/1177/2 2395/1178/2 2396/1179/2 2397/1180/2 2398/1181/2 2399/1182/2 2400/1183/2 2401/1184/2 2402/1185/2 2403/1186/2 2404/1187/2 2405/1188/2 2406/1189/2 2407/1190/2 2408/1191/2 2409/1192/2 2410/1193/2 2411/1194/2 2412/1195/2 2413/1196/2 2414/1197/2 2415/1198/2 2416/1199/2 2417/1200/2 2418/1201/2 2419/1202/2 2420/1203/2 2421/1204/2 2422/1205/2 2423/1206/2 2424/1207/2 2425/1208/2 2426/1209/2 2427/1210/2 2428/1211/2 2429/1212/2 2430/1213/2 2431/1214/2 2432/1215/2 2433/1216/2 2434/1217/2 2435/1218/2 2436/1219/2 2437/1220/2 2438/1221/2 2439/1222/2 2440/1223/2 2441/1224/2 2442/1225/2 2443/1226/2 2444/1227/2 2445/1228/2 2446/1229/2 2447/1230/2 2448/1231/2 2449/1232/2 2450/1233/2 2451/1234/2 2452/1235/2 2453/1236/2 2454/1237/2 2455/1238/2 2456/1239/2 2457/1240/2 

g Mesh104 GC200_1_7 ____2_t3_dwg1 Model

v 92128.1 -6504.08 -31179.4
v 92127.9 -6504.08 -31186
v 92128.1 -6504.08 -31192.5
v 92128.8 -6504.08 -31199
v 92129.8 -6504.08 -31205.5
v 92131.3 -6504.08 -31211.9
v 92133.2 -6504.08 -31218.1
v 92135.5 -6504.08 -31224.2
v 92138.2 -6504.08 -31230.2
v 92141.3 -6504.08 -31236
v 92144.8 -6504.08 -31241.5
v 92148.6 -6504.08 -31246.9
v 92152.7 -6504.08 -31251.9
v 92157.2 -6504.08 -31256.7
v 92162 -6504.08 -31261.2
v 92167 -6504.08 -31265.3
v 92172.4 -6504.08 -31269.1
v 92177.9 -6504.08 -31272.6
v 92183.7 -6504.08 -31275.7
v 92189.7 -6504.08 -31278.4
v 92195.8 -6504.08 -31280.7
v 92202 -6504.08 -31282.6
v 92208.4 -6504.08 -31284.1
v 92214.9 -6504.08 -31285.1
v 92221.4 -6504.08 -31285.8
v 92227.9 -6504.08 -31286
v 92234.5 -6504.08 -31285.8
v 92241 -6504.08 -31285.1
v 92247.4 -6504.08 -31284.1
v 92253.8 -6504.08 -31282.6
v 92260.1 -6504.08 -31280.7
v 92266.2 -6504.08 -31278.4
v 92272.2 -6504.08 -31275.7
v 92277.9 -6504.08 -31272.6
v 92283.5 -6504.08 -31269.1
v 92288.8 -6504.08 -31265.3
v 92293.9 -6504.08 -31261.2
v 92298.7 -6504.08 -31256.7
v 92303.1 -6504.08 -31251.9
v 92307.3 -6504.08 -31246.9
v 92311.1 -6504.08 -31241.5
v 92314.6 -6504.08 -31236
v 92317.6 -6504.08 -31230.2
v 92320.3 -6504.08 -31224.2
v 92322.6 -6504.08 -31218.1
v 92324.5 -6504.08 -31211.9
v 92326 -6504.08 -31205.5
v 92327.1 -6504.08 -31199
v 92327.7 -6504.08 -31192.5
v 92328 -6504.08 -31186
v 92327.7 -6504.08 -31179.4
v 92327.1 -6504.08 -31172.9
v 92326 -6504.08 -31166.4
v 92324.5 -6504.08 -31160.1
v 92322.6 -6504.08 -31153.8
v 92320.3 -6504.08 -31147.7
v 92317.6 -6504.08 -31141.7
v 92314.6 -6504.08 -31136
v 92311.1 -6504.08 -31130.4
v 92307.3 -6504.08 -31125.1
v 92303.1 -6504.08 -31120
v 92298.7 -6504.08 -31115.2
v 92293.9 -6504.08 -31110.8
v 92288.8 -6504.08 -31106.6
v 92283.5 -6504.08 -31102.8
v 92277.9 -6504.08 -31099.3
v 92272.2 -6504.08 -31096.3
v 92266.2 -6504.08 -31093.6
v 92260.1 -6504.08 -31091.2
v 92253.8 -6504.08 -31089.3
v 92247.4 -6504.08 -31087.9
v 92241 -6504.08 -31086.8
v 92234.5 -6504.08 -31086.2
v 92227.9 -6504.08 -31085.9
v 92221.4 -6504.08 -31086.2
v 92214.9 -6504.08 -31086.8
v 92208.4 -6504.08 -31087.9
v 92202 -6504.08 -31089.3
v 92195.8 -6504.08 -31091.2
v 92189.7 -6504.08 -31093.6
v 92183.7 -6504.08 -31096.3
v 92177.9 -6504.08 -31099.3
v 92172.4 -6504.08 -31102.8
v 92167 -6504.08 -31106.6
v 92162 -6504.08 -31110.8
v 92157.2 -6504.08 -31115.2
v 92152.7 -6504.08 -31120
v 92148.6 -6504.08 -31125.1
v 92144.8 -6504.08 -31130.4
v 92141.3 -6504.08 -31136
v 92138.2 -6504.08 -31141.7
v 92135.5 -6504.08 -31147.7
v 92133.2 -6504.08 -31153.8
v 92131.3 -6504.08 -31160.1
v 92129.8 -6504.08 -31166.4
v 92128.8 -6504.08 -31172.9
f 2458/1145/2 2459/1146/2 2460/1147/2 2461/1148/2 2462/1149/2 2463/1150/2 2464/1151/2 2465/1152/2 2466/1153/2 2467/1154/2 2468/1155/2 2469/1156/2 2470/1157/2 2471/1158/2 2472/1159/2 2473/1160/2 2474/1161/2 2475/1162/2 2476/1163/2 2477/1164/2 2478/1165/2 2479/1166/2 2480/1167/2 2481/1168/2 2482/1169/2 2483/1170/2 2484/1171/2 2485/1172/2 2486/1173/2 2487/1174/2 2488/1175/2 2489/1176/2 2490/1177/2 2491/1178/2 2492/1179/2 2493/1180/2 2494/1181/2 2495/1182/2 2496/1183/2 2497/1184/2 2498/1185/2 2499/1186/2 2500/1187/2 2501/1188/2 2502/1189/2 2503/1190/2 2504/1191/2 2505/1192/2 2506/1193/2 2507/1194/2 2508/1195/2 2509/1196/2 2510/1197/2 2511/1198/2 2512/1199/2 2513/1200/2 2514/1201/2 2515/1202/2 2516/1203/2 2517/1204/2 2518/1205/2 2519/1206/2 2520/1207/2 2521/1208/2 2522/1209/2 2523/1210/2 2524/1211/2 2525/1212/2 2526/1213/2 2527/1214/2 2528/1215/2 2529/1216/2 2530/1217/2 2531/1218/2 2532/1219/2 2533/1220/2 2534/1221/2 2535/1222/2 2536/1223/2 2537/1224/2 2538/1225/2 2539/1226/2 2540/1227/2 2541/1228/2 2542/1229/2 2543/1230/2 2544/1231/2 2545/1232/2 2546/1233/2 2547/1234/2 2548/1235/2 2549/1236/2 2550/1237/2 2551/1238/2 2552/1239/2 2553/1240/2 

g Mesh105 GC200_1_8 ____2_t3_dwg1 Model

v 147640 -6504.08 -39794.5
v 147640 -6504.08 -39801
v 147640 -6504.08 -39807.5
v 147640 -6504.08 -39814.1
v 147642 -6504.08 -39820.5
v 147643 -6504.08 -39826.9
v 147645 -6504.08 -39833.2
v 147647 -6504.08 -39839.3
v 147650 -6504.08 -39845.2
v 147653 -6504.08 -39851
v 147656 -6504.08 -39856.6
v 147660 -6504.08 -39861.9
v 147664 -6504.08 -39867
v 147669 -6504.08 -39871.7
v 147674 -6504.08 -39876.2
v 147679 -6504.08 -39880.4
v 147684 -6504.08 -39884.2
v 147690 -6504.08 -39887.6
v 147695 -6504.08 -39890.7
v 147701 -6504.08 -39893.4
v 147708 -6504.08 -39895.7
v 147714 -6504.08 -39897.6
v 147720 -6504.08 -39899.1
v 147727 -6504.08 -39900.2
v 147733 -6504.08 -39900.8
v 147740 -6504.08 -39901
v 147746 -6504.08 -39900.8
v 147753 -6504.08 -39900.2
v 147759 -6504.08 -39899.1
v 147766 -6504.08 -39897.6
v 147772 -6504.08 -39895.7
v 147778 -6504.08 -39893.4
v 147784 -6504.08 -39890.7
v 147790 -6504.08 -39887.6
v 147795 -6504.08 -39884.2
v 147801 -6504.08 -39880.4
v 147806 -6504.08 -39876.2
v 147810 -6504.08 -39871.7
v 147815 -6504.08 -39867
v 147819 -6504.08 -39861.9
v 147823 -6504.08 -39856.6
v 147826 -6504.08 -39851
v 147829 -6504.08 -39845.2
v 147832 -6504.08 -39839.3
v 147834 -6504.08 -39833.2
v 147836 -6504.08 -39826.9
v 147838 -6504.08 -39820.5
v 147839 -6504.08 -39814.1
v 147839 -6504.08 -39807.5
v 147840 -6504.08 -39801
v 147839 -6504.08 -39794.5
v 147839 -6504.08 -39787.9
v 147838 -6504.08 -39781.5
v 147836 -6504.08 -39775.1
v 147834 -6504.08 -39768.9
v 147832 -6504.08 -39762.7
v 147829 -6504.08 -39756.8
v 147826 -6504.08 -39751
v 147823 -6504.08 -39745.4
v 147819 -6504.08 -39740.1
v 147815 -6504.08 -39735.1
v 147810 -6504.08 -39730.3
v 147806 -6504.08 -39725.8
v 147801 -6504.08 -39721.6
v 147795 -6504.08 -39717.8
v 147790 -6504.08 -39714.4
v 147784 -6504.08 -39711.3
v 147778 -6504.08 -39708.6
v 147772 -6504.08 -39706.3
v 147766 -6504.08 -39704.4
v 147759 -6504.08 -39702.9
v 147753 -6504.08 -39701.8
v 147746 -6504.08 -39701.2
v 147740 -6504.08 -39701
v 147733 -6504.08 -39701.2
v 147727 -6504.08 -39701.8
v 147720 -6504.08 -39702.9
v 147714 -6504.08 -39704.4
v 147708 -6504.08 -39706.3
v 147701 -6504.08 -39708.6
v 147695 -6504.08 -39711.3
v 147690 -6504.08 -39714.4
v 147684 -6504.08 -39717.8
v 147679 -6504.08 -39721.6
v 147674 -6504.08 -39725.8
v 147669 -6504.08 -39730.3
v 147664 -6504.08 -39735.1
v 147660 -6504.08 -39740.1
v 147656 -6504.08 -39745.4
v 147653 -6504.08 -39751
v 147650 -6504.08 -39756.8
v 147647 -6504.08 -39762.7
v 147645 -6504.08 -39768.9
v 147643 -6504.08 -39775.1
v 147642 -6504.08 -39781.5
v 147640 -6504.08 -39787.9
f 2554/1145/2 2555/1146/2 2556/1147/2 2557/1148/2 2558/1149/2 2559/1150/2 2560/1151/2 2561/1152/2 2562/1153/2 2563/1154/2 2564/1155/2 2565/1156/2 2566/1157/2 2567/1158/2 2568/1159/2 2569/1160/2 2570/1161/2 2571/1162/2 2572/1163/2 2573/1164/2 2574/1165/2 2575/1166/2 2576/1167/2 2577/1168/2 2578/1169/2 2579/1170/2 2580/1171/2 2581/1172/2 2582/1173/2 2583/1174/2 2584/1175/2 2585/1176/2 2586/1177/2 2587/1178/2 2588/1179/2 2589/1180/2 2590/1181/2 2591/1182/2 2592/1183/2 2593/1184/2 2594/1185/2 2595/1186/2 2596/1187/2 2597/1188/2 2598/1189/2 2599/1190/2 2600/1191/2 2601/1192/2 2602/1193/2 2603/1194/2 2604/1195/2 2605/1196/2 2606/1197/2 2607/1198/2 2608/1199/2 2609/1200/2 2610/1201/2 2611/1202/2 2612/1203/2 2613/1204/2 2614/1205/2 2615/1206/2 2616/1207/2 2617/1208/2 2618/1209/2 2619/1210/2 2620/1211/2 2621/1212/2 2622/1213/2 2623/1214/2 2624/1215/2 2625/1216/2 2626/1217/2 2627/1218/2 2628/1219/2 2629/1220/2 2630/1221/2 2631/1222/2 2632/1223/2 2633/1224/2 2634/1225/2 2635/1226/2 2636/1227/2 2637/1228/2 2638/1229/2 2639/1230/2 2640/1231/2 2641/1232/2 2642/1233/2 2643/1234/2 2644/1235/2 2645/1236/2 2646/1237/2 2647/1238/2 2648/1239/2 2649/1240/2 

g Mesh106 GC200_1_9 ____2_t3_dwg1 Model

v 1155.66 -6504.08 -60319.9
v 1155.45 -6504.08 -60326.5
v 1155.66 -6504.08 -60333
v 1156.3 -6504.08 -60339.5
v 1157.37 -6504.08 -60346
v 1158.86 -6504.08 -60352.4
v 1160.76 -6504.08 -60358.6
v 1163.06 -6504.08 -60364.8
v 1165.76 -6504.08 -60370.7
v 1168.85 -6504.08 -60376.5
v 1172.3 -6504.08 -60382.1
v 1176.12 -6504.08 -60387.4
v 1180.27 -6504.08 -60392.4
v 1184.74 -6504.08 -60397.2
v 1189.52 -6504.08 -60401.7
v 1194.58 -6504.08 -60405.8
v 1199.9 -6504.08 -60409.7
v 1205.46 -6504.08 -60413.1
v 1211.23 -6504.08 -60416.2
v 1217.2 -6504.08 -60418.9
v 1223.32 -6504.08 -60421.2
v 1229.59 -6504.08 -60423.1
v 1235.96 -6504.08 -60424.6
v 1242.42 -6504.08 -60425.7
v 1248.93 -6504.08 -60426.3
v 1255.47 -6504.08 -60426.5
v 1262.02 -6504.08 -60426.3
v 1268.53 -6504.08 -60425.7
v 1274.99 -6504.08 -60424.6
v 1281.36 -6504.08 -60423.1
v 1287.63 -6504.08 -60421.2
v 1293.75 -6504.08 -60418.9
v 1299.71 -6504.08 -60416.2
v 1305.49 -6504.08 -60413.1
v 1311.05 -6504.08 -60409.7
v 1316.37 -6504.08 -60405.8
v 1321.43 -6504.08 -60401.7
v 1326.2 -6504.08 -60397.2
v 1330.68 -6504.08 -60392.4
v 1334.83 -6504.08 -60387.4
v 1338.64 -6504.08 -60382.1
v 1342.1 -6504.08 -60376.5
v 1345.19 -6504.08 -60370.7
v 1347.89 -6504.08 -60364.8
v 1350.19 -6504.08 -60358.6
v 1352.09 -6504.08 -60352.4
v 1353.58 -6504.08 -60346
v 1354.65 -6504.08 -60339.5
v 1355.29 -6504.08 -60333
v 1355.5 -6504.08 -60326.5
v 1355.29 -6504.08 -60319.9
v 1354.65 -6504.08 -60313.4
v 1353.58 -6504.08 -60307
v 1352.09 -6504.08 -60300.6
v 1350.19 -6504.08 -60294.3
v 1347.89 -6504.08 -60288.2
v 1345.19 -6504.08 -60282.3
v 1342.1 -6504.08 -60276.5
v 1338.64 -6504.08 -60270.9
v 1334.83 -6504.08 -60265.6
v 1330.68 -6504.08 -60260.5
v 1326.2 -6504.08 -60255.8
v 1321.43 -6504.08 -60251.3
v 1316.37 -6504.08 -60247.1
v 1311.05 -6504.08 -60243.3
v 1305.49 -6504.08 -60239.9
v 1299.71 -6504.08 -60236.8
v 1293.75 -6504.08 -60234.1
v 1287.63 -6504.08 -60231.8
v 1281.36 -6504.08 -60229.9
v 1274.99 -6504.08 -60228.4
v 1268.53 -6504.08 -60227.3
v 1262.02 -6504.08 -60226.7
v 1255.47 -6504.08 -60226.5
v 1248.93 -6504.08 -60226.7
v 1242.42 -6504.08 -60227.3
v 1235.96 -6504.08 -60228.4
v 1229.59 -6504.08 -60229.9
v 1223.32 -6504.08 -60231.8
v 1217.2 -6504.08 -60234.1
v 1211.23 -6504.08 -60236.8
v 1205.46 -6504.08 -60239.9
v 1199.9 -6504.08 -60243.3
v 1194.58 -6504.08 -60247.1
v 1189.52 -6504.08 -60251.3
v 1184.74 -6504.08 -60255.8
v 1180.27 -6504.08 -60260.5
v 1176.12 -6504.08 -60265.6
v 1172.3 -6504.08 -60270.9
v 1168.85 -6504.08 -60276.5
v 1165.76 -6504.08 -60282.3
v 1163.06 -6504.08 -60288.2
v 1160.76 -6504.08 -60294.3
v 1158.86 -6504.08 -60300.6
v 1157.37 -6504.08 -60307
v 1156.3 -6504.08 -60313.4
f 2650/1145/2 2651/1146/2 2652/1147/2 2653/1148/2 2654/1149/2 2655/1150/2 2656/1151/2 2657/1152/2 2658/1153/2 2659/1154/2 2660/1155/2 2661/1156/2 2662/1157/2 2663/1158/2 2664/1159/2 2665/1160/2 2666/1161/2 2667/1162/2 2668/1163/2 2669/1164/2 2670/1165/2 2671/1166/2 2672/1167/2 2673/1168/2 2674/1169/2 2675/1170/2 2676/1171/2 2677/1172/2 2678/1173/2 2679/1174/2 2680/1175/2 2681/1176/2 2682/1177/2 2683/1178/2 2684/1179/2 2685/1180/2 2686/1181/2 2687/1182/2 2688/1183/2 2689/1184/2 2690/1185/2 2691/1186/2 2692/1187/2 2693/1188/2 2694/1189/2 2695/1190/2 2696/1191/2 2697/1192/2 2698/1193/2 2699/1194/2 2700/1195/2 2701/1196/2 2702/1197/2 2703/1198/2 2704/1199/2 2705/1200/2 2706/1201/2 2707/1202/2 2708/1203/2 2709/1204/2 2710/1205/2 2711/1206/2 2712/1207/2 2713/1208/2 2714/1209/2 2715/1210/2 2716/1211/2 2717/1212/2 2718/1213/2 2719/1214/2 2720/1215/2 2721/1216/2 2722/1217/2 2723/1218/2 2724/1219/2 2725/1220/2 2726/1221/2 2727/1222/2 2728/1223/2 2729/1224/2 2730/1225/2 2731/1226/2 2732/1227/2 2733/1228/2 2734/1229/2 2735/1230/2 2736/1231/2 2737/1232/2 2738/1233/2 2739/1234/2 2740/1235/2 2741/1236/2 2742/1237/2 2743/1238/2 2744/1239/2 2745/1240/2 

g Mesh107 GC200_1_10 ____2_t3_dwg1 Model

v 7852.63 -6504.08 -26769.1
v 7852.42 -6504.08 -26775.7
v 7852.63 -6504.08 -26782.2
v 7853.28 -6504.08 -26788.7
v 7854.34 -6504.08 -26795.2
v 7855.83 -6504.08 -26801.5
v 7857.73 -6504.08 -26807.8
v 7860.03 -6504.08 -26813.9
v 7862.74 -6504.08 -26819.9
v 7865.82 -6504.08 -26825.7
v 7869.28 -6504.08 -26831.2
v 7873.09 -6504.08 -26836.6
v 7877.24 -6504.08 -26841.6
v 7881.72 -6504.08 -26846.4
v 7886.5 -6504.08 -26850.9
v 7891.56 -6504.08 -26855
v 7896.88 -6504.08 -26858.8
v 7902.43 -6504.08 -26862.3
v 7908.21 -6504.08 -26865.4
v 7914.17 -6504.08 -26868.1
v 7920.29 -6504.08 -26870.4
v 7926.56 -6504.08 -26872.3
v 7932.93 -6504.08 -26873.8
v 7939.39 -6504.08 -26874.8
v 7945.91 -6504.08 -26875.5
v 7952.45 -6504.08 -26875.7
v 7958.99 -6504.08 -26875.5
v 7965.5 -6504.08 -26874.8
v 7971.96 -6504.08 -26873.8
v 7978.34 -6504.08 -26872.3
v 7984.6 -6504.08 -26870.4
v 7990.73 -6504.08 -26868.1
v 7996.69 -6504.08 -26865.4
v 8002.46 -6504.08 -26862.3
v 8008.02 -6504.08 -26858.8
v 8013.34 -6504.08 -26855
v 8018.4 -6504.08 -26850.9
v 8023.18 -6504.08 -26846.4
v 8027.65 -6504.08 -26841.6
v 8031.8 -6504.08 -26836.6
v 8035.62 -6504.08 -26831.2
v 8039.07 -6504.08 -26825.7
v 8042.16 -6504.08 -26819.9
v 8044.86 -6504.08 -26813.9
v 8047.17 -6504.08 -26807.8
v 8049.07 -6504.08 -26801.5
v 8050.55 -6504.08 -26795.2
v 8051.62 -6504.08 -26788.7
v 8052.26 -6504.08 -26782.2
v 8052.47 -6504.08 -26775.7
v 8052.26 -6504.08 -26769.1
v 8051.62 -6504.08 -26762.6
v 8050.55 -6504.08 -26756.1
v 8049.07 -6504.08 -26749.8
v 8047.17 -6504.08 -26743.5
v 8044.86 -6504.08 -26737.4
v 8042.16 -6504.08 -26731.4
v 8039.07 -6504.08 -26725.6
v 8035.62 -6504.08 -26720.1
v 8031.8 -6504.08 -26714.8
v 8027.65 -6504.08 -26709.7
v 8023.18 -6504.08 -26704.9
v 8018.4 -6504.08 -26700.5
v 8013.34 -6504.08 -26696.3
v 8008.02 -6504.08 -26692.5
v 8002.46 -6504.08 -26689
v 7996.69 -6504.08 -26685.9
v 7990.73 -6504.08 -26683.2
v 7984.6 -6504.08 -26680.9
v 7978.34 -6504.08 -26679
v 7971.96 -6504.08 -26677.6
v 7965.5 -6504.08 -26676.5
v 7958.99 -6504.08 -26675.8
v 7952.45 -6504.08 -26675.6
v 7945.91 -6504.08 -26675.8
v 7939.39 -6504.08 -26676.5
v 7932.93 -6504.08 -26677.6
v 7926.56 -6504.08 -26679
v 7920.29 -6504.08 -26680.9
v 7914.17 -6504.08 -26683.2
v 7908.21 -6504.08 -26685.9
v 7902.43 -6504.08 -26689
v 7896.88 -6504.08 -26692.5
v 7891.56 -6504.08 -26696.3
v 7886.5 -6504.08 -26700.5
v 7881.72 -6504.08 -26704.9
v 7877.24 -6504.08 -26709.7
v 7873.09 -6504.08 -26714.8
v 7869.28 -6504.08 -26720.1
v 7865.82 -6504.08 -26725.6
v 7862.74 -6504.08 -26731.4
v 7860.03 -6504.08 -26737.4
v 7857.73 -6504.08 -26743.5
v 7855.83 -6504.08 -26749.8
v 7854.34 -6504.08 -26756.1
v 7853.28 -6504.08 -26762.6
f 2746/1145/2 2747/1146/2 2748/1147/2 2749/1148/2 2750/1149/2 2751/1150/2 2752/1151/2 2753/1152/2 2754/1153/2 2755/1154/2 2756/1155/2 2757/1156/2 2758/1157/2 2759/1158/2 2760/1159/2 2761/1160/2 2762/1161/2 2763/1162/2 2764/1163/2 2765/1164/2 2766/1165/2 2767/1166/2 2768/1167/2 2769/1168/2 2770/1169/2 2771/1170/2 2772/1171/2 2773/1172/2 2774/1173/2 2775/1174/2 2776/1175/2 2777/1176/2 2778/1177/2 2779/1178/2 2780/1179/2 2781/1180/2 2782/1181/2 2783/1182/2 2784/1183/2 2785/1184/2 2786/1185/2 2787/1186/2 2788/1187/2 2789/1188/2 2790/1189/2 2791/1190/2 2792/1191/2 2793/1192/2 2794/1193/2 2795/1194/2 2796/1195/2 2797/1196/2 2798/1197/2 2799/1198/2 2800/1199/2 2801/1200/2 2802/1201/2 2803/1202/2 2804/1203/2 2805/1204/2 2806/1205/2 2807/1206/2 2808/1207/2 2809/1208/2 2810/1209/2 2811/1210/2 2812/1211/2 2813/1212/2 2814/1213/2 2815/1214/2 2816/1215/2 2817/1216/2 2818/1217/2 2819/1218/2 2820/1219/2 2821/1220/2 2822/1221/2 2823/1222/2 2824/1223/2 2825/1224/2 2826/1225/2 2827/1226/2 2828/1227/2 2829/1228/2 2830/1229/2 2831/1230/2 2832/1231/2 2833/1232/2 2834/1233/2 2835/1234/2 2836/1235/2 2837/1236/2 2838/1237/2 2839/1238/2 2840/1239/2 2841/1240/2 

g Mesh108 GC200_1_11 ____2_t3_dwg1 Model

v 56595 -6504.08 -4916.26
v 56594.8 -6504.08 -4922.8
v 56595 -6504.08 -4929.34
v 56595.7 -6504.08 -4935.86
v 56596.7 -6504.08 -4942.32
v 56598.2 -6504.08 -4948.69
v 56600.1 -6504.08 -4954.96
v 56602.4 -6504.08 -4961.08
v 56605.1 -6504.08 -4967.04
v 56608.2 -6504.08 -4972.82
v 56611.7 -6504.08 -4978.37
v 56615.5 -6504.08 -4983.69
v 56619.6 -6504.08 -4988.75
v 56624.1 -6504.08 -4993.53
v 56628.9 -6504.08 -4998.01
v 56634 -6504.08 -5002.16
v 56639.3 -6504.08 -5005.97
v 56644.8 -6504.08 -5009.43
v 56650.6 -6504.08 -5012.51
v 56656.6 -6504.08 -5015.22
v 56662.7 -6504.08 -5017.52
v 56669 -6504.08 -5019.42
v 56675.3 -6504.08 -5020.91
v 56681.8 -6504.08 -5021.97
v 56688.3 -6504.08 -5022.62
v 56694.9 -6504.08 -5022.83
v 56701.4 -6504.08 -5022.62
v 56707.9 -6504.08 -5021.97
v 56714.4 -6504.08 -5020.91
v 56720.7 -6504.08 -5019.42
v 56727 -6504.08 -5017.52
v 56733.1 -6504.08 -5015.22
v 56739.1 -6504.08 -5012.51
v 56744.9 -6504.08 -5009.43
v 56750.4 -6504.08 -5005.97
v 56755.7 -6504.08 -5002.16
v 56760.8 -6504.08 -4998.01
v 56765.6 -6504.08 -4993.53
v 56770.1 -6504.08 -4988.75
v 56774.2 -6504.08 -4983.69
v 56778 -6504.08 -4978.37
v 56781.5 -6504.08 -4972.82
v 56784.6 -6504.08 -4967.04
v 56787.3 -6504.08 -4961.08
v 56789.6 -6504.08 -4954.96
v 56791.5 -6504.08 -4948.69
v 56793 -6504.08 -4942.32
v 56794 -6504.08 -4935.86
v 56794.7 -6504.08 -4929.34
v 56794.9 -6504.08 -4922.8
v 56794.7 -6504.08 -4916.26
v 56794 -6504.08 -4909.75
v 56793 -6504.08 -4903.29
v 56791.5 -6504.08 -4896.91
v 56789.6 -6504.08 -4890.65
v 56787.3 -6504.08 -4884.52
v 56784.6 -6504.08 -4878.56
v 56781.5 -6504.08 -4872.79
v 56778 -6504.08 -4867.23
v 56774.2 -6504.08 -4861.91
v 56770.1 -6504.08 -4856.85
v 56765.6 -6504.08 -4852.07
v 56760.8 -6504.08 -4847.6
v 56755.7 -6504.08 -4843.45
v 56750.4 -6504.08 -4839.63
v 56744.9 -6504.08 -4836.18
v 56739.1 -6504.08 -4833.09
v 56733.1 -6504.08 -4830.39
v 56727 -6504.08 -4828.08
v 56720.7 -6504.08 -4826.18
v 56714.4 -6504.08 -4824.7
v 56707.9 -6504.08 -4823.63
v 56701.4 -6504.08 -4822.99
v 56694.9 -6504.08 -4822.78
v 56688.3 -6504.08 -4822.99
v 56681.8 -6504.08 -4823.63
v 56675.3 -6504.08 -4824.7
v 56669 -6504.08 -4826.18
v 56662.7 -6504.08 -4828.08
v 56656.6 -6504.08 -4830.39
v 56650.6 -6504.08 -4833.09
v 56644.8 -6504.08 -4836.18
v 56639.3 -6504.08 -4839.63
v 56634 -6504.08 -4843.45
v 56628.9 -6504.08 -4847.6
v 56624.1 -6504.08 -4852.07
v 56619.6 -6504.08 -4856.85
v 56615.5 -6504.08 -4861.91
v 56611.7 -6504.08 -4867.23
v 56608.2 -6504.08 -4872.79
v 56605.1 -6504.08 -4878.56
v 56602.4 -6504.08 -4884.52
v 56600.1 -6504.08 -4890.65
v 56598.2 -6504.08 -4896.91
v 56596.7 -6504.08 -4903.29
v 56595.7 -6504.08 -4909.75
f 2842/1145/2 2843/1146/2 2844/1147/2 2845/1148/2 2846/1149/2 2847/1150/2 2848/1151/2 2849/1152/2 2850/1153/2 2851/1154/2 2852/1155/2 2853/1156/2 2854/1157/2 2855/1158/2 2856/1159/2 2857/1160/2 2858/1161/2 2859/1162/2 2860/1163/2 2861/1164/2 2862/1165/2 2863/1166/2 2864/1167/2 2865/1168/2 2866/1169/2 2867/1170/2 2868/1171/2 2869/1172/2 2870/1173/2 2871/1174/2 2872/1175/2 2873/1176/2 2874/1177/2 2875/1178/2 2876/1179/2 2877/1180/2 2878/1181/2 2879/1182/2 2880/1183/2 2881/1184/2 2882/1185/2 2883/1186/2 2884/1187/2 2885/1188/2 2886/1189/2 2887/1190/2 2888/1191/2 2889/1192/2 2890/1193/2 2891/1194/2 2892/1195/2 2893/1196/2 2894/1197/2 2895/1198/2 2896/1199/2 2897/1200/2 2898/1201/2 2899/1202/2 2900/1203/2 2901/1204/2 2902/1205/2 2903/1206/2 2904/1207/2 2905/1208/2 2906/1209/2 2907/1210/2 2908/1211/2 2909/1212/2 2910/1213/2 2911/1214/2 2912/1215/2 2913/1216/2 2914/1217/2 2915/1218/2 2916/1219/2 2917/1220/2 2918/1221/2 2919/1222/2 2920/1223/2 2921/1224/2 2922/1225/2 2923/1226/2 2924/1227/2 2925/1228/2 2926/1229/2 2927/1230/2 2928/1231/2 2929/1232/2 2930/1233/2 2931/1234/2 2932/1235/2 2933/1236/2 2934/1237/2 2935/1238/2 2936/1239/2 2937/1240/2 

g Mesh109 GC200_1_12 ____2_t3_dwg1 Model

v 18896.5 -6504.08 401.88
v 18896.3 -6504.08 395.338
v 18896.5 -6504.08 388.796
v 18897.1 -6504.08 382.282
v 18898.2 -6504.08 375.824
v 18899.7 -6504.08 369.449
v 18901.6 -6504.08 363.186
v 18903.9 -6504.08 357.06
v 18906.6 -6504.08 351.098
v 18909.7 -6504.08 345.325
v 18913.1 -6504.08 339.766
v 18916.9 -6504.08 334.446
v 18921.1 -6504.08 329.386
v 18925.6 -6504.08 324.609
v 18930.4 -6504.08 320.134
v 18935.4 -6504.08 315.982
v 18940.7 -6504.08 312.169
v 18946.3 -6504.08 308.712
v 18952.1 -6504.08 305.627
v 18958 -6504.08 302.926
v 18964.2 -6504.08 300.62
v 18970.4 -6504.08 298.72
v 18976.8 -6504.08 297.233
v 18983.2 -6504.08 296.167
v 18989.8 -6504.08 295.526
v 18996.3 -6504.08 295.311
v 19002.8 -6504.08 295.526
v 19009.4 -6504.08 296.167
v 19015.8 -6504.08 297.233
v 19022.2 -6504.08 298.72
v 19028.5 -6504.08 300.62
v 19034.6 -6504.08 302.926
v 19040.5 -6504.08 305.627
v 19046.3 -6504.08 308.712
v 19051.9 -6504.08 312.169
v 19057.2 -6504.08 315.982
v 19062.3 -6504.08 320.134
v 19067 -6504.08 324.609
v 19071.5 -6504.08 329.386
v 19075.7 -6504.08 334.446
v 19079.5 -6504.08 339.766
v 19082.9 -6504.08 345.325
v 19086 -6504.08 351.098
v 19088.7 -6504.08 357.06
v 19091 -6504.08 363.186
v 19092.9 -6504.08 369.449
v 19094.4 -6504.08 375.824
v 19095.5 -6504.08 382.282
v 19096.1 -6504.08 388.796
v 19096.3 -6504.08 395.338
v 19096.1 -6504.08 401.88
v 19095.5 -6504.08 408.394
v 19094.4 -6504.08 414.852
v 19092.9 -6504.08 421.227
v 19091 -6504.08 427.491
v 19088.7 -6504.08 433.617
v 19086 -6504.08 439.579
v 19082.9 -6504.08 445.352
v 19079.5 -6504.08 450.91
v 19075.7 -6504.08 456.231
v 19071.5 -6504.08 461.29
v 19067 -6504.08 466.068
v 19062.3 -6504.08 470.542
v 19057.2 -6504.08 474.695
v 19051.9 -6504.08 478.507
v 19046.3 -6504.08 481.964
v 19040.5 -6504.08 485.05
v 19034.6 -6504.08 487.751
v 19028.5 -6504.08 490.057
v 19022.2 -6504.08 491.957
v 19015.8 -6504.08 493.443
v 19009.4 -6504.08 494.509
v 19002.8 -6504.08 495.151
v 18996.3 -6504.08 495.365
v 18989.8 -6504.08 495.151
v 18983.2 -6504.08 494.509
v 18976.8 -6504.08 493.443
v 18970.4 -6504.08 491.957
v 18964.2 -6504.08 490.057
v 18958 -6504.08 487.751
v 18952.1 -6504.08 485.05
v 18946.3 -6504.08 481.964
v 18940.7 -6504.08 478.507
v 18935.4 -6504.08 474.695
v 18930.4 -6504.08 470.542
v 18925.6 -6504.08 466.068
v 18921.1 -6504.08 461.29
v 18916.9 -6504.08 456.231
v 18913.1 -6504.08 450.91
v 18909.7 -6504.08 445.352
v 18906.6 -6504.08 439.579
v 18903.9 -6504.08 433.617
v 18901.6 -6504.08 427.491
v 18899.7 -6504.08 421.227
v 18898.2 -6504.08 414.852
v 18897.1 -6504.08 408.394
f 2938/1145/2 2939/1146/2 2940/1147/2 2941/1148/2 2942/1149/2 2943/1150/2 2944/1151/2 2945/1152/2 2946/1153/2 2947/1154/2 2948/1155/2 2949/1156/2 2950/1157/2 2951/1158/2 2952/1159/2 2953/1160/2 2954/1161/2 2955/1162/2 2956/1163/2 2957/1164/2 2958/1165/2 2959/1166/2 2960/1167/2 2961/1168/2 2962/1169/2 2963/1170/2 2964/1171/2 2965/1172/2 2966/1173/2 2967/1174/2 2968/1175/2 2969/1176/2 2970/1177/2 2971/1178/2 2972/1179/2 2973/1180/2 2974/1181/2 2975/1182/2 2976/1183/2 2977/1184/2 2978/1185/2 2979/1186/2 2980/1187/2 2981/1188/2 2982/1189/2 2983/1190/2 2984/1191/2 2985/1192/2 2986/1193/2 2987/1194/2 2988/1195/2 2989/1196/2 2990/1197/2 2991/1198/2 2992/1199/2 2993/1200/2 2994/1201/2 2995/1202/2 2996/1203/2 2997/1204/2 2998/1205/2 2999/1206/2 3000/1207/2 3001/1208/2 3002/1209/2 3003/1210/2 3004/1211/2 3005/1212/2 3006/1213/2 3007/1214/2 3008/1215/2 3009/1216/2 3010/1217/2 3011/1218/2 3012/1219/2 3013/1220/2 3014/1221/2 3015/1222/2 3016/1223/2 3017/1224/2 3018/1225/2 3019/1226/2 3020/1227/2 3021/1228/2 3022/1229/2 3023/1230/2 3024/1231/2 3025/1232/2 3026/1233/2 3027/1234/2 3028/1235/2 3029/1236/2 3030/1237/2 3031/1238/2 3032/1239/2 3033/1240/2 

g Mesh110 GC200_1_13 ____2_t3_dwg1 Model

v 93032.2 -6504.08 -75792.6
v 93032 -6504.08 -75799.1
v 93032.2 -6504.08 -75805.6
v 93032.9 -6504.08 -75812.2
v 93033.9 -6504.08 -75818.6
v 93035.4 -6504.08 -75825
v 93037.3 -6504.08 -75831.3
v 93039.6 -6504.08 -75837.4
v 93042.3 -6504.08 -75843.3
v 93045.4 -6504.08 -75849.1
v 93048.9 -6504.08 -75854.7
v 93052.7 -6504.08 -75860
v 93056.8 -6504.08 -75865.1
v 93061.3 -6504.08 -75869.8
v 93066.1 -6504.08 -75874.3
v 93071.1 -6504.08 -75878.5
v 93076.5 -6504.08 -75882.3
v 93082 -6504.08 -75885.7
v 93087.8 -6504.08 -75888.8
v 93093.8 -6504.08 -75891.5
v 93099.9 -6504.08 -75893.8
v 93106.1 -6504.08 -75895.7
v 93112.5 -6504.08 -75897.2
v 93119 -6504.08 -75898.3
v 93125.5 -6504.08 -75898.9
v 93132 -6504.08 -75899.1
v 93138.6 -6504.08 -75898.9
v 93145.1 -6504.08 -75898.3
v 93151.5 -6504.08 -75897.2
v 93157.9 -6504.08 -75895.7
v 93164.2 -6504.08 -75893.8
v 93170.3 -6504.08 -75891.5
v 93176.3 -6504.08 -75888.8
v 93182 -6504.08 -75885.7
v 93187.6 -6504.08 -75882.3
v 93192.9 -6504.08 -75878.5
v 93198 -6504.08 -75874.3
v 93202.8 -6504.08 -75869.8
v 93207.2 -6504.08 -75865.1
v 93211.4 -6504.08 -75860
v 93215.2 -6504.08 -75854.7
v 93218.7 -6504.08 -75849.1
v 93221.7 -6504.08 -75843.3
v 93224.4 -6504.08 -75837.4
v 93226.7 -6504.08 -75831.3
v 93228.6 -6504.08 -75825
v 93230.1 -6504.08 -75818.6
v 93231.2 -6504.08 -75812.2
v 93231.8 -6504.08 -75805.6
v 93232.1 -6504.08 -75799.1
v 93231.8 -6504.08 -75792.6
v 93231.2 -6504.08 -75786
v 93230.1 -6504.08 -75779.6
v 93228.6 -6504.08 -75773.2
v 93226.7 -6504.08 -75766.9
v 93224.4 -6504.08 -75760.8
v 93221.7 -6504.08 -75754.9
v 93218.7 -6504.08 -75749.1
v 93215.2 -6504.08 -75743.5
v 93211.4 -6504.08 -75738.2
v 93207.2 -6504.08 -75733.1
v 93202.8 -6504.08 -75728.4
v 93198 -6504.08 -75723.9
v 93192.9 -6504.08 -75719.7
v 93187.6 -6504.08 -75715.9
v 93182 -6504.08 -75712.5
v 93176.3 -6504.08 -75709.4
v 93170.3 -6504.08 -75706.7
v 93164.2 -6504.08 -75704.4
v 93157.9 -6504.08 -75702.5
v 93151.5 -6504.08 -75701
v 93145.1 -6504.08 -75699.9
v 93138.6 -6504.08 -75699.3
v 93132 -6504.08 -75699.1
v 93125.5 -6504.08 -75699.3
v 93119 -6504.08 -75699.9
v 93112.5 -6504.08 -75701
v 93106.1 -6504.08 -75702.5
v 93099.9 -6504.08 -75704.4
v 93093.8 -6504.08 -75706.7
v 93087.8 -6504.08 -75709.4
v 93082 -6504.08 -75712.5
v 93076.5 -6504.08 -75715.9
v 93071.1 -6504.08 -75719.7
v 93066.1 -6504.08 -75723.9
v 93061.3 -6504.08 -75728.4
v 93056.8 -6504.08 -75733.1
v 93052.7 -6504.08 -75738.2
v 93048.9 -6504.08 -75743.5
v 93045.4 -6504.08 -75749.1
v 93042.3 -6504.08 -75754.9
v 93039.6 -6504.08 -75760.8
v 93037.3 -6504.08 -75766.9
v 93035.4 -6504.08 -75773.2
v 93033.9 -6504.08 -75779.6
v 93032.9 -6504.08 -75786
f 3034/1145/2 3035/1146/2 3036/1147/2 3037/1148/2 3038/1149/2 3039/1150/2 3040/1151/2 3041/1152/2 3042/1153/2 3043/1154/2 3044/1155/2 3045/1156/2 3046/1157/2 3047/1158/2 3048/1159/2 3049/1160/2 3050/1161/2 3051/1162/2 3052/1163/2 3053/1164/2 3054/1165/2 3055/1166/2 3056/1167/2 3057/1168/2 3058/1169/2 3059/1170/2 3060/1171/2 3061/1172/2 3062/1173/2 3063/1174/2 3064/1175/2 3065/1176/2 3066/1177/2 3067/1178/2 3068/1179/2 3069/1180/2 3070/1181/2 3071/1182/2 3072/1183/2 3073/1184/2 3074/1185/2 3075/1186/2 3076/1187/2 3077/1188/2 3078/1189/2 3079/1190/2 3080/1191/2 3081/1192/2 3082/1193/2 3083/1194/2 3084/1195/2 3085/1196/2 3086/1197/2 3087/1198/2 3088/1199/2 3089/1200/2 3090/1201/2 3091/1202/2 3092/1203/2 3093/1204/2 3094/1205/2 3095/1206/2 3096/1207/2 3097/1208/2 3098/1209/2 3099/1210/2 3100/1211/2 3101/1212/2 3102/1213/2 3103/1214/2 3104/1215/2 3105/1216/2 3106/1217/2 3107/1218/2 3108/1219/2 3109/1220/2 3110/1221/2 3111/1222/2 3112/1223/2 3113/1224/2 3114/1225/2 3115/1226/2 3116/1227/2 3117/1228/2 3118/1229/2 3119/1230/2 3120/1231/2 3121/1232/2 3122/1233/2 3123/1234/2 3124/1235/2 3125/1236/2 3126/1237/2 3127/1238/2 3128/1239/2 3129/1240/2 

g Mesh111 GC200_1_14 ____2_t3_dwg1 Model

v 135680 -6504.08 -79349.8
v 135679 -6504.08 -79356.3
v 135680 -6504.08 -79362.8
v 135680 -6504.08 -79369.4
v 135681 -6504.08 -79375.8
v 135683 -6504.08 -79382.2
v 135685 -6504.08 -79388.5
v 135687 -6504.08 -79394.6
v 135690 -6504.08 -79400.5
v 135693 -6504.08 -79406.3
v 135696 -6504.08 -79411.9
v 135700 -6504.08 -79417.2
v 135704 -6504.08 -79422.3
v 135709 -6504.08 -79427
v 135713 -6504.08 -79431.5
v 135718 -6504.08 -79435.7
v 135724 -6504.08 -79439.5
v 135729 -6504.08 -79442.9
v 135735 -6504.08 -79446
v 135741 -6504.08 -79448.7
v 135747 -6504.08 -79451
v 135754 -6504.08 -79452.9
v 135760 -6504.08 -79454.4
v 135766 -6504.08 -79455.5
v 135773 -6504.08 -79456.1
v 135779 -6504.08 -79456.3
v 135786 -6504.08 -79456.1
v 135792 -6504.08 -79455.5
v 135799 -6504.08 -79454.4
v 135805 -6504.08 -79452.9
v 135812 -6504.08 -79451
v 135818 -6504.08 -79448.7
v 135824 -6504.08 -79446
v 135829 -6504.08 -79442.9
v 135835 -6504.08 -79439.5
v 135840 -6504.08 -79435.7
v 135845 -6504.08 -79431.5
v 135850 -6504.08 -79427
v 135855 -6504.08 -79422.3
v 135859 -6504.08 -79417.2
v 135863 -6504.08 -79411.9
v 135866 -6504.08 -79406.3
v 135869 -6504.08 -79400.5
v 135872 -6504.08 -79394.6
v 135874 -6504.08 -79388.5
v 135876 -6504.08 -79382.2
v 135877 -6504.08 -79375.8
v 135879 -6504.08 -79369.4
v 135879 -6504.08 -79362.8
v 135879 -6504.08 -79356.3
v 135879 -6504.08 -79349.8
v 135879 -6504.08 -79343.2
v 135877 -6504.08 -79336.8
v 135876 -6504.08 -79330.4
v 135874 -6504.08 -79324.2
v 135872 -6504.08 -79318
v 135869 -6504.08 -79312.1
v 135866 -6504.08 -79306.3
v 135863 -6504.08 -79300.7
v 135859 -6504.08 -79295.4
v 135855 -6504.08 -79290.4
v 135850 -6504.08 -79285.6
v 135845 -6504.08 -79281.1
v 135840 -6504.08 -79276.9
v 135835 -6504.08 -79273.1
v 135829 -6504.08 -79269.7
v 135824 -6504.08 -79266.6
v 135818 -6504.08 -79263.9
v 135812 -6504.08 -79261.6
v 135805 -6504.08 -79259.7
v 135799 -6504.08 -79258.2
v 135792 -6504.08 -79257.1
v 135786 -6504.08 -79256.5
v 135779 -6504.08 -79256.3
v 135773 -6504.08 -79256.5
v 135766 -6504.08 -79257.1
v 135760 -6504.08 -79258.2
v 135754 -6504.08 -79259.7
v 135747 -6504.08 -79261.6
v 135741 -6504.08 -79263.9
v 135735 -6504.08 -79266.6
v 135729 -6504.08 -79269.7
v 135724 -6504.08 -79273.1
v 135718 -6504.08 -79276.9
v 135713 -6504.08 -79281.1
v 135709 -6504.08 -79285.6
v 135704 -6504.08 -79290.4
v 135700 -6504.08 -79295.4
v 135696 -6504.08 -79300.7
v 135693 -6504.08 -79306.3
v 135690 -6504.08 -79312.1
v 135687 -6504.08 -79318
v 135685 -6504.08 -79324.2
v 135683 -6504.08 -79330.4
v 135681 -6504.08 -79336.8
v 135680 -6504.08 -79343.2
f 3130/1145/2 3131/1146/2 3132/1147/2 3133/1148/2 3134/1149/2 3135/1150/2 3136/1151/2 3137/1152/2 3138/1153/2 3139/1154/2 3140/1155/2 3141/1156/2 3142/1157/2 3143/1158/2 3144/1159/2 3145/1160/2 3146/1161/2 3147/1162/2 3148/1163/2 3149/1164/2 3150/1165/2 3151/1166/2 3152/1167/2 3153/1168/2 3154/1169/2 3155/1170/2 3156/1171/2 3157/1172/2 3158/1173/2 3159/1174/2 3160/1175/2 3161/1176/2 3162/1177/2 3163/1178/2 3164/1179/2 3165/1180/2 3166/1181/2 3167/1182/2 3168/1183/2 3169/1184/2 3170/1185/2 3171/1186/2 3172/1187/2 3173/1188/2 3174/1189/2 3175/1190/2 3176/1191/2 3177/1192/2 3178/1193/2 3179/1194/2 3180/1195/2 3181/1196/2 3182/1197/2 3183/1198/2 3184/1199/2 3185/1200/2 3186/1201/2 3187/1202/2 3188/1203/2 3189/1204/2 3190/1205/2 3191/1206/2 3192/1207/2 3193/1208/2 3194/1209/2 3195/1210/2 3196/1211/2 3197/1212/2 3198/1213/2 3199/1214/2 3200/1215/2 3201/1216/2 3202/1217/2 3203/1218/2 3204/1219/2 3205/1220/2 3206/1221/2 3207/1222/2 3208/1223/2 3209/1224/2 3210/1225/2 3211/1226/2 3212/1227/2 3213/1228/2 3214/1229/2 3215/1230/2 3216/1231/2 3217/1232/2 3218/1233/2 3219/1234/2 3220/1235/2 3221/1236/2 3222/1237/2 3223/1238/2 3224/1239/2 3225/1240/2 

g Mesh112 GC200_1_15 ____2_t3_dwg1 Model

v 122758 -6504.08 -60673.5
v 122757 -6504.08 -60680.1
v 122758 -6504.08 -60686.6
v 122758 -6504.08 -60693.1
v 122759 -6504.08 -60699.6
v 122761 -6504.08 -60706
v 122763 -6504.08 -60712.2
v 122765 -6504.08 -60718.4
v 122768 -6504.08 -60724.3
v 122771 -6504.08 -60730.1
v 122774 -6504.08 -60735.7
v 122778 -6504.08 -60741
v 122782 -6504.08 -60746
v 122787 -6504.08 -60750.8
v 122791 -6504.08 -60755.3
v 122796 -6504.08 -60759.4
v 122802 -6504.08 -60763.3
v 122807 -6504.08 -60766.7
v 122813 -6504.08 -60769.8
v 122819 -6504.08 -60772.5
v 122825 -6504.08 -60774.8
v 122831 -6504.08 -60776.7
v 122838 -6504.08 -60778.2
v 122844 -6504.08 -60779.3
v 122851 -6504.08 -60779.9
v 122857 -6504.08 -60780.1
v 122864 -6504.08 -60779.9
v 122870 -6504.08 -60779.3
v 122877 -6504.08 -60778.2
v 122883 -6504.08 -60776.7
v 122890 -6504.08 -60774.8
v 122896 -6504.08 -60772.5
v 122902 -6504.08 -60769.8
v 122907 -6504.08 -60766.7
v 122913 -6504.08 -60763.3
v 122918 -6504.08 -60759.4
v 122923 -6504.08 -60755.3
v 122928 -6504.08 -60750.8
v 122933 -6504.08 -60746
v 122937 -6504.08 -60741
v 122941 -6504.08 -60735.7
v 122944 -6504.08 -60730.1
v 122947 -6504.08 -60724.3
v 122950 -6504.08 -60718.4
v 122952 -6504.08 -60712.2
v 122954 -6504.08 -60706
v 122955 -6504.08 -60699.6
v 122957 -6504.08 -60693.1
v 122957 -6504.08 -60686.6
v 122957 -6504.08 -60680.1
v 122957 -6504.08 -60673.5
v 122957 -6504.08 -60667
v 122955 -6504.08 -60660.6
v 122954 -6504.08 -60654.2
v 122952 -6504.08 -60647.9
v 122950 -6504.08 -60641.8
v 122947 -6504.08 -60635.8
v 122944 -6504.08 -60630.1
v 122941 -6504.08 -60624.5
v 122937 -6504.08 -60619.2
v 122933 -6504.08 -60614.1
v 122928 -6504.08 -60609.4
v 122923 -6504.08 -60604.9
v 122918 -6504.08 -60600.7
v 122913 -6504.08 -60596.9
v 122907 -6504.08 -60593.5
v 122902 -6504.08 -60590.4
v 122896 -6504.08 -60587.7
v 122890 -6504.08 -60585.4
v 122883 -6504.08 -60583.5
v 122877 -6504.08 -60582
v 122870 -6504.08 -60580.9
v 122864 -6504.08 -60580.3
v 122857 -6504.08 -60580.1
v 122851 -6504.08 -60580.3
v 122844 -6504.08 -60580.9
v 122838 -6504.08 -60582
v 122831 -6504.08 -60583.5
v 122825 -6504.08 -60585.4
v 122819 -6504.08 -60587.7
v 122813 -6504.08 -60590.4
v 122807 -6504.08 -60593.5
v 122802 -6504.08 -60596.9
v 122796 -6504.08 -60600.7
v 122791 -6504.08 -60604.9
v 122787 -6504.08 -60609.4
v 122782 -6504.08 -60614.1
v 122778 -6504.08 -60619.2
v 122774 -6504.08 -60624.5
v 122771 -6504.08 -60630.1
v 122768 -6504.08 -60635.8
v 122765 -6504.08 -60641.8
v 122763 -6504.08 -60647.9
v 122761 -6504.08 -60654.2
v 122759 -6504.08 -60660.6
v 122758 -6504.08 -60667
f 3226/1145/2 3227/1146/2 3228/1147/2 3229/1148/2 3230/1149/2 3231/1150/2 3232/1151/2 3233/1152/2 3234/1153/2 3235/1154/2 3236/1155/2 3237/1156/2 3238/1157/2 3239/1158/2 3240/1159/2 3241/1160/2 3242/1161/2 3243/1162/2 3244/1163/2 3245/1164/2 3246/1165/2 3247/1166/2 3248/1167/2 3249/1168/2 3250/1169/2 3251/1170/2 3252/1171/2 3253/1172/2 3254/1173/2 3255/1174/2 3256/1175/2 3257/1176/2 3258/1177/2 3259/1178/2 3260/1179/2 3261/1180/2 3262/1181/2 3263/1182/2 3264/1183/2 3265/1184/2 3266/1185/2 3267/1186/2 3268/1187/2 3269/1188/2 3270/1189/2 3271/1190/2 3272/1191/2 3273/1192/2 3274/1193/2 3275/1194/2 3276/1195/2 3277/1196/2 3278/1197/2 3279/1198/2 3280/1199/2 3281/1200/2 3282/1201/2 3283/1202/2 3284/1203/2 3285/1204/2 3286/1205/2 3287/1206/2 3288/1207/2 3289/1208/2 3290/1209/2 3291/1210/2 3292/1211/2 3293/1212/2 3294/1213/2 3295/1214/2 3296/1215/2 3297/1216/2 3298/1217/2 3299/1218/2 3300/1219/2 3301/1220/2 3302/1221/2 3303/1222/2 3304/1223/2 3305/1224/2 3306/1225/2 3307/1226/2 3308/1227/2 3309/1228/2 3310/1229/2 3311/1230/2 3312/1231/2 3313/1232/2 3314/1233/2 3315/1234/2 3316/1235/2 3317/1236/2 3318/1237/2 3319/1238/2 3320/1239/2 3321/1240/2 

g Mesh113 GC200_1_16 ____2_t3_dwg1 Model

v 125241 -6504.08 -55151.5
v 125240 -6504.08 -55158
v 125241 -6504.08 -55164.6
v 125241 -6504.08 -55171.1
v 125242 -6504.08 -55177.6
v 125244 -6504.08 -55183.9
v 125246 -6504.08 -55190.2
v 125248 -6504.08 -55196.3
v 125251 -6504.08 -55202.3
v 125254 -6504.08 -55208.1
v 125257 -6504.08 -55213.6
v 125261 -6504.08 -55218.9
v 125265 -6504.08 -55224
v 125270 -6504.08 -55228.8
v 125274 -6504.08 -55233.3
v 125280 -6504.08 -55237.4
v 125285 -6504.08 -55241.2
v 125290 -6504.08 -55244.7
v 125296 -6504.08 -55247.8
v 125302 -6504.08 -55250.5
v 125308 -6504.08 -55252.8
v 125315 -6504.08 -55254.7
v 125321 -6504.08 -55256.2
v 125327 -6504.08 -55257.2
v 125334 -6504.08 -55257.9
v 125340 -6504.08 -55258.1
v 125347 -6504.08 -55257.9
v 125353 -6504.08 -55257.2
v 125360 -6504.08 -55256.2
v 125366 -6504.08 -55254.7
v 125373 -6504.08 -55252.8
v 125379 -6504.08 -55250.5
v 125385 -6504.08 -55247.8
v 125390 -6504.08 -55244.7
v 125396 -6504.08 -55241.2
v 125401 -6504.08 -55237.4
v 125406 -6504.08 -55233.3
v 125411 -6504.08 -55228.8
v 125416 -6504.08 -55224
v 125420 -6504.08 -55218.9
v 125424 -6504.08 -55213.6
v 125427 -6504.08 -55208.1
v 125430 -6504.08 -55202.3
v 125433 -6504.08 -55196.3
v 125435 -6504.08 -55190.2
v 125437 -6504.08 -55183.9
v 125439 -6504.08 -55177.6
v 125440 -6504.08 -55171.1
v 125440 -6504.08 -55164.6
v 125440 -6504.08 -55158
v 125440 -6504.08 -55151.5
v 125440 -6504.08 -55145
v 125439 -6504.08 -55138.5
v 125437 -6504.08 -55132.2
v 125435 -6504.08 -55125.9
v 125433 -6504.08 -55119.8
v 125430 -6504.08 -55113.8
v 125427 -6504.08 -55108
v 125424 -6504.08 -55102.5
v 125420 -6504.08 -55097.2
v 125416 -6504.08 -55092.1
v 125411 -6504.08 -55087.3
v 125406 -6504.08 -55082.8
v 125401 -6504.08 -55078.7
v 125396 -6504.08 -55074.9
v 125390 -6504.08 -55071.4
v 125385 -6504.08 -55068.3
v 125379 -6504.08 -55065.6
v 125373 -6504.08 -55063.3
v 125366 -6504.08 -55061.4
v 125360 -6504.08 -55059.9
v 125353 -6504.08 -55058.9
v 125347 -6504.08 -55058.2
v 125340 -6504.08 -55058
v 125334 -6504.08 -55058.2
v 125327 -6504.08 -55058.9
v 125321 -6504.08 -55059.9
v 125315 -6504.08 -55061.4
v 125308 -6504.08 -55063.3
v 125302 -6504.08 -55065.6
v 125296 -6504.08 -55068.3
v 125290 -6504.08 -55071.4
v 125285 -6504.08 -55074.9
v 125280 -6504.08 -55078.7
v 125274 -6504.08 -55082.8
v 125270 -6504.08 -55087.3
v 125265 -6504.08 -55092.1
v 125261 -6504.08 -55097.2
v 125257 -6504.08 -55102.5
v 125254 -6504.08 -55108
v 125251 -6504.08 -55113.8
v 125248 -6504.08 -55119.8
v 125246 -6504.08 -55125.9
v 125244 -6504.08 -55132.2
v 125242 -6504.08 -55138.5
v 125241 -6504.08 -55145
f 3322/1145/2 3323/1146/2 3324/1147/2 3325/1148/2 3326/1149/2 3327/1150/2 3328/1151/2 3329/1152/2 3330/1153/2 3331/1154/2 3332/1155/2 3333/1156/2 3334/1157/2 3335/1158/2 3336/1159/2 3337/1160/2 3338/1161/2 3339/1162/2 3340/1163/2 3341/1164/2 3342/1165/2 3343/1166/2 3344/1167/2 3345/1168/2 3346/1169/2 3347/1170/2 3348/1171/2 3349/1172/2 3350/1173/2 3351/1174/2 3352/1175/2 3353/1176/2 3354/1177/2 3355/1178/2 3356/1179/2 3357/1180/2 3358/1181/2 3359/1182/2 3360/1183/2 3361/1184/2 3362/1185/2 3363/1186/2 3364/1187/2 3365/1188/2 3366/1189/2 3367/1190/2 3368/1191/2 3369/1192/2 3370/1193/2 3371/1194/2 3372/1195/2 3373/1196/2 3374/1197/2 3375/1198/2 3376/1199/2 3377/1200/2 3378/1201/2 3379/1202/2 3380/1203/2 3381/1204/2 3382/1205/2 3383/1206/2 3384/1207/2 3385/1208/2 3386/1209/2 3387/1210/2 3388/1211/2 3389/1212/2 3390/1213/2 3391/1214/2 3392/1215/2 3393/1216/2 3394/1217/2 3395/1218/2 3396/1219/2 3397/1220/2 3398/1221/2 3399/1222/2 3400/1223/2 3401/1224/2 3402/1225/2 3403/1226/2 3404/1227/2 3405/1228/2 3406/1229/2 3407/1230/2 3408/1231/2 3409/1232/2 3410/1233/2 3411/1234/2 3412/1235/2 3413/1236/2 3414/1237/2 3415/1238/2 3416/1239/2 3417/1240/2 

g Mesh114 GC200_1_17 ____2_t3_dwg1 Model

v 82619.4 -6504.08 -4443.89
v 82619.2 -6504.08 -4450.43
v 82619.4 -6504.08 -4456.97
v 82620.1 -6504.08 -4463.49
v 82621.1 -6504.08 -4469.94
v 82622.6 -6504.08 -4476.32
v 82624.5 -6504.08 -4482.58
v 82626.8 -6504.08 -4488.71
v 82629.5 -6504.08 -4494.67
v 82632.6 -6504.08 -4500.44
v 82636.1 -6504.08 -4506
v 82639.9 -6504.08 -4511.32
v 82644 -6504.08 -4516.38
v 82648.5 -6504.08 -4521.16
v 82653.3 -6504.08 -4525.63
v 82658.3 -6504.08 -4529.79
v 82663.7 -6504.08 -4533.6
v 82669.2 -6504.08 -4537.05
v 82675 -6504.08 -4540.14
v 82681 -6504.08 -4542.84
v 82687.1 -6504.08 -4545.15
v 82693.3 -6504.08 -4547.05
v 82699.7 -6504.08 -4548.53
v 82706.2 -6504.08 -4549.6
v 82712.7 -6504.08 -4550.24
v 82719.2 -6504.08 -4550.46
v 82725.8 -6504.08 -4550.24
v 82732.3 -6504.08 -4549.6
v 82738.7 -6504.08 -4548.53
v 82745.1 -6504.08 -4547.05
v 82751.4 -6504.08 -4545.15
v 82757.5 -6504.08 -4542.84
v 82763.5 -6504.08 -4540.14
v 82769.2 -6504.08 -4537.05
v 82774.8 -6504.08 -4533.6
v 82780.1 -6504.08 -4529.79
v 82785.2 -6504.08 -4525.63
v 82790 -6504.08 -4521.16
v 82794.4 -6504.08 -4516.38
v 82798.6 -6504.08 -4511.32
v 82802.4 -6504.08 -4506
v 82805.9 -6504.08 -4500.44
v 82808.9 -6504.08 -4494.67
v 82811.6 -6504.08 -4488.71
v 82813.9 -6504.08 -4482.58
v 82815.8 -6504.08 -4476.32
v 82817.3 -6504.08 -4469.94
v 82818.4 -6504.08 -4463.49
v 82819 -6504.08 -4456.97
v 82819.3 -6504.08 -4450.43
v 82819 -6504.08 -4443.89
v 82818.4 -6504.08 -4437.37
v 82817.3 -6504.08 -4430.91
v 82815.8 -6504.08 -4424.54
v 82813.9 -6504.08 -4418.28
v 82811.6 -6504.08 -4412.15
v 82808.9 -6504.08 -4406.19
v 82805.9 -6504.08 -4400.42
v 82802.4 -6504.08 -4394.86
v 82798.6 -6504.08 -4389.54
v 82794.4 -6504.08 -4384.48
v 82790 -6504.08 -4379.7
v 82785.2 -6504.08 -4375.23
v 82780.1 -6504.08 -4371.07
v 82774.8 -6504.08 -4367.26
v 82769.2 -6504.08 -4363.8
v 82763.5 -6504.08 -4360.72
v 82757.5 -6504.08 -4358.02
v 82751.4 -6504.08 -4355.71
v 82745.1 -6504.08 -4353.81
v 82738.7 -6504.08 -4352.32
v 82732.3 -6504.08 -4351.26
v 82725.8 -6504.08 -4350.62
v 82719.2 -6504.08 -4350.4
v 82712.7 -6504.08 -4350.62
v 82706.2 -6504.08 -4351.26
v 82699.7 -6504.08 -4352.32
v 82693.3 -6504.08 -4353.81
v 82687.1 -6504.08 -4355.71
v 82681 -6504.08 -4358.02
v 82675 -6504.08 -4360.72
v 82669.2 -6504.08 -4363.8
v 82663.7 -6504.08 -4367.26
v 82658.3 -6504.08 -4371.07
v 82653.3 -6504.08 -4375.23
v 82648.5 -6504.08 -4379.7
v 82644 -6504.08 -4384.48
v 82639.9 -6504.08 -4389.54
v 82636.1 -6504.08 -4394.86
v 82632.6 -6504.08 -4400.42
v 82629.5 -6504.08 -4406.19
v 82626.8 -6504.08 -4412.15
v 82624.5 -6504.08 -4418.28
v 82622.6 -6504.08 -4424.54
v 82621.1 -6504.08 -4430.91
v 82620.1 -6504.08 -4437.37
f 3418/1145/2 3419/1146/2 3420/1147/2 3421/1148/2 3422/1149/2 3423/1150/2 3424/1151/2 3425/1152/2 3426/1153/2 3427/1154/2 3428/1155/2 3429/1156/2 3430/1157/2 3431/1158/2 3432/1159/2 3433/1160/2 3434/1161/2 3435/1162/2 3436/1163/2 3437/1164/2 3438/1165/2 3439/1166/2 3440/1167/2 3441/1168/2 3442/1169/2 3443/1170/2 3444/1171/2 3445/1172/2 3446/1173/2 3447/1174/2 3448/1175/2 3449/1176/2 3450/1177/2 3451/1178/2 3452/1179/2 3453/1180/2 3454/1181/2 3455/1182/2 3456/1183/2 3457/1184/2 3458/1185/2 3459/1186/2 3460/1187/2 3461/1188/2 3462/1189/2 3463/1190/2 3464/1191/2 3465/1192/2 3466/1193/2 3467/1194/2 3468/1195/2 3469/1196/2 3470/1197/2 3471/1198/2 3472/1199/2 3473/1200/2 3474/1201/2 3475/1202/2 3476/1203/2 3477/1204/2 3478/1205/2 3479/1206/2 3480/1207/2 3481/1208/2 3482/1209/2 3483/1210/2 3484/1211/2 3485/1212/2 3486/1213/2 3487/1214/2 3488/1215/2 3489/1216/2 3490/1217/2 3491/1218/2 3492/1219/2 3493/1220/2 3494/1221/2 3495/1222/2 3496/1223/2 3497/1224/2 3498/1225/2 3499/1226/2 3500/1227/2 3501/1228/2 3502/1229/2 3503/1230/2 3504/1231/2 3505/1232/2 3506/1233/2 3507/1234/2 3508/1235/2 3509/1236/2 3510/1237/2 3511/1238/2 3512/1239/2 3513/1240/2 

g Mesh115 GC200_1_18 ____2_t3_dwg1 Model

v 69514.2 -6504.08 -26815
v 69514 -6504.08 -26821.6
v 69514.2 -6504.08 -26828.1
v 69514.9 -6504.08 -26834.6
v 69515.9 -6504.08 -26841.1
v 69517.4 -6504.08 -26847.5
v 69519.3 -6504.08 -26853.7
v 69521.6 -6504.08 -26859.9
v 69524.3 -6504.08 -26865.8
v 69527.4 -6504.08 -26871.6
v 69530.9 -6504.08 -26877.1
v 69534.7 -6504.08 -26882.5
v 69538.8 -6504.08 -26887.5
v 69543.3 -6504.08 -26892.3
v 69548.1 -6504.08 -26896.8
v 69553.1 -6504.08 -26900.9
v 69558.5 -6504.08 -26904.7
v 69564 -6504.08 -26908.2
v 69569.8 -6504.08 -26911.3
v 69575.7 -6504.08 -26914
v 69581.9 -6504.08 -26916.3
v 69588.1 -6504.08 -26918.2
v 69594.5 -6504.08 -26919.7
v 69601 -6504.08 -26920.7
v 69607.5 -6504.08 -26921.4
v 69614 -6504.08 -26921.6
v 69620.6 -6504.08 -26921.4
v 69627.1 -6504.08 -26920.7
v 69633.5 -6504.08 -26919.7
v 69639.9 -6504.08 -26918.2
v 69646.2 -6504.08 -26916.3
v 69652.3 -6504.08 -26914
v 69658.3 -6504.08 -26911.3
v 69664 -6504.08 -26908.2
v 69669.6 -6504.08 -26904.7
v 69674.9 -6504.08 -26900.9
v 69680 -6504.08 -26896.8
v 69684.8 -6504.08 -26892.3
v 69689.2 -6504.08 -26887.5
v 69693.4 -6504.08 -26882.5
v 69697.2 -6504.08 -26877.1
v 69700.6 -6504.08 -26871.6
v 69703.7 -6504.08 -26865.8
v 69706.4 -6504.08 -26859.9
v 69708.7 -6504.08 -26853.7
v 69710.6 -6504.08 -26847.5
v 69712.1 -6504.08 -26841.1
v 69713.2 -6504.08 -26834.6
v 69713.8 -6504.08 -26828.1
v 69714 -6504.08 -26821.6
v 69713.8 -6504.08 -26815
v 69713.2 -6504.08 -26808.5
v 69712.1 -6504.08 -26802.1
v 69710.6 -6504.08 -26795.7
v 69708.7 -6504.08 -26789.4
v 69706.4 -6504.08 -26783.3
v 69703.7 -6504.08 -26777.3
v 69700.6 -6504.08 -26771.6
v 69697.2 -6504.08 -26766
v 69693.4 -6504.08 -26760.7
v 69689.2 -6504.08 -26755.6
v 69684.8 -6504.08 -26750.8
v 69680 -6504.08 -26746.4
v 69674.9 -6504.08 -26742.2
v 69669.6 -6504.08 -26738.4
v 69664 -6504.08 -26734.9
v 69658.3 -6504.08 -26731.9
v 69652.3 -6504.08 -26729.2
v 69646.2 -6504.08 -26726.9
v 69639.9 -6504.08 -26725
v 69633.5 -6504.08 -26723.5
v 69627.1 -6504.08 -26722.4
v 69620.6 -6504.08 -26721.8
v 69614 -6504.08 -26721.5
v 69607.5 -6504.08 -26721.8
v 69601 -6504.08 -26722.4
v 69594.5 -6504.08 -26723.5
v 69588.1 -6504.08 -26725
v 69581.9 -6504.08 -26726.9
v 69575.7 -6504.08 -26729.2
v 69569.8 -6504.08 -26731.9
v 69564 -6504.08 -26734.9
v 69558.5 -6504.08 -26738.4
v 69553.1 -6504.08 -26742.2
v 69548.1 -6504.08 -26746.4
v 69543.3 -6504.08 -26750.8
v 69538.8 -6504.08 -26755.6
v 69534.7 -6504.08 -26760.7
v 69530.9 -6504.08 -26766
v 69527.4 -6504.08 -26771.6
v 69524.3 -6504.08 -26777.3
v 69521.6 -6504.08 -26783.3
v 69519.3 -6504.08 -26789.4
v 69517.4 -6504.08 -26795.7
v 69515.9 -6504.08 -26802.1
v 69514.9 -6504.08 -26808.5
f 3514/1145/2 3515/1146/2 3516/1147/2 3517/1148/2 3518/1149/2 3519/1150/2 3520/1151/2 3521/1152/2 3522/1153/2 3523/1154/2 3524/1155/2 3525/1156/2 3526/1157/2 3527/1158/2 3528/1159/2 3529/1160/2 3530/1161/2 3531/1162/2 3532/1163/2 3533/1164/2 3534/1165/2 3535/1166/2 3536/1167/2 3537/1168/2 3538/1169/2 3539/1170/2 3540/1171/2 3541/1172/2 3542/1173/2 3543/1174/2 3544/1175/2 3545/1176/2 3546/1177/2 3547/1178/2 3548/1179/2 3549/1180/2 3550/1181/2 3551/1182/2 3552/1183/2 3553/1184/2 3554/1185/2 3555/1186/2 3556/1187/2 3557/1188/2 3558/1189/2 3559/1190/2 3560/1191/2 3561/1192/2 3562/1193/2 3563/1194/2 3564/1195/2 3565/1196/2 3566/1197/2 3567/1198/2 3568/1199/2 3569/1200/2 3570/1201/2 3571/1202/2 3572/1203/2 3573/1204/2 3574/1205/2 3575/1206/2 3576/1207/2 3577/1208/2 3578/1209/2 3579/1210/2 3580/1211/2 3581/1212/2 3582/1213/2 3583/1214/2 3584/1215/2 3585/1216/2 3586/1217/2 3587/1218/2 3588/1219/2 3589/1220/2 3590/1221/2 3591/1222/2 3592/1223/2 3593/1224/2 3594/1225/2 3595/1226/2 3596/1227/2 3597/1228/2 3598/1229/2 3599/1230/2 3600/1231/2 3601/1232/2 3602/1233/2 3603/1234/2 3604/1235/2 3605/1236/2 3606/1237/2 3607/1238/2 3608/1239/2 3609/1240/2 

g Mesh116 GC200_1_19 ____2_t3_dwg1 Model

v 54846 -6504.08 -45568.1
v 54845.8 -6504.08 -45574.7
v 54846 -6504.08 -45581.2
v 54846.6 -6504.08 -45587.7
v 54847.7 -6504.08 -45594.2
v 54849.2 -6504.08 -45600.6
v 54851.1 -6504.08 -45606.8
v 54853.4 -6504.08 -45613
v 54856.1 -6504.08 -45618.9
v 54859.2 -6504.08 -45624.7
v 54862.6 -6504.08 -45630.3
v 54866.5 -6504.08 -45635.6
v 54870.6 -6504.08 -45640.6
v 54875.1 -6504.08 -45645.4
v 54879.9 -6504.08 -45649.9
v 54884.9 -6504.08 -45654
v 54890.2 -6504.08 -45657.8
v 54895.8 -6504.08 -45661.3
v 54901.6 -6504.08 -45664.4
v 54907.5 -6504.08 -45667.1
v 54913.7 -6504.08 -45669.4
v 54919.9 -6504.08 -45671.3
v 54926.3 -6504.08 -45672.8
v 54932.8 -6504.08 -45673.8
v 54939.3 -6504.08 -45674.5
v 54945.8 -6504.08 -45674.7
v 54952.4 -6504.08 -45674.5
v 54958.9 -6504.08 -45673.8
v 54965.3 -6504.08 -45672.8
v 54971.7 -6504.08 -45671.3
v 54978 -6504.08 -45669.4
v 54984.1 -6504.08 -45667.1
v 54990.1 -6504.08 -45664.4
v 54995.8 -6504.08 -45661.3
v 55001.4 -6504.08 -45657.8
v 55006.7 -6504.08 -45654
v 55011.8 -6504.08 -45649.9
v 55016.5 -6504.08 -45645.4
v 55021 -6504.08 -45640.6
v 55025.2 -6504.08 -45635.6
v 55029 -6504.08 -45630.3
v 55032.4 -6504.08 -45624.7
v 55035.5 -6504.08 -45618.9
v 55038.2 -6504.08 -45613
v 55040.5 -6504.08 -45606.8
v 55042.4 -6504.08 -45600.6
v 55043.9 -6504.08 -45594.2
v 55045 -6504.08 -45587.7
v 55045.6 -6504.08 -45581.2
v 55045.8 -6504.08 -45574.7
v 55045.6 -6504.08 -45568.1
v 55045 -6504.08 -45561.6
v 55043.9 -6504.08 -45555.2
v 55042.4 -6504.08 -45548.8
v 55040.5 -6504.08 -45542.5
v 55038.2 -6504.08 -45536.4
v 55035.5 -6504.08 -45530.4
v 55032.4 -6504.08 -45524.7
v 55029 -6504.08 -45519.1
v 55025.2 -6504.08 -45513.8
v 55021 -6504.08 -45508.7
v 55016.5 -6504.08 -45503.9
v 55011.8 -6504.08 -45499.5
v 55006.7 -6504.08 -45495.3
v 55001.4 -6504.08 -45491.5
v 54995.8 -6504.08 -45488.1
v 54990.1 -6504.08 -45485
v 54984.1 -6504.08 -45482.3
v 54978 -6504.08 -45480
v 54971.7 -6504.08 -45478.1
v 54965.3 -6504.08 -45476.6
v 54958.9 -6504.08 -45475.5
v 54952.4 -6504.08 -45474.9
v 54945.8 -6504.08 -45474.7
v 54939.3 -6504.08 -45474.9
v 54932.8 -6504.08 -45475.5
v 54926.3 -6504.08 -45476.6
v 54919.9 -6504.08 -45478.1
v 54913.7 -6504.08 -45480
v 54907.5 -6504.08 -45482.3
v 54901.6 -6504.08 -45485
v 54895.8 -6504.08 -45488.1
v 54890.2 -6504.08 -45491.5
v 54884.9 -6504.08 -45495.3
v 54879.9 -6504.08 -45499.5
v 54875.1 -6504.08 -45503.9
v 54870.6 -6504.08 -45508.7
v 54866.5 -6504.08 -45513.8
v 54862.6 -6504.08 -45519.1
v 54859.2 -6504.08 -45524.7
v 54856.1 -6504.08 -45530.4
v 54853.4 -6504.08 -45536.4
v 54851.1 -6504.08 -45542.5
v 54849.2 -6504.08 -45548.8
v 54847.7 -6504.08 -45555.2
v 54846.6 -6504.08 -45561.6
f 3610/1145/2 3611/1146/2 3612/1147/2 3613/1148/2 3614/1149/2 3615/1150/2 3616/1151/2 3617/1152/2 3618/1153/2 3619/1154/2 3620/1155/2 3621/1156/2 3622/1157/2 3623/1158/2 3624/1159/2 3625/1160/2 3626/1161/2 3627/1162/2 3628/1163/2 3629/1164/2 3630/1165/2 3631/1166/2 3632/1167/2 3633/1168/2 3634/1169/2 3635/1170/2 3636/1171/2 3637/1172/2 3638/1173/2 3639/1174/2 3640/1175/2 3641/1176/2 3642/1177/2 3643/1178/2 3644/1179/2 3645/1180/2 3646/1181/2 3647/1182/2 3648/1183/2 3649/1184/2 3650/1185/2 3651/1186/2 3652/1187/2 3653/1188/2 3654/1189/2 3655/1190/2 3656/1191/2 3657/1192/2 3658/1193/2 3659/1194/2 3660/1195/2 3661/1196/2 3662/1197/2 3663/1198/2 3664/1199/2 3665/1200/2 3666/1201/2 3667/1202/2 3668/1203/2 3669/1204/2 3670/1205/2 3671/1206/2 3672/1207/2 3673/1208/2 3674/1209/2 3675/1210/2 3676/1211/2 3677/1212/2 3678/1213/2 3679/1214/2 3680/1215/2 3681/1216/2 3682/1217/2 3683/1218/2 3684/1219/2 3685/1220/2 3686/1221/2 3687/1222/2 3688/1223/2 3689/1224/2 3690/1225/2 3691/1226/2 3692/1227/2 3693/1228/2 3694/1229/2 3695/1230/2 3696/1231/2 3697/1232/2 3698/1233/2 3699/1234/2 3700/1235/2 3701/1236/2 3702/1237/2 3703/1238/2 3704/1239/2 3705/1240/2 

g Mesh117 GC200_1_20 ____2_t3_dwg1 Model

v 54023.9 -6504.08 -72189.4
v 54023.7 -6504.08 -72195.9
v 54023.9 -6504.08 -72202.5
v 54024.5 -6504.08 -72209
v 54025.6 -6504.08 -72215.4
v 54027.1 -6504.08 -72221.8
v 54029 -6504.08 -72228.1
v 54031.3 -6504.08 -72234.2
v 54034 -6504.08 -72240.2
v 54037.1 -6504.08 -72245.9
v 54040.5 -6504.08 -72251.5
v 54044.3 -6504.08 -72256.8
v 54048.5 -6504.08 -72261.9
v 54053 -6504.08 -72266.6
v 54057.7 -6504.08 -72271.1
v 54062.8 -6504.08 -72275.3
v 54068.1 -6504.08 -72279.1
v 54073.7 -6504.08 -72282.5
v 54079.5 -6504.08 -72285.6
v 54085.4 -6504.08 -72288.3
v 54091.5 -6504.08 -72290.6
v 54097.8 -6504.08 -72292.5
v 54104.2 -6504.08 -72294
v 54110.6 -6504.08 -72295.1
v 54117.2 -6504.08 -72295.7
v 54123.7 -6504.08 -72295.9
v 54130.2 -6504.08 -72295.7
v 54136.8 -6504.08 -72295.1
v 54143.2 -6504.08 -72294
v 54149.6 -6504.08 -72292.5
v 54155.9 -6504.08 -72290.6
v 54162 -6504.08 -72288.3
v 54167.9 -6504.08 -72285.6
v 54173.7 -6504.08 -72282.5
v 54179.3 -6504.08 -72279.1
v 54184.6 -6504.08 -72275.3
v 54189.7 -6504.08 -72271.1
v 54194.4 -6504.08 -72266.6
v 54198.9 -6504.08 -72261.9
v 54203.1 -6504.08 -72256.8
v 54206.9 -6504.08 -72251.5
v 54210.3 -6504.08 -72245.9
v 54213.4 -6504.08 -72240.2
v 54216.1 -6504.08 -72234.2
v 54218.4 -6504.08 -72228.1
v 54220.3 -6504.08 -72221.8
v 54221.8 -6504.08 -72215.4
v 54222.9 -6504.08 -72209
v 54223.5 -6504.08 -72202.5
v 54223.7 -6504.08 -72195.9
v 54223.5 -6504.08 -72189.4
v 54222.9 -6504.08 -72182.9
v 54221.8 -6504.08 -72176.4
v 54220.3 -6504.08 -72170
v 54218.4 -6504.08 -72163.8
v 54216.1 -6504.08 -72157.6
v 54213.4 -6504.08 -72151.7
v 54210.3 -6504.08 -72145.9
v 54206.9 -6504.08 -72140.3
v 54203.1 -6504.08 -72135
v 54198.9 -6504.08 -72130
v 54194.4 -6504.08 -72125.2
v 54189.7 -6504.08 -72120.7
v 54184.6 -6504.08 -72116.6
v 54179.3 -6504.08 -72112.7
v 54173.7 -6504.08 -72109.3
v 54167.9 -6504.08 -72106.2
v 54162 -6504.08 -72103.5
v 54155.9 -6504.08 -72101.2
v 54149.6 -6504.08 -72099.3
v 54143.2 -6504.08 -72097.8
v 54136.8 -6504.08 -72096.7
v 54130.2 -6504.08 -72096.1
v 54123.7 -6504.08 -72095.9
v 54117.2 -6504.08 -72096.1
v 54110.6 -6504.08 -72096.7
v 54104.2 -6504.08 -72097.8
v 54097.8 -6504.08 -72099.3
v 54091.5 -6504.08 -72101.2
v 54085.4 -6504.08 -72103.5
v 54079.5 -6504.08 -72106.2
v 54073.7 -6504.08 -72109.3
v 54068.1 -6504.08 -72112.7
v 54062.8 -6504.08 -72116.6
v 54057.7 -6504.08 -72120.7
v 54053 -6504.08 -72125.2
v 54048.5 -6504.08 -72130
v 54044.3 -6504.08 -72135
v 54040.5 -6504.08 -72140.3
v 54037.1 -6504.08 -72145.9
v 54034 -6504.08 -72151.7
v 54031.3 -6504.08 -72157.6
v 54029 -6504.08 -72163.8
v 54027.1 -6504.08 -72170
v 54025.6 -6504.08 -72176.4
v 54024.5 -6504.08 -72182.9
f 3706/1145/2 3707/1146/2 3708/1147/2 3709/1148/2 3710/1149/2 3711/1150/2 3712/1151/2 3713/1152/2 3714/1153/2 3715/1154/2 3716/1155/2 3717/1156/2 3718/1157/2 3719/1158/2 3720/1159/2 3721/1160/2 3722/1161/2 3723/1162/2 3724/1163/2 3725/1164/2 3726/1165/2 3727/1166/2 3728/1167/2 3729/1168/2 3730/1169/2 3731/1170/2 3732/1171/2 3733/1172/2 3734/1173/2 3735/1174/2 3736/1175/2 3737/1176/2 3738/1177/2 3739/1178/2 3740/1179/2 3741/1180/2 3742/1181/2 3743/1182/2 3744/1183/2 3745/1184/2 3746/1185/2 3747/1186/2 3748/1187/2 3749/1188/2 3750/1189/2 3751/1190/2 3752/1191/2 3753/1192/2 3754/1193/2 3755/1194/2 3756/1195/2 3757/1196/2 3758/1197/2 3759/1198/2 3760/1199/2 3761/1200/2 3762/1201/2 3763/1202/2 3764/1203/2 3765/1204/2 3766/1205/2 3767/1206/2 3768/1207/2 3769/1208/2 3770/1209/2 3771/1210/2 3772/1211/2 3773/1212/2 3774/1213/2 3775/1214/2 3776/1215/2 3777/1216/2 3778/1217/2 3779/1218/2 3780/1219/2 3781/1220/2 3782/1221/2 3783/1222/2 3784/1223/2 3785/1224/2 3786/1225/2 3787/1226/2 3788/1227/2 3789/1228/2 3790/1229/2 3791/1230/2 3792/1231/2 3793/1232/2 3794/1233/2 3795/1234/2 3796/1235/2 3797/1236/2 3798/1237/2 3799/1238/2 3800/1239/2 3801/1240/2 

g Mesh118 GC200_1_21 ____2_t3_dwg1 Model

v 60448.9 -6504.08 -91033.6
v 60448.7 -6504.08 -91040.1
v 60448.9 -6504.08 -91046.6
v 60449.5 -6504.08 -91053.2
v 60450.6 -6504.08 -91059.6
v 60452.1 -6504.08 -91066
v 60454 -6504.08 -91072.3
v 60456.3 -6504.08 -91078.4
v 60459 -6504.08 -91084.3
v 60462.1 -6504.08 -91090.1
v 60465.5 -6504.08 -91095.7
v 60469.3 -6504.08 -91101
v 60473.5 -6504.08 -91106.1
v 60478 -6504.08 -91110.8
v 60482.7 -6504.08 -91115.3
v 60487.8 -6504.08 -91119.5
v 60493.1 -6504.08 -91123.3
v 60498.7 -6504.08 -91126.7
v 60504.4 -6504.08 -91129.8
v 60510.4 -6504.08 -91132.5
v 60516.5 -6504.08 -91134.8
v 60522.8 -6504.08 -91136.7
v 60529.2 -6504.08 -91138.2
v 60535.6 -6504.08 -91139.3
v 60542.1 -6504.08 -91139.9
v 60548.7 -6504.08 -91140.1
v 60555.2 -6504.08 -91139.9
v 60561.7 -6504.08 -91139.3
v 60568.2 -6504.08 -91138.2
v 60574.6 -6504.08 -91136.7
v 60580.8 -6504.08 -91134.8
v 60587 -6504.08 -91132.5
v 60592.9 -6504.08 -91129.8
v 60598.7 -6504.08 -91126.7
v 60604.3 -6504.08 -91123.3
v 60609.6 -6504.08 -91119.5
v 60614.6 -6504.08 -91115.3
v 60619.4 -6504.08 -91110.8
v 60623.9 -6504.08 -91106.1
v 60628 -6504.08 -91101
v 60631.9 -6504.08 -91095.7
v 60635.3 -6504.08 -91090.1
v 60638.4 -6504.08 -91084.3
v 60641.1 -6504.08 -91078.4
v 60643.4 -6504.08 -91072.3
v 60645.3 -6504.08 -91066
v 60646.8 -6504.08 -91059.6
v 60647.9 -6504.08 -91053.2
v 60648.5 -6504.08 -91046.6
v 60648.7 -6504.08 -91040.1
v 60648.5 -6504.08 -91033.6
v 60647.9 -6504.08 -91027
v 60646.8 -6504.08 -91020.6
v 60645.3 -6504.08 -91014.2
v 60643.4 -6504.08 -91007.9
v 60641.1 -6504.08 -91001.8
v 60638.4 -6504.08 -90995.9
v 60635.3 -6504.08 -90990.1
v 60631.9 -6504.08 -90984.5
v 60628 -6504.08 -90979.2
v 60623.9 -6504.08 -90974.2
v 60619.4 -6504.08 -90969.4
v 60614.6 -6504.08 -90964.9
v 60609.6 -6504.08 -90960.7
v 60604.3 -6504.08 -90956.9
v 60598.7 -6504.08 -90953.5
v 60592.9 -6504.08 -90950.4
v 60587 -6504.08 -90947.7
v 60580.8 -6504.08 -90945.4
v 60574.6 -6504.08 -90943.5
v 60568.2 -6504.08 -90942
v 60561.7 -6504.08 -90940.9
v 60555.2 -6504.08 -90940.3
v 60548.7 -6504.08 -90940.1
v 60542.1 -6504.08 -90940.3
v 60535.6 -6504.08 -90940.9
v 60529.2 -6504.08 -90942
v 60522.8 -6504.08 -90943.5
v 60516.5 -6504.08 -90945.4
v 60510.4 -6504.08 -90947.7
v 60504.4 -6504.08 -90950.4
v 60498.7 -6504.08 -90953.5
v 60493.1 -6504.08 -90956.9
v 60487.8 -6504.08 -90960.7
v 60482.7 -6504.08 -90964.9
v 60478 -6504.08 -90969.4
v 60473.5 -6504.08 -90974.2
v 60469.3 -6504.08 -90979.2
v 60465.5 -6504.08 -90984.5
v 60462.1 -6504.08 -90990.1
v 60459 -6504.08 -90995.9
v 60456.3 -6504.08 -91001.8
v 60454 -6504.08 -91007.9
v 60452.1 -6504.08 -91014.2
v 60450.6 -6504.08 -91020.6
v 60449.5 -6504.08 -91027
f 3802/1145/2 3803/1146/2 3804/1147/2 3805/1148/2 3806/1149/2 3807/1150/2 3808/1151/2 3809/1152/2 3810/1153/2 3811/1154/2 3812/1155/2 3813/1156/2 3814/1157/2 3815/1158/2 3816/1159/2 3817/1160/2 3818/1161/2 3819/1162/2 3820/1163/2 3821/1164/2 3822/1165/2 3823/1166/2 3824/1167/2 3825/1168/2 3826/1169/2 3827/1170/2 3828/1171/2 3829/1172/2 3830/1173/2 3831/1174/2 3832/1175/2 3833/1176/2 3834/1177/2 3835/1178/2 3836/1179/2 3837/1180/2 3838/1181/2 3839/1182/2 3840/1183/2 3841/1184/2 3842/1185/2 3843/1186/2 3844/1187/2 3845/1188/2 3846/1189/2 3847/1190/2 3848/1191/2 3849/1192/2 3850/1193/2 3851/1194/2 3852/1195/2 3853/1196/2 3854/1197/2 3855/1198/2 3856/1199/2 3857/1200/2 3858/1201/2 3859/1202/2 3860/1203/2 3861/1204/2 3862/1205/2 3863/1206/2 3864/1207/2 3865/1208/2 3866/1209/2 3867/1210/2 3868/1211/2 3869/1212/2 3870/1213/2 3871/1214/2 3872/1215/2 3873/1216/2 3874/1217/2 3875/1218/2 3876/1219/2 3877/1220/2 3878/1221/2 3879/1222/2 3880/1223/2 3881/1224/2 3882/1225/2 3883/1226/2 3884/1227/2 3885/1228/2 3886/1229/2 3887/1230/2 3888/1231/2 3889/1232/2 3890/1233/2 3891/1234/2 3892/1235/2 3893/1236/2 3894/1237/2 3895/1238/2 3896/1239/2 3897/1240/2 

g Mesh119 GC200_1_22 ____2_t3_dwg1 Model

v 78122 -6504.08 -96339.7
v 78121.8 -6504.08 -96346.2
v 78122 -6504.08 -96352.8
v 78122.6 -6504.08 -96359.3
v 78123.7 -6504.08 -96365.7
v 78125.2 -6504.08 -96372.1
v 78127.1 -6504.08 -96378.4
v 78129.4 -6504.08 -96384.5
v 78132.1 -6504.08 -96390.5
v 78135.2 -6504.08 -96396.2
v 78138.6 -6504.08 -96401.8
v 78142.5 -6504.08 -96407.1
v 78146.6 -6504.08 -96412.2
v 78151.1 -6504.08 -96417
v 78155.9 -6504.08 -96421.4
v 78160.9 -6504.08 -96425.6
v 78166.2 -6504.08 -96429.4
v 78171.8 -6504.08 -96432.8
v 78177.6 -6504.08 -96435.9
v 78183.5 -6504.08 -96438.6
v 78189.7 -6504.08 -96440.9
v 78195.9 -6504.08 -96442.8
v 78202.3 -6504.08 -96444.3
v 78208.8 -6504.08 -96445.4
v 78215.3 -6504.08 -96446
v 78221.8 -6504.08 -96446.2
v 78228.4 -6504.08 -96446
v 78234.9 -6504.08 -96445.4
v 78241.3 -6504.08 -96444.3
v 78247.7 -6504.08 -96442.8
v 78254 -6504.08 -96440.9
v 78260.1 -6504.08 -96438.6
v 78266.1 -6504.08 -96435.9
v 78271.8 -6504.08 -96432.8
v 78277.4 -6504.08 -96429.4
v 78282.7 -6504.08 -96425.6
v 78287.8 -6504.08 -96421.4
v 78292.5 -6504.08 -96417
v 78297 -6504.08 -96412.2
v 78301.2 -6504.08 -96407.1
v 78305 -6504.08 -96401.8
v 78308.4 -6504.08 -96396.2
v 78311.5 -6504.08 -96390.5
v 78314.2 -6504.08 -96384.5
v 78316.5 -6504.08 -96378.4
v 78318.4 -6504.08 -96372.1
v 78319.9 -6504.08 -96365.7
v 78321 -6504.08 -96359.3
v 78321.6 -6504.08 -96352.8
v 78321.8 -6504.08 -96346.2
v 78321.6 -6504.08 -96339.7
v 78321 -6504.08 -96333.2
v 78319.9 -6504.08 -96326.7
v 78318.4 -6504.08 -96320.3
v 78316.5 -6504.08 -96314.1
v 78314.2 -6504.08 -96307.9
v 78311.5 -6504.08 -96302
v 78308.4 -6504.08 -96296.2
v 78305 -6504.08 -96290.6
v 78301.2 -6504.08 -96285.3
v 78297 -6504.08 -96280.3
v 78292.5 -6504.08 -96275.5
v 78287.8 -6504.08 -96271
v 78282.7 -6504.08 -96266.9
v 78277.4 -6504.08 -96263.1
v 78271.8 -6504.08 -96259.6
v 78266.1 -6504.08 -96256.5
v 78260.1 -6504.08 -96253.8
v 78254 -6504.08 -96251.5
v 78247.7 -6504.08 -96249.6
v 78241.3 -6504.08 -96248.1
v 78234.9 -6504.08 -96247.1
v 78228.4 -6504.08 -96246.4
v 78221.8 -6504.08 -96246.2
v 78215.3 -6504.08 -96246.4
v 78208.8 -6504.08 -96247.1
v 78202.3 -6504.08 -96248.1
v 78195.9 -6504.08 -96249.6
v 78189.7 -6504.08 -96251.5
v 78183.5 -6504.08 -96253.8
v 78177.6 -6504.08 -96256.5
v 78171.8 -6504.08 -96259.6
v 78166.2 -6504.08 -96263.1
v 78160.9 -6504.08 -96266.9
v 78155.9 -6504.08 -96271
v 78151.1 -6504.08 -96275.5
v 78146.6 -6504.08 -96280.3
v 78142.5 -6504.08 -96285.3
v 78138.6 -6504.08 -96290.6
v 78135.2 -6504.08 -96296.2
v 78132.1 -6504.08 -96302
v 78129.4 -6504.08 -96307.9
v 78127.1 -6504.08 -96314.1
v 78125.2 -6504.08 -96320.3
v 78123.7 -6504.08 -96326.7
v 78122.6 -6504.08 -96333.2
f 3898/1145/2 3899/1146/2 3900/1147/2 3901/1148/2 3902/1149/2 3903/1150/2 3904/1151/2 3905/1152/2 3906/1153/2 3907/1154/2 3908/1155/2 3909/1156/2 3910/1157/2 3911/1158/2 3912/1159/2 3913/1160/2 3914/1161/2 3915/1162/2 3916/1163/2 3917/1164/2 3918/1165/2 3919/1166/2 3920/1167/2 3921/1168/2 3922/1169/2 3923/1170/2 3924/1171/2 3925/1172/2 3926/1173/2 3927/1174/2 3928/1175/2 3929/1176/2 3930/1177/2 3931/1178/2 3932/1179/2 3933/1180/2 3934/1181/2 3935/1182/2 3936/1183/2 3937/1184/2 3938/1185/2 3939/1186/2 3940/1187/2 3941/1188/2 3942/1189/2 3943/1190/2 3944/1191/2 3945/1192/2 3946/1193/2 3947/1194/2 3948/1195/2 3949/1196/2 3950/1197/2 3951/1198/2 3952/1199/2 3953/1200/2 3954/1201/2 3955/1202/2 3956/1203/2 3957/1204/2 3958/1205/2 3959/1206/2 3960/1207/2 3961/1208/2 3962/1209/2 3963/1210/2 3964/1211/2 3965/1212/2 3966/1213/2 3967/1214/2 3968/1215/2 3969/1216/2 3970/1217/2 3971/1218/2 3972/1219/2 3973/1220/2 3974/1221/2 3975/1222/2 3976/1223/2 3977/1224/2 3978/1225/2 3979/1226/2 3980/1227/2 3981/1228/2 3982/1229/2 3983/1230/2 3984/1231/2 3985/1232/2 3986/1233/2 3987/1234/2 3988/1235/2 3989/1236/2 3990/1237/2 3991/1238/2 3992/1239/2 3993/1240/2 

g Mesh120 GC200_1_23 ____2_t3_dwg1 Model

v 142173 -6504.08 -77774.8
v 142172 -6504.08 -77781.3
v 142173 -6504.08 -77787.9
v 142173 -6504.08 -77794.4
v 142174 -6504.08 -77800.8
v 142176 -6504.08 -77807.2
v 142178 -6504.08 -77813.5
v 142180 -6504.08 -77819.6
v 142183 -6504.08 -77825.6
v 142186 -6504.08 -77831.3
v 142189 -6504.08 -77836.9
v 142193 -6504.08 -77842.2
v 142197 -6504.08 -77847.3
v 142202 -6504.08 -77852
v 142207 -6504.08 -77856.5
v 142212 -6504.08 -77860.7
v 142217 -6504.08 -77864.5
v 142222 -6504.08 -77867.9
v 142228 -6504.08 -77871
v 142234 -6504.08 -77873.7
v 142240 -6504.08 -77876
v 142247 -6504.08 -77877.9
v 142253 -6504.08 -77879.4
v 142259 -6504.08 -77880.5
v 142266 -6504.08 -77881.1
v 142272 -6504.08 -77881.3
v 142279 -6504.08 -77881.1
v 142286 -6504.08 -77880.5
v 142292 -6504.08 -77879.4
v 142298 -6504.08 -77877.9
v 142305 -6504.08 -77876
v 142311 -6504.08 -77873.7
v 142317 -6504.08 -77871
v 142322 -6504.08 -77867.9
v 142328 -6504.08 -77864.5
v 142333 -6504.08 -77860.7
v 142338 -6504.08 -77856.5
v 142343 -6504.08 -77852
v 142348 -6504.08 -77847.3
v 142352 -6504.08 -77842.2
v 142356 -6504.08 -77836.9
v 142359 -6504.08 -77831.3
v 142362 -6504.08 -77825.6
v 142365 -6504.08 -77819.6
v 142367 -6504.08 -77813.5
v 142369 -6504.08 -77807.2
v 142371 -6504.08 -77800.8
v 142372 -6504.08 -77794.4
v 142372 -6504.08 -77787.9
v 142372 -6504.08 -77781.3
v 142372 -6504.08 -77774.8
v 142372 -6504.08 -77768.3
v 142371 -6504.08 -77761.8
v 142369 -6504.08 -77755.4
v 142367 -6504.08 -77749.2
v 142365 -6504.08 -77743
v 142362 -6504.08 -77737.1
v 142359 -6504.08 -77731.3
v 142356 -6504.08 -77725.7
v 142352 -6504.08 -77720.4
v 142348 -6504.08 -77715.4
v 142343 -6504.08 -77710.6
v 142338 -6504.08 -77706.1
v 142333 -6504.08 -77702
v 142328 -6504.08 -77698.1
v 142322 -6504.08 -77694.7
v 142317 -6504.08 -77691.6
v 142311 -6504.08 -77688.9
v 142305 -6504.08 -77686.6
v 142298 -6504.08 -77684.7
v 142292 -6504.08 -77683.2
v 142286 -6504.08 -77682.1
v 142279 -6504.08 -77681.5
v 142272 -6504.08 -77681.3
v 142266 -6504.08 -77681.5
v 142259 -6504.08 -77682.1
v 142253 -6504.08 -77683.2
v 142247 -6504.08 -77684.7
v 142240 -6504.08 -77686.6
v 142234 -6504.08 -77688.9
v 142228 -6504.08 -77691.6
v 142222 -6504.08 -77694.7
v 142217 -6504.08 -77698.1
v 142212 -6504.08 -77702
v 142207 -6504.08 -77706.1
v 142202 -6504.08 -77710.6
v 142197 -6504.08 -77715.4
v 142193 -6504.08 -77720.4
v 142189 -6504.08 -77725.7
v 142186 -6504.08 -77731.3
v 142183 -6504.08 -77737.1
v 142180 -6504.08 -77743
v 142178 -6504.08 -77749.2
v 142176 -6504.08 -77755.4
v 142174 -6504.08 -77761.8
v 142173 -6504.08 -77768.3
f 3994/1145/2 3995/1146/2 3996/1147/2 3997/1148/2 3998/1149/2 3999/1150/2 4000/1151/2 4001/1152/2 4002/1153/2 4003/1154/2 4004/1155/2 4005/1156/2 4006/1157/2 4007/1158/2 4008/1159/2 4009/1160/2 4010/1161/2 4011/1162/2 4012/1163/2 4013/1164/2 4014/1165/2 4015/1166/2 4016/1167/2 4017/1168/2 4018/1169/2 4019/1170/2 4020/1171/2 4021/1172/2 4022/1173/2 4023/1174/2 4024/1175/2 4025/1176/2 4026/1177/2 4027/1178/2 4028/1179/2 4029/1180/2 4030/1181/2 4031/1182/2 4032/1183/2 4033/1184/2 4034/1185/2 4035/1186/2 4036/1187/2 4037/1188/2 4038/1189/2 4039/1190/2 4040/1191/2 4041/1192/2 4042/1193/2 4043/1194/2 4044/1195/2 4045/1196/2 4046/1197/2 4047/1198/2 4048/1199/2 4049/1200/2 4050/1201/2 4051/1202/2 4052/1203/2 4053/1204/2 4054/1205/2 4055/1206/2 4056/1207/2 4057/1208/2 4058/1209/2 4059/1210/2 4060/1211/2 4061/1212/2 4062/1213/2 4063/1214/2 4064/1215/2 4065/1216/2 4066/1217/2 4067/1218/2 4068/1219/2 4069/1220/2 4070/1221/2 4071/1222/2 4072/1223/2 4073/1224/2 4074/1225/2 4075/1226/2 4076/1227/2 4077/1228/2 4078/1229/2 4079/1230/2 4080/1231/2 4081/1232/2 4082/1233/2 4083/1234/2 4084/1235/2 4085/1236/2 4086/1237/2 4087/1238/2 4088/1239/2 4089/1240/2 

g Mesh121 GC200_1_24 ____2_t3_dwg1 Model

v 145970 -6504.08 -89223.9
v 145969 -6504.08 -89230.4
v 145970 -6504.08 -89237
v 145970 -6504.08 -89243.5
v 145971 -6504.08 -89249.9
v 145973 -6504.08 -89256.3
v 145975 -6504.08 -89262.6
v 145977 -6504.08 -89268.7
v 145980 -6504.08 -89274.7
v 145983 -6504.08 -89280.4
v 145986 -6504.08 -89286
v 145990 -6504.08 -89291.3
v 145994 -6504.08 -89296.4
v 145999 -6504.08 -89301.2
v 146003 -6504.08 -89305.6
v 146009 -6504.08 -89309.8
v 146014 -6504.08 -89313.6
v 146019 -6504.08 -89317.1
v 146025 -6504.08 -89320.1
v 146031 -6504.08 -89322.8
v 146037 -6504.08 -89325.2
v 146044 -6504.08 -89327.1
v 146050 -6504.08 -89328.5
v 146056 -6504.08 -89329.6
v 146063 -6504.08 -89330.2
v 146069 -6504.08 -89330.5
v 146076 -6504.08 -89330.2
v 146082 -6504.08 -89329.6
v 146089 -6504.08 -89328.5
v 146095 -6504.08 -89327.1
v 146102 -6504.08 -89325.2
v 146108 -6504.08 -89322.8
v 146114 -6504.08 -89320.1
v 146119 -6504.08 -89317.1
v 146125 -6504.08 -89313.6
v 146130 -6504.08 -89309.8
v 146135 -6504.08 -89305.6
v 146140 -6504.08 -89301.2
v 146145 -6504.08 -89296.4
v 146149 -6504.08 -89291.3
v 146153 -6504.08 -89286
v 146156 -6504.08 -89280.4
v 146159 -6504.08 -89274.7
v 146162 -6504.08 -89268.7
v 146164 -6504.08 -89262.6
v 146166 -6504.08 -89256.3
v 146168 -6504.08 -89249.9
v 146169 -6504.08 -89243.5
v 146169 -6504.08 -89237
v 146169 -6504.08 -89230.4
v 146169 -6504.08 -89223.9
v 146169 -6504.08 -89217.4
v 146168 -6504.08 -89210.9
v 146166 -6504.08 -89204.5
v 146164 -6504.08 -89198.3
v 146162 -6504.08 -89192.2
v 146159 -6504.08 -89186.2
v 146156 -6504.08 -89180.4
v 146153 -6504.08 -89174.9
v 146149 -6504.08 -89169.5
v 146145 -6504.08 -89164.5
v 146140 -6504.08 -89159.7
v 146135 -6504.08 -89155.2
v 146130 -6504.08 -89151.1
v 146125 -6504.08 -89147.3
v 146119 -6504.08 -89143.8
v 146114 -6504.08 -89140.7
v 146108 -6504.08 -89138
v 146102 -6504.08 -89135.7
v 146095 -6504.08 -89133.8
v 146089 -6504.08 -89132.3
v 146082 -6504.08 -89131.3
v 146076 -6504.08 -89130.6
v 146069 -6504.08 -89130.4
v 146063 -6504.08 -89130.6
v 146056 -6504.08 -89131.3
v 146050 -6504.08 -89132.3
v 146044 -6504.08 -89133.8
v 146037 -6504.08 -89135.7
v 146031 -6504.08 -89138
v 146025 -6504.08 -89140.7
v 146019 -6504.08 -89143.8
v 146014 -6504.08 -89147.3
v 146009 -6504.08 -89151.1
v 146003 -6504.08 -89155.2
v 145999 -6504.08 -89159.7
v 145994 -6504.08 -89164.5
v 145990 -6504.08 -89169.5
v 145986 -6504.08 -89174.9
v 145983 -6504.08 -89180.4
v 145980 -6504.08 -89186.2
v 145977 -6504.08 -89192.2
v 145975 -6504.08 -89198.3
v 145973 -6504.08 -89204.5
v 145971 -6504.08 -89210.9
v 145970 -6504.08 -89217.4
f 4090/1145/2 4091/1146/2 4092/1147/2 4093/1148/2 4094/1149/2 4095/1150/2 4096/1151/2 4097/1152/2 4098/1153/2 4099/1154/2 4100/1155/2 4101/1156/2 4102/1157/2 4103/1158/2 4104/1159/2 4105/1160/2 4106/1161/2 4107/1162/2 4108/1163/2 4109/1164/2 4110/1165/2 4111/1166/2 4112/1167/2 4113/1168/2 4114/1169/2 4115/1170/2 4116/1171/2 4117/1172/2 4118/1173/2 4119/1174/2 4120/1175/2 4121/1176/2 4122/1177/2 4123/1178/2 4124/1179/2 4125/1180/2 4126/1181/2 4127/1182/2 4128/1183/2 4129/1184/2 4130/1185/2 4131/1186/2 4132/1187/2 4133/1188/2 4134/1189/2 4135/1190/2 4136/1191/2 4137/1192/2 4138/1193/2 4139/1194/2 4140/1195/2 4141/1196/2 4142/1197/2 4143/1198/2 4144/1199/2 4145/1200/2 4146/1201/2 4147/1202/2 4148/1203/2 4149/1204/2 4150/1205/2 4151/1206/2 4152/1207/2 4153/1208/2 4154/1209/2 4155/1210/2 4156/1211/2 4157/1212/2 4158/1213/2 4159/1214/2 4160/1215/2 4161/1216/2 4162/1217/2 4163/1218/2 4164/1219/2 4165/1220/2 4166/1221/2 4167/1222/2 4168/1223/2 4169/1224/2 4170/1225/2 4171/1226/2 4172/1227/2 4173/1228/2 4174/1229/2 4175/1230/2 4176/1231/2 4177/1232/2 4178/1233/2 4179/1234/2 4180/1235/2 4181/1236/2 4182/1237/2 4183/1238/2 4184/1239/2 4185/1240/2 

g Mesh122 GC200_1_25 ____2_t3_dwg1 Model

v 133725 -6504.08 -96843.9
v 133725 -6504.08 -96850.5
v 133725 -6504.08 -96857
v 133726 -6504.08 -96863.5
v 133727 -6504.08 -96870
v 133729 -6504.08 -96876.3
v 133731 -6504.08 -96882.6
v 133733 -6504.08 -96888.7
v 133736 -6504.08 -96894.7
v 133739 -6504.08 -96900.5
v 133742 -6504.08 -96906
v 133746 -6504.08 -96911.3
v 133750 -6504.08 -96916.4
v 133755 -6504.08 -96921.2
v 133759 -6504.08 -96925.7
v 133764 -6504.08 -96929.8
v 133770 -6504.08 -96933.6
v 133775 -6504.08 -96937.1
v 133781 -6504.08 -96940.2
v 133787 -6504.08 -96942.9
v 133793 -6504.08 -96945.2
v 133799 -6504.08 -96947.1
v 133806 -6504.08 -96948.6
v 133812 -6504.08 -96949.6
v 133819 -6504.08 -96950.3
v 133825 -6504.08 -96950.5
v 133832 -6504.08 -96950.3
v 133838 -6504.08 -96949.6
v 133845 -6504.08 -96948.6
v 133851 -6504.08 -96947.1
v 133857 -6504.08 -96945.2
v 133864 -6504.08 -96942.9
v 133870 -6504.08 -96940.2
v 133875 -6504.08 -96937.1
v 133881 -6504.08 -96933.6
v 133886 -6504.08 -96929.8
v 133891 -6504.08 -96925.7
v 133896 -6504.08 -96921.2
v 133901 -6504.08 -96916.4
v 133905 -6504.08 -96911.3
v 133908 -6504.08 -96906
v 133912 -6504.08 -96900.5
v 133915 -6504.08 -96894.7
v 133918 -6504.08 -96888.7
v 133920 -6504.08 -96882.6
v 133922 -6504.08 -96876.3
v 133923 -6504.08 -96870
v 133924 -6504.08 -96863.5
v 133925 -6504.08 -96857
v 133925 -6504.08 -96850.5
v 133925 -6504.08 -96843.9
v 133924 -6504.08 -96837.4
v 133923 -6504.08 -96830.9
v 133922 -6504.08 -96824.6
v 133920 -6504.08 -96818.3
v 133918 -6504.08 -96812.2
v 133915 -6504.08 -96806.2
v 133912 -6504.08 -96800.4
v 133908 -6504.08 -96794.9
v 133905 -6504.08 -96789.6
v 133901 -6504.08 -96784.5
v 133896 -6504.08 -96779.7
v 133891 -6504.08 -96775.2
v 133886 -6504.08 -96771.1
v 133881 -6504.08 -96767.3
v 133875 -6504.08 -96763.8
v 133870 -6504.08 -96760.7
v 133864 -6504.08 -96758
v 133857 -6504.08 -96755.7
v 133851 -6504.08 -96753.8
v 133845 -6504.08 -96752.3
v 133838 -6504.08 -96751.3
v 133832 -6504.08 -96750.6
v 133825 -6504.08 -96750.4
v 133819 -6504.08 -96750.6
v 133812 -6504.08 -96751.3
v 133806 -6504.08 -96752.3
v 133799 -6504.08 -96753.8
v 133793 -6504.08 -96755.7
v 133787 -6504.08 -96758
v 133781 -6504.08 -96760.7
v 133775 -6504.08 -96763.8
v 133770 -6504.08 -96767.3
v 133764 -6504.08 -96771.1
v 133759 -6504.08 -96775.2
v 133755 -6504.08 -96779.7
v 133750 -6504.08 -96784.5
v 133746 -6504.08 -96789.6
v 133742 -6504.08 -96794.9
v 133739 -6504.08 -96800.4
v 133736 -6504.08 -96806.2
v 133733 -6504.08 -96812.2
v 133731 -6504.08 -96818.3
v 133729 -6504.08 -96824.6
v 133727 -6504.08 -96830.9
v 133726 -6504.08 -96837.4
f 4186/1145/2 4187/1146/2 4188/1147/2 4189/1148/2 4190/1149/2 4191/1150/2 4192/1151/2 4193/1152/2 4194/1153/2 4195/1154/2 4196/1155/2 4197/1156/2 4198/1157/2 4199/1158/2 4200/1159/2 4201/1160/2 4202/1161/2 4203/1162/2 4204/1163/2 4205/1164/2 4206/1165/2 4207/1166/2 4208/1167/2 4209/1168/2 4210/1169/2 4211/1170/2 4212/1171/2 4213/1172/2 4214/1173/2 4215/1174/2 4216/1175/2 4217/1176/2 4218/1177/2 4219/1178/2 4220/1179/2 4221/1180/2 4222/1181/2 4223/1182/2 4224/1183/2 4225/1184/2 4226/1185/2 4227/1186/2 4228/1187/2 4229/1188/2 4230/1189/2 4231/1190/2 4232/1191/2 4233/1192/2 4234/1193/2 4235/1194/2 4236/1195/2 4237/1196/2 4238/1197/2 4239/1198/2 4240/1199/2 4241/1200/2 4242/1201/2 4243/1202/2 4244/1203/2 4245/1204/2 4246/1205/2 4247/1206/2 4248/1207/2 4249/1208/2 4250/1209/2 4251/1210/2 4252/1211/2 4253/1212/2 4254/1213/2 4255/1214/2 4256/1215/2 4257/1216/2 4258/1217/2 4259/1218/2 4260/1219/2 4261/1220/2 4262/1221/2 4263/1222/2 4264/1223/2 4265/1224/2 4266/1225/2 4267/1226/2 4268/1227/2 4269/1228/2 4270/1229/2 4271/1230/2 4272/1231/2 4273/1232/2 4274/1233/2 4275/1234/2 4276/1235/2 4277/1236/2 4278/1237/2 4279/1238/2 4280/1239/2 4281/1240/2 

g Mesh123 GC200_1_26 ____2_t3_dwg1 Model

v 134133 -6504.08 -85254.8
v 134132 -6504.08 -85261.4
v 134133 -6504.08 -85267.9
v 134133 -6504.08 -85274.4
v 134134 -6504.08 -85280.9
v 134136 -6504.08 -85287.2
v 134138 -6504.08 -85293.5
v 134140 -6504.08 -85299.6
v 134143 -6504.08 -85305.6
v 134146 -6504.08 -85311.4
v 134149 -6504.08 -85316.9
v 134153 -6504.08 -85322.2
v 134157 -6504.08 -85327.3
v 134162 -6504.08 -85332.1
v 134166 -6504.08 -85336.6
v 134171 -6504.08 -85340.7
v 134177 -6504.08 -85344.5
v 134182 -6504.08 -85348
v 134188 -6504.08 -85351.1
v 134194 -6504.08 -85353.8
v 134200 -6504.08 -85356.1
v 134206 -6504.08 -85358
v 134213 -6504.08 -85359.5
v 134219 -6504.08 -85360.5
v 134226 -6504.08 -85361.2
v 134232 -6504.08 -85361.4
v 134239 -6504.08 -85361.2
v 134245 -6504.08 -85360.5
v 134252 -6504.08 -85359.5
v 134258 -6504.08 -85358
v 134265 -6504.08 -85356.1
v 134271 -6504.08 -85353.8
v 134277 -6504.08 -85351.1
v 134282 -6504.08 -85348
v 134288 -6504.08 -85344.5
v 134293 -6504.08 -85340.7
v 134298 -6504.08 -85336.6
v 134303 -6504.08 -85332.1
v 134308 -6504.08 -85327.3
v 134312 -6504.08 -85322.2
v 134316 -6504.08 -85316.9
v 134319 -6504.08 -85311.4
v 134322 -6504.08 -85305.6
v 134325 -6504.08 -85299.6
v 134327 -6504.08 -85293.5
v 134329 -6504.08 -85287.2
v 134330 -6504.08 -85280.9
v 134332 -6504.08 -85274.4
v 134332 -6504.08 -85267.9
v 134332 -6504.08 -85261.4
v 134332 -6504.08 -85254.8
v 134332 -6504.08 -85248.3
v 134330 -6504.08 -85241.8
v 134329 -6504.08 -85235.5
v 134327 -6504.08 -85229.2
v 134325 -6504.08 -85223.1
v 134322 -6504.08 -85217.1
v 134319 -6504.08 -85211.3
v 134316 -6504.08 -85205.8
v 134312 -6504.08 -85200.5
v 134308 -6504.08 -85195.4
v 134303 -6504.08 -85190.6
v 134298 -6504.08 -85186.1
v 134293 -6504.08 -85182
v 134288 -6504.08 -85178.2
v 134282 -6504.08 -85174.7
v 134277 -6504.08 -85171.6
v 134271 -6504.08 -85168.9
v 134265 -6504.08 -85166.6
v 134258 -6504.08 -85164.7
v 134252 -6504.08 -85163.2
v 134245 -6504.08 -85162.2
v 134239 -6504.08 -85161.5
v 134232 -6504.08 -85161.3
v 134226 -6504.08 -85161.5
v 134219 -6504.08 -85162.2
v 134213 -6504.08 -85163.2
v 134206 -6504.08 -85164.7
v 134200 -6504.08 -85166.6
v 134194 -6504.08 -85168.9
v 134188 -6504.08 -85171.6
v 134182 -6504.08 -85174.7
v 134177 -6504.08 -85178.2
v 134171 -6504.08 -85182
v 134166 -6504.08 -85186.1
v 134162 -6504.08 -85190.6
v 134157 -6504.08 -85195.4
v 134153 -6504.08 -85200.5
v 134149 -6504.08 -85205.8
v 134146 -6504.08 -85211.3
v 134143 -6504.08 -85217.1
v 134140 -6504.08 -85223.1
v 134138 -6504.08 -85229.2
v 134136 -6504.08 -85235.5
v 134134 -6504.08 -85241.8
v 134133 -6504.08 -85248.3
f 4282/1145/2 4283/1146/2 4284/1147/2 4285/1148/2 4286/1149/2 4287/1150/2 4288/1151/2 4289/1152/2 4290/1153/2 4291/1154/2 4292/1155/2 4293/1156/2 4294/1157/2 4295/1158/2 4296/1159/2 4297/1160/2 4298/1161/2 4299/1162/2 4300/1163/2 4301/1164/2 4302/1165/2 4303/1166/2 4304/1167/2 4305/1168/2 4306/1169/2 4307/1170/2 4308/1171/2 4309/1172/2 4310/1173/2 4311/1174/2 4312/1175/2 4313/1176/2 4314/1177/2 4315/1178/2 4316/1179/2 4317/1180/2 4318/1181/2 4319/1182/2 4320/1183/2 4321/1184/2 4322/1185/2 4323/1186/2 4324/1187/2 4325/1188/2 4326/1189/2 4327/1190/2 4328/1191/2 4329/1192/2 4330/1193/2 4331/1194/2 4332/1195/2 4333/1196/2 4334/1197/2 4335/1198/2 4336/1199/2 4337/1200/2 4338/1201/2 4339/1202/2 4340/1203/2 4341/1204/2 4342/1205/2 4343/1206/2 4344/1207/2 4345/1208/2 4346/1209/2 4347/1210/2 4348/1211/2 4349/1212/2 4350/1213/2 4351/1214/2 4352/1215/2 4353/1216/2 4354/1217/2 4355/1218/2 4356/1219/2 4357/1220/2 4358/1221/2 4359/1222/2 4360/1223/2 4361/1224/2 4362/1225/2 4363/1226/2 4364/1227/2 4365/1228/2 4366/1229/2 4367/1230/2 4368/1231/2 4369/1232/2 4370/1233/2 4371/1234/2 4372/1235/2 4373/1236/2 4374/1237/2 4375/1238/2 4376/1239/2 4377/1240/2 

g Mesh124 GC200_1_27 ____2_t3_dwg1 Model

v 120849 -6504.08 -73163.6
v 120849 -6504.08 -73170.2
v 120849 -6504.08 -73176.7
v 120850 -6504.08 -73183.2
v 120851 -6504.08 -73189.7
v 120853 -6504.08 -73196.1
v 120855 -6504.08 -73202.3
v 120857 -6504.08 -73208.5
v 120860 -6504.08 -73214.4
v 120863 -6504.08 -73220.2
v 120866 -6504.08 -73225.8
v 120870 -6504.08 -73231.1
v 120874 -6504.08 -73236.1
v 120879 -6504.08 -73240.9
v 120883 -6504.08 -73245.4
v 120888 -6504.08 -73249.5
v 120894 -6504.08 -73253.4
v 120899 -6504.08 -73256.8
v 120905 -6504.08 -73259.9
v 120911 -6504.08 -73262.6
v 120917 -6504.08 -73264.9
v 120923 -6504.08 -73266.8
v 120930 -6504.08 -73268.3
v 120936 -6504.08 -73269.4
v 120943 -6504.08 -73270
v 120949 -6504.08 -73270.2
v 120956 -6504.08 -73270
v 120962 -6504.08 -73269.4
v 120969 -6504.08 -73268.3
v 120975 -6504.08 -73266.8
v 120981 -6504.08 -73264.9
v 120988 -6504.08 -73262.6
v 120994 -6504.08 -73259.9
v 120999 -6504.08 -73256.8
v 121005 -6504.08 -73253.4
v 121010 -6504.08 -73249.5
v 121015 -6504.08 -73245.4
v 121020 -6504.08 -73240.9
v 121024 -6504.08 -73236.1
v 121029 -6504.08 -73231.1
v 121032 -6504.08 -73225.8
v 121036 -6504.08 -73220.2
v 121039 -6504.08 -73214.4
v 121042 -6504.08 -73208.5
v 121044 -6504.08 -73202.3
v 121046 -6504.08 -73196.1
v 121047 -6504.08 -73189.7
v 121048 -6504.08 -73183.2
v 121049 -6504.08 -73176.7
v 121049 -6504.08 -73170.2
v 121049 -6504.08 -73163.6
v 121048 -6504.08 -73157.1
v 121047 -6504.08 -73150.7
v 121046 -6504.08 -73144.3
v 121044 -6504.08 -73138
v 121042 -6504.08 -73131.9
v 121039 -6504.08 -73125.9
v 121036 -6504.08 -73120.2
v 121032 -6504.08 -73114.6
v 121029 -6504.08 -73109.3
v 121024 -6504.08 -73104.2
v 121020 -6504.08 -73099.5
v 121015 -6504.08 -73095
v 121010 -6504.08 -73090.8
v 121005 -6504.08 -73087
v 120999 -6504.08 -73083.6
v 120994 -6504.08 -73080.5
v 120988 -6504.08 -73077.8
v 120981 -6504.08 -73075.5
v 120975 -6504.08 -73073.6
v 120969 -6504.08 -73072.1
v 120962 -6504.08 -73071
v 120956 -6504.08 -73070.4
v 120949 -6504.08 -73070.2
v 120943 -6504.08 -73070.4
v 120936 -6504.08 -73071
v 120930 -6504.08 -73072.1
v 120923 -6504.08 -73073.6
v 120917 -6504.08 -73075.5
v 120911 -6504.08 -73077.8
v 120905 -6504.08 -73080.5
v 120899 -6504.08 -73083.6
v 120894 -6504.08 -73087
v 120888 -6504.08 -73090.8
v 120883 -6504.08 -73095
v 120879 -6504.08 -73099.5
v 120874 -6504.08 -73104.2
v 120870 -6504.08 -73109.3
v 120866 -6504.08 -73114.6
v 120863 -6504.08 -73120.2
v 120860 -6504.08 -73125.9
v 120857 -6504.08 -73131.9
v 120855 -6504.08 -73138
v 120853 -6504.08 -73144.3
v 120851 -6504.08 -73150.7
v 120850 -6504.08 -73157.1
f 4378/1145/2 4379/1146/2 4380/1147/2 4381/1148/2 4382/1149/2 4383/1150/2 4384/1151/2 4385/1152/2 4386/1153/2 4387/1154/2 4388/1155/2 4389/1156/2 4390/1157/2 4391/1158/2 4392/1159/2 4393/1160/2 4394/1161/2 4395/1162/2 4396/1163/2 4397/1164/2 4398/1165/2 4399/1166/2 4400/1167/2 4401/1168/2 4402/1169/2 4403/1170/2 4404/1171/2 4405/1172/2 4406/1173/2 4407/1174/2 4408/1175/2 4409/1176/2 4410/1177/2 4411/1178/2 4412/1179/2 4413/1180/2 4414/1181/2 4415/1182/2 4416/1183/2 4417/1184/2 4418/1185/2 4419/1186/2 4420/1187/2 4421/1188/2 4422/1189/2 4423/1190/2 4424/1191/2 4425/1192/2 4426/1193/2 4427/1194/2 4428/1195/2 4429/1196/2 4430/1197/2 4431/1198/2 4432/1199/2 4433/1200/2 4434/1201/2 4435/1202/2 4436/1203/2 4437/1204/2 4438/1205/2 4439/1206/2 4440/1207/2 4441/1208/2 4442/1209/2 4443/1210/2 4444/1211/2 4445/1212/2 4446/1213/2 4447/1214/2 4448/1215/2 4449/1216/2 4450/1217/2 4451/1218/2 4452/1219/2 4453/1220/2 4454/1221/2 4455/1222/2 4456/1223/2 4457/1224/2 4458/1225/2 4459/1226/2 4460/1227/2 4461/1228/2 4462/1229/2 4463/1230/2 4464/1231/2 4465/1232/2 4466/1233/2 4467/1234/2 4468/1235/2 4469/1236/2 4470/1237/2 4471/1238/2 4472/1239/2 4473/1240/2 

g Mesh125 GC200_1_28 ____2_t3_dwg1 Model

v 96797.3 -6504.08 -70683.5
v 96797.1 -6504.08 -70690.1
v 96797.3 -6504.08 -70696.6
v 96797.9 -6504.08 -70703.1
v 96799 -6504.08 -70709.6
v 96800.5 -6504.08 -70716
v 96802.4 -6504.08 -70722.2
v 96804.7 -6504.08 -70728.3
v 96807.4 -6504.08 -70734.3
v 96810.5 -6504.08 -70740.1
v 96813.9 -6504.08 -70745.6
v 96817.7 -6504.08 -70751
v 96821.9 -6504.08 -70756
v 96826.4 -6504.08 -70760.8
v 96831.1 -6504.08 -70765.3
v 96836.2 -6504.08 -70769.4
v 96841.5 -6504.08 -70773.2
v 96847.1 -6504.08 -70776.7
v 96852.8 -6504.08 -70779.8
v 96858.8 -6504.08 -70782.5
v 96864.9 -6504.08 -70784.8
v 96871.2 -6504.08 -70786.7
v 96877.6 -6504.08 -70788.2
v 96884 -6504.08 -70789.2
v 96890.5 -6504.08 -70789.9
v 96897.1 -6504.08 -70790.1
v 96903.6 -6504.08 -70789.9
v 96910.1 -6504.08 -70789.2
v 96916.6 -6504.08 -70788.2
v 96923 -6504.08 -70786.7
v 96929.2 -6504.08 -70784.8
v 96935.4 -6504.08 -70782.5
v 96941.3 -6504.08 -70779.8
v 96947.1 -6504.08 -70776.7
v 96952.7 -6504.08 -70773.2
v 96958 -6504.08 -70769.4
v 96963 -6504.08 -70765.3
v 96967.8 -6504.08 -70760.8
v 96972.3 -6504.08 -70756
v 96976.4 -6504.08 -70751
v 96980.3 -6504.08 -70745.6
v 96983.7 -6504.08 -70740.1
v 96986.8 -6504.08 -70734.3
v 96989.5 -6504.08 -70728.3
v 96991.8 -6504.08 -70722.2
v 96993.7 -6504.08 -70716
v 96995.2 -6504.08 -70709.6
v 96996.3 -6504.08 -70703.1
v 96996.9 -6504.08 -70696.6
v 96997.1 -6504.08 -70690.1
v 96996.9 -6504.08 -70683.5
v 96996.3 -6504.08 -70677
v 96995.2 -6504.08 -70670.6
v 96993.7 -6504.08 -70664.2
v 96991.8 -6504.08 -70657.9
v 96989.5 -6504.08 -70651.8
v 96986.8 -6504.08 -70645.8
v 96983.7 -6504.08 -70640.1
v 96980.3 -6504.08 -70634.5
v 96976.4 -6504.08 -70629.2
v 96972.3 -6504.08 -70624.1
v 96967.8 -6504.08 -70619.3
v 96963 -6504.08 -70614.9
v 96958 -6504.08 -70610.7
v 96952.7 -6504.08 -70606.9
v 96947.1 -6504.08 -70603.4
v 96941.3 -6504.08 -70600.4
v 96935.4 -6504.08 -70597.7
v 96929.2 -6504.08 -70595.4
v 96923 -6504.08 -70593.5
v 96916.6 -6504.08 -70592
v 96910.1 -6504.08 -70590.9
v 96903.6 -6504.08 -70590.3
v 96897.1 -6504.08 -70590
v 96890.5 -6504.08 -70590.3
v 96884 -6504.08 -70590.9
v 96877.6 -6504.08 -70592
v 96871.2 -6504.08 -70593.5
v 96864.9 -6504.08 -70595.4
v 96858.8 -6504.08 -70597.7
v 96852.8 -6504.08 -70600.4
v 96847.1 -6504.08 -70603.4
v 96841.5 -6504.08 -70606.9
v 96836.2 -6504.08 -70610.7
v 96831.1 -6504.08 -70614.9
v 96826.4 -6504.08 -70619.3
v 96821.9 -6504.08 -70624.1
v 96817.7 -6504.08 -70629.2
v 96813.9 -6504.08 -70634.5
v 96810.5 -6504.08 -70640.1
v 96807.4 -6504.08 -70645.8
v 96804.7 -6504.08 -70651.8
v 96802.4 -6504.08 -70657.9
v 96800.5 -6504.08 -70664.2
v 96799 -6504.08 -70670.6
v 96797.9 -6504.08 -70677
f 4474/1145/2 4475/1146/2 4476/1147/2 4477/1148/2 4478/1149/2 4479/1150/2 4480/1151/2 4481/1152/2 4482/1153/2 4483/1154/2 4484/1155/2 4485/1156/2 4486/1157/2 4487/1158/2 4488/1159/2 4489/1160/2 4490/1161/2 4491/1162/2 4492/1163/2 4493/1164/2 4494/1165/2 4495/1166/2 4496/1167/2 4497/1168/2 4498/1169/2 4499/1170/2 4500/1171/2 4501/1172/2 4502/1173/2 4503/1174/2 4504/1175/2 4505/1176/2 4506/1177/2 4507/1178/2 4508/1179/2 4509/1180/2 4510/1181/2 4511/1182/2 4512/1183/2 4513/1184/2 4514/1185/2 4515/1186/2 4516/1187/2 4517/1188/2 4518/1189/2 4519/1190/2 4520/1191/2 4521/1192/2 4522/1193/2 4523/1194/2 4524/1195/2 4525/1196/2 4526/1197/2 4527/1198/2 4528/1199/2 4529/1200/2 4530/1201/2 4531/1202/2 4532/1203/2 4533/1204/2 4534/1205/2 4535/1206/2 4536/1207/2 4537/1208/2 4538/1209/2 4539/1210/2 4540/1211/2 4541/1212/2 4542/1213/2 4543/1214/2 4544/1215/2 4545/1216/2 4546/1217/2 4547/1218/2 4548/1219/2 4549/1220/2 4550/1221/2 4551/1222/2 4552/1223/2 4553/1224/2 4554/1225/2 4555/1226/2 4556/1227/2 4557/1228/2 4558/1229/2 4559/1230/2 4560/1231/2 4561/1232/2 4562/1233/2 4563/1234/2 4564/1235/2 4565/1236/2 4566/1237/2 4567/1238/2 4568/1239/2 4569/1240/2 

g Mesh126 GC200_1_29 ____2_t3_dwg1 Model

v 97196.2 -6504.08 -84248.7
v 97196 -6504.08 -84255.2
v 97196.2 -6504.08 -84261.7
v 97196.9 -6504.08 -84268.2
v 97197.9 -6504.08 -84274.7
v 97199.4 -6504.08 -84281.1
v 97201.3 -6504.08 -84287.3
v 97203.6 -6504.08 -84293.5
v 97206.3 -6504.08 -84299.4
v 97209.4 -6504.08 -84305.2
v 97212.9 -6504.08 -84310.8
v 97216.7 -6504.08 -84316.1
v 97220.8 -6504.08 -84321.1
v 97225.3 -6504.08 -84325.9
v 97230.1 -6504.08 -84330.4
v 97235.1 -6504.08 -84334.5
v 97240.5 -6504.08 -84338.4
v 97246 -6504.08 -84341.8
v 97251.8 -6504.08 -84344.9
v 97257.8 -6504.08 -84347.6
v 97263.9 -6504.08 -84349.9
v 97270.1 -6504.08 -84351.8
v 97276.5 -6504.08 -84353.3
v 97283 -6504.08 -84354.4
v 97289.5 -6504.08 -84355
v 97296 -6504.08 -84355.2
v 97302.6 -6504.08 -84355
v 97309.1 -6504.08 -84354.4
v 97315.5 -6504.08 -84353.3
v 97321.9 -6504.08 -84351.8
v 97328.2 -6504.08 -84349.9
v 97334.3 -6504.08 -84347.6
v 97340.3 -6504.08 -84344.9
v 97346 -6504.08 -84341.8
v 97351.6 -6504.08 -84338.4
v 97356.9 -6504.08 -84334.5
v 97362 -6504.08 -84330.4
v 97366.8 -6504.08 -84325.9
v 97371.2 -6504.08 -84321.1
v 97375.4 -6504.08 -84316.1
v 97379.2 -6504.08 -84310.8
v 97382.7 -6504.08 -84305.2
v 97385.7 -6504.08 -84299.4
v 97388.4 -6504.08 -84293.5
v 97390.8 -6504.08 -84287.3
v 97392.7 -6504.08 -84281.1
v 97394.1 -6504.08 -84274.7
v 97395.2 -6504.08 -84268.2
v 97395.8 -6504.08 -84261.7
v 97396.1 -6504.08 -84255.2
v 97395.8 -6504.08 -84248.7
v 97395.2 -6504.08 -84242.1
v 97394.1 -6504.08 -84235.7
v 97392.7 -6504.08 -84229.3
v 97390.8 -6504.08 -84223
v 97388.4 -6504.08 -84216.9
v 97385.7 -6504.08 -84211
v 97382.7 -6504.08 -84205.2
v 97379.2 -6504.08 -84199.6
v 97375.4 -6504.08 -84194.3
v 97371.2 -6504.08 -84189.2
v 97366.8 -6504.08 -84184.5
v 97362 -6504.08 -84180
v 97356.9 -6504.08 -84175.8
v 97351.6 -6504.08 -84172
v 97346 -6504.08 -84168.6
v 97340.3 -6504.08 -84165.5
v 97334.3 -6504.08 -84162.8
v 97328.2 -6504.08 -84160.5
v 97321.9 -6504.08 -84158.6
v 97315.5 -6504.08 -84157.1
v 97309.1 -6504.08 -84156
v 97302.6 -6504.08 -84155.4
v 97296 -6504.08 -84155.2
v 97289.5 -6504.08 -84155.4
v 97283 -6504.08 -84156
v 97276.5 -6504.08 -84157.1
v 97270.1 -6504.08 -84158.6
v 97263.9 -6504.08 -84160.5
v 97257.8 -6504.08 -84162.8
v 97251.8 -6504.08 -84165.5
v 97246 -6504.08 -84168.6
v 97240.5 -6504.08 -84172
v 97235.1 -6504.08 -84175.8
v 97230.1 -6504.08 -84180
v 97225.3 -6504.08 -84184.5
v 97220.8 -6504.08 -84189.2
v 97216.7 -6504.08 -84194.3
v 97212.9 -6504.08 -84199.6
v 97209.4 -6504.08 -84205.2
v 97206.3 -6504.08 -84211
v 97203.6 -6504.08 -84216.9
v 97201.3 -6504.08 -84223
v 97199.4 -6504.08 -84229.3
v 97197.9 -6504.08 -84235.7
v 97196.9 -6504.08 -84242.1
f 4570/1145/2 4571/1146/2 4572/1147/2 4573/1148/2 4574/1149/2 4575/1150/2 4576/1151/2 4577/1152/2 4578/1153/2 4579/1154/2 4580/1155/2 4581/1156/2 4582/1157/2 4583/1158/2 4584/1159/2 4585/1160/2 4586/1161/2 4587/1162/2 4588/1163/2 4589/1164/2 4590/1165/2 4591/1166/2 4592/1167/2 4593/1168/2 4594/1169/2 4595/1170/2 4596/1171/2 4597/1172/2 4598/1173/2 4599/1174/2 4600/1175/2 4601/1176/2 4602/1177/2 4603/1178/2 4604/1179/2 4605/1180/2 4606/1181/2 4607/1182/2 4608/1183/2 4609/1184/2 4610/1185/2 4611/1186/2 4612/1187/2 4613/1188/2 4614/1189/2 4615/1190/2 4616/1191/2 4617/1192/2 4618/1193/2 4619/1194/2 4620/1195/2 4621/1196/2 4622/1197/2 4623/1198/2 4624/1199/2 4625/1200/2 4626/1201/2 4627/1202/2 4628/1203/2 4629/1204/2 4630/1205/2 4631/1206/2 4632/1207/2 4633/1208/2 4634/1209/2 4635/1210/2 4636/1211/2 4637/1212/2 4638/1213/2 4639/1214/2 4640/1215/2 4641/1216/2 4642/1217/2 4643/1218/2 4644/1219/2 4645/1220/2 4646/1221/2 4647/1222/2 4648/1223/2 4649/1224/2 4650/1225/2 4651/1226/2 4652/1227/2 4653/1228/2 4654/1229/2 4655/1230/2 4656/1231/2 4657/1232/2 4658/1233/2 4659/1234/2 4660/1235/2 4661/1236/2 4662/1237/2 4663/1238/2 4664/1239/2 4665/1240/2 

g Mesh127 GC200_1_30 ____2_t3_dwg1 Model

v 116786 -6504.08 -58249.5
v 116786 -6504.08 -58256
v 116786 -6504.08 -58262.6
v 116787 -6504.08 -58269.1
v 116788 -6504.08 -58275.6
v 116790 -6504.08 -58281.9
v 116792 -6504.08 -58288.2
v 116794 -6504.08 -58294.3
v 116797 -6504.08 -58300.3
v 116800 -6504.08 -58306.1
v 116803 -6504.08 -58311.6
v 116807 -6504.08 -58316.9
v 116811 -6504.08 -58322
v 116816 -6504.08 -58326.8
v 116820 -6504.08 -58331.2
v 116825 -6504.08 -58335.4
v 116831 -6504.08 -58339.2
v 116836 -6504.08 -58342.7
v 116842 -6504.08 -58345.8
v 116848 -6504.08 -58348.5
v 116854 -6504.08 -58350.8
v 116860 -6504.08 -58352.7
v 116867 -6504.08 -58354.1
v 116873 -6504.08 -58355.2
v 116880 -6504.08 -58355.9
v 116886 -6504.08 -58356.1
v 116893 -6504.08 -58355.9
v 116899 -6504.08 -58355.2
v 116906 -6504.08 -58354.1
v 116912 -6504.08 -58352.7
v 116918 -6504.08 -58350.8
v 116925 -6504.08 -58348.5
v 116931 -6504.08 -58345.8
v 116936 -6504.08 -58342.7
v 116942 -6504.08 -58339.2
v 116947 -6504.08 -58335.4
v 116952 -6504.08 -58331.2
v 116957 -6504.08 -58326.8
v 116962 -6504.08 -58322
v 116966 -6504.08 -58316.9
v 116969 -6504.08 -58311.6
v 116973 -6504.08 -58306.1
v 116976 -6504.08 -58300.3
v 116979 -6504.08 -58294.3
v 116981 -6504.08 -58288.2
v 116983 -6504.08 -58281.9
v 116984 -6504.08 -58275.6
v 116985 -6504.08 -58269.1
v 116986 -6504.08 -58262.6
v 116986 -6504.08 -58256
v 116986 -6504.08 -58249.5
v 116985 -6504.08 -58243
v 116984 -6504.08 -58236.5
v 116983 -6504.08 -58230.2
v 116981 -6504.08 -58223.9
v 116979 -6504.08 -58217.8
v 116976 -6504.08 -58211.8
v 116973 -6504.08 -58206
v 116969 -6504.08 -58200.5
v 116966 -6504.08 -58195.2
v 116962 -6504.08 -58190.1
v 116957 -6504.08 -58185.3
v 116952 -6504.08 -58180.8
v 116947 -6504.08 -58176.7
v 116942 -6504.08 -58172.9
v 116936 -6504.08 -58169.4
v 116931 -6504.08 -58166.3
v 116925 -6504.08 -58163.6
v 116918 -6504.08 -58161.3
v 116912 -6504.08 -58159.4
v 116906 -6504.08 -58157.9
v 116899 -6504.08 -58156.9
v 116893 -6504.08 -58156.2
v 116886 -6504.08 -58156
v 116880 -6504.08 -58156.2
v 116873 -6504.08 -58156.9
v 116867 -6504.08 -58157.9
v 116860 -6504.08 -58159.4
v 116854 -6504.08 -58161.3
v 116848 -6504.08 -58163.6
v 116842 -6504.08 -58166.3
v 116836 -6504.08 -58169.4
v 116831 -6504.08 -58172.9
v 116825 -6504.08 -58176.7
v 116820 -6504.08 -58180.8
v 116816 -6504.08 -58185.3
v 116811 -6504.08 -58190.1
v 116807 -6504.08 -58195.2
v 116803 -6504.08 -58200.5
v 116800 -6504.08 -58206
v 116797 -6504.08 -58211.8
v 116794 -6504.08 -58217.8
v 116792 -6504.08 -58223.9
v 116790 -6504.08 -58230.2
v 116788 -6504.08 -58236.5
v 116787 -6504.08 -58243
f 4666/1145/2 4667/1146/2 4668/1147/2 4669/1148/2 4670/1149/2 4671/1150/2 4672/1151/2 4673/1152/2 4674/1153/2 4675/1154/2 4676/1155/2 4677/1156/2 4678/1157/2 4679/1158/2 4680/1159/2 4681/1160/2 4682/1161/2 4683/1162/2 4684/1163/2 4685/1164/2 4686/1165/2 4687/1166/2 4688/1167/2 4689/1168/2 4690/1169/2 4691/1170/2 4692/1171/2 4693/1172/2 4694/1173/2 4695/1174/2 4696/1175/2 4697/1176/2 4698/1177/2 4699/1178/2 4700/1179/2 4701/1180/2 4702/1181/2 4703/1182/2 4704/1183/2 4705/1184/2 4706/1185/2 4707/1186/2 4708/1187/2 4709/1188/2 4710/1189/2 4711/1190/2 4712/1191/2 4713/1192/2 4714/1193/2 4715/1194/2 4716/1195/2 4717/1196/2 4718/1197/2 4719/1198/2 4720/1199/2 4721/1200/2 4722/1201/2 4723/1202/2 4724/1203/2 4725/1204/2 4726/1205/2 4727/1206/2 4728/1207/2 4729/1208/2 4730/1209/2 4731/1210/2 4732/1211/2 4733/1212/2 4734/1213/2 4735/1214/2 4736/1215/2 4737/1216/2 4738/1217/2 4739/1218/2 4740/1219/2 4741/1220/2 4742/1221/2 4743/1222/2 4744/1223/2 4745/1224/2 4746/1225/2 4747/1226/2 4748/1227/2 4749/1228/2 4750/1229/2 4751/1230/2 4752/1231/2 4753/1232/2 4754/1233/2 4755/1234/2 4756/1235/2 4757/1236/2 4758/1237/2 4759/1238/2 4760/1239/2 4761/1240/2 

g Mesh128 GC200_1_31 ____2_t3_dwg1 Model

v 126630 -6504.08 -63381.6
v 126629 -6504.08 -63388.1
v 126630 -6504.08 -63394.7
v 126630 -6504.08 -63401.2
v 126631 -6504.08 -63407.6
v 126633 -6504.08 -63414
v 126635 -6504.08 -63420.3
v 126637 -6504.08 -63426.4
v 126640 -6504.08 -63432.4
v 126643 -6504.08 -63438.1
v 126646 -6504.08 -63443.7
v 126650 -6504.08 -63449
v 126654 -6504.08 -63454.1
v 126659 -6504.08 -63458.9
v 126663 -6504.08 -63463.3
v 126668 -6504.08 -63467.5
v 126674 -6504.08 -63471.3
v 126679 -6504.08 -63474.8
v 126685 -6504.08 -63477.8
v 126691 -6504.08 -63480.5
v 126697 -6504.08 -63482.8
v 126703 -6504.08 -63484.7
v 126710 -6504.08 -63486.2
v 126716 -6504.08 -63487.3
v 126723 -6504.08 -63487.9
v 126729 -6504.08 -63488.2
v 126736 -6504.08 -63487.9
v 126742 -6504.08 -63487.3
v 126749 -6504.08 -63486.2
v 126755 -6504.08 -63484.7
v 126762 -6504.08 -63482.8
v 126768 -6504.08 -63480.5
v 126774 -6504.08 -63477.8
v 126779 -6504.08 -63474.8
v 126785 -6504.08 -63471.3
v 126790 -6504.08 -63467.5
v 126795 -6504.08 -63463.3
v 126800 -6504.08 -63458.9
v 126805 -6504.08 -63454.1
v 126809 -6504.08 -63449
v 126813 -6504.08 -63443.7
v 126816 -6504.08 -63438.1
v 126819 -6504.08 -63432.4
v 126822 -6504.08 -63426.4
v 126824 -6504.08 -63420.3
v 126826 -6504.08 -63414
v 126827 -6504.08 -63407.6
v 126829 -6504.08 -63401.2
v 126829 -6504.08 -63394.7
v 126829 -6504.08 -63388.1
v 126829 -6504.08 -63381.6
v 126829 -6504.08 -63375.1
v 126827 -6504.08 -63368.6
v 126826 -6504.08 -63362.2
v 126824 -6504.08 -63356
v 126822 -6504.08 -63349.8
v 126819 -6504.08 -63343.9
v 126816 -6504.08 -63338.1
v 126813 -6504.08 -63332.6
v 126809 -6504.08 -63327.2
v 126805 -6504.08 -63322.2
v 126800 -6504.08 -63317.4
v 126795 -6504.08 -63312.9
v 126790 -6504.08 -63308.8
v 126785 -6504.08 -63305
v 126779 -6504.08 -63301.5
v 126774 -6504.08 -63298.4
v 126768 -6504.08 -63295.7
v 126762 -6504.08 -63293.4
v 126755 -6504.08 -63291.5
v 126749 -6504.08 -63290
v 126742 -6504.08 -63289
v 126736 -6504.08 -63288.3
v 126729 -6504.08 -63288.1
v 126723 -6504.08 -63288.3
v 126716 -6504.08 -63289
v 126710 -6504.08 -63290
v 126703 -6504.08 -63291.5
v 126697 -6504.08 -63293.4
v 126691 -6504.08 -63295.7
v 126685 -6504.08 -63298.4
v 126679 -6504.08 -63301.5
v 126674 -6504.08 -63305
v 126668 -6504.08 -63308.8
v 126663 -6504.08 -63312.9
v 126659 -6504.08 -63317.4
v 126654 -6504.08 -63322.2
v 126650 -6504.08 -63327.2
v 126646 -6504.08 -63332.6
v 126643 -6504.08 -63338.1
v 126640 -6504.08 -63343.9
v 126637 -6504.08 -63349.8
v 126635 -6504.08 -63356
v 126633 -6504.08 -63362.2
v 126631 -6504.08 -63368.6
v 126630 -6504.08 -63375.1
f 4762/1145/2 4763/1146/2 4764/1147/2 4765/1148/2 4766/1149/2 4767/1150/2 4768/1151/2 4769/1152/2 4770/1153/2 4771/1154/2 4772/1155/2 4773/1156/2 4774/1157/2 4775/1158/2 4776/1159/2 4777/1160/2 4778/1161/2 4779/1162/2 4780/1163/2 4781/1164/2 4782/1165/2 4783/1166/2 4784/1167/2 4785/1168/2 4786/1169/2 4787/1170/2 4788/1171/2 4789/1172/2 4790/1173/2 4791/1174/2 4792/1175/2 4793/1176/2 4794/1177/2 4795/1178/2 4796/1179/2 4797/1180/2 4798/1181/2 4799/1182/2 4800/1183/2 4801/1184/2 4802/1185/2 4803/1186/2 4804/1187/2 4805/1188/2 4806/1189/2 4807/1190/2 4808/1191/2 4809/1192/2 4810/1193/2 4811/1194/2 4812/1195/2 4813/1196/2 4814/1197/2 4815/1198/2 4816/1199/2 4817/1200/2 4818/1201/2 4819/1202/2 4820/1203/2 4821/1204/2 4822/1205/2 4823/1206/2 4824/1207/2 4825/1208/2 4826/1209/2 4827/1210/2 4828/1211/2 4829/1212/2 4830/1213/2 4831/1214/2 4832/1215/2 4833/1216/2 4834/1217/2 4835/1218/2 4836/1219/2 4837/1220/2 4838/1221/2 4839/1222/2 4840/1223/2 4841/1224/2 4842/1225/2 4843/1226/2 4844/1227/2 4845/1228/2 4846/1229/2 4847/1230/2 4848/1231/2 4849/1232/2 4850/1233/2 4851/1234/2 4852/1235/2 4853/1236/2 4854/1237/2 4855/1238/2 4856/1239/2 4857/1240/2 

g Mesh129 GC200_1_32 ____2_t3_dwg1 Model

v 119139 -6504.08 -86323.8
v 119139 -6504.08 -86330.3
v 119139 -6504.08 -86336.8
v 119140 -6504.08 -86343.4
v 119141 -6504.08 -86349.8
v 119143 -6504.08 -86356.2
v 119144 -6504.08 -86362.5
v 119147 -6504.08 -86368.6
v 119150 -6504.08 -86374.5
v 119153 -6504.08 -86380.3
v 119156 -6504.08 -86385.9
v 119160 -6504.08 -86391.2
v 119164 -6504.08 -86396.3
v 119168 -6504.08 -86401
v 119173 -6504.08 -86405.5
v 119178 -6504.08 -86409.7
v 119184 -6504.08 -86413.5
v 119189 -6504.08 -86416.9
v 119195 -6504.08 -86420
v 119201 -6504.08 -86422.7
v 119207 -6504.08 -86425
v 119213 -6504.08 -86426.9
v 119220 -6504.08 -86428.4
v 119226 -6504.08 -86429.5
v 119233 -6504.08 -86430.1
v 119239 -6504.08 -86430.3
v 119246 -6504.08 -86430.1
v 119252 -6504.08 -86429.5
v 119259 -6504.08 -86428.4
v 119265 -6504.08 -86426.9
v 119271 -6504.08 -86425
v 119277 -6504.08 -86422.7
v 119283 -6504.08 -86420
v 119289 -6504.08 -86416.9
v 119295 -6504.08 -86413.5
v 119300 -6504.08 -86409.7
v 119305 -6504.08 -86405.5
v 119310 -6504.08 -86401
v 119314 -6504.08 -86396.3
v 119319 -6504.08 -86391.2
v 119322 -6504.08 -86385.9
v 119326 -6504.08 -86380.3
v 119329 -6504.08 -86374.5
v 119332 -6504.08 -86368.6
v 119334 -6504.08 -86362.5
v 119336 -6504.08 -86356.2
v 119337 -6504.08 -86349.8
v 119338 -6504.08 -86343.4
v 119339 -6504.08 -86336.8
v 119339 -6504.08 -86330.3
v 119339 -6504.08 -86323.8
v 119338 -6504.08 -86317.2
v 119337 -6504.08 -86310.8
v 119336 -6504.08 -86304.4
v 119334 -6504.08 -86298.1
v 119332 -6504.08 -86292
v 119329 -6504.08 -86286.1
v 119326 -6504.08 -86280.3
v 119322 -6504.08 -86274.7
v 119319 -6504.08 -86269.4
v 119314 -6504.08 -86264.3
v 119310 -6504.08 -86259.6
v 119305 -6504.08 -86255.1
v 119300 -6504.08 -86250.9
v 119295 -6504.08 -86247.1
v 119289 -6504.08 -86243.7
v 119283 -6504.08 -86240.6
v 119277 -6504.08 -86237.9
v 119271 -6504.08 -86235.6
v 119265 -6504.08 -86233.7
v 119259 -6504.08 -86232.2
v 119252 -6504.08 -86231.1
v 119246 -6504.08 -86230.5
v 119239 -6504.08 -86230.3
v 119233 -6504.08 -86230.5
v 119226 -6504.08 -86231.1
v 119220 -6504.08 -86232.2
v 119213 -6504.08 -86233.7
v 119207 -6504.08 -86235.6
v 119201 -6504.08 -86237.9
v 119195 -6504.08 -86240.6
v 119189 -6504.08 -86243.7
v 119184 -6504.08 -86247.1
v 119178 -6504.08 -86250.9
v 119173 -6504.08 -86255.1
v 119168 -6504.08 -86259.6
v 119164 -6504.08 -86264.3
v 119160 -6504.08 -86269.4
v 119156 -6504.08 -86274.7
v 119153 -6504.08 -86280.3
v 119150 -6504.08 -86286.1
v 119147 -6504.08 -86292
v 119144 -6504.08 -86298.1
v 119143 -6504.08 -86304.4
v 119141 -6504.08 -86310.8
v 119140 -6504.08 -86317.2
f 4858/1145/2 4859/1146/2 4860/1147/2 4861/1148/2 4862/1149/2 4863/1150/2 4864/1151/2 4865/1152/2 4866/1153/2 4867/1154/2 4868/1155/2 4869/1156/2 4870/1157/2 4871/1158/2 4872/1159/2 4873/1160/2 4874/1161/2 4875/1162/2 4876/1163/2 4877/1164/2 4878/1165/2 4879/1166/2 4880/1167/2 4881/1168/2 4882/1169/2 4883/1170/2 4884/1171/2 4885/1172/2 4886/1173/2 4887/1174/2 4888/1175/2 4889/1176/2 4890/1177/2 4891/1178/2 4892/1179/2 4893/1180/2 4894/1181/2 4895/1182/2 4896/1183/2 4897/1184/2 4898/1185/2 4899/1186/2 4900/1187/2 4901/1188/2 4902/1189/2 4903/1190/2 4904/1191/2 4905/1192/2 4906/1193/2 4907/1194/2 4908/1195/2 4909/1196/2 4910/1197/2 4911/1198/2 4912/1199/2 4913/1200/2 4914/1201/2 4915/1202/2 4916/1203/2 4917/1204/2 4918/1205/2 4919/1206/2 4920/1207/2 4921/1208/2 4922/1209/2 4923/1210/2 4924/1211/2 4925/1212/2 4926/1213/2 4927/1214/2 4928/1215/2 4929/1216/2 4930/1217/2 4931/1218/2 4932/1219/2 4933/1220/2 4934/1221/2 4935/1222/2 4936/1223/2 4937/1224/2 4938/1225/2 4939/1226/2 4940/1227/2 4941/1228/2 4942/1229/2 4943/1230/2 4944/1231/2 4945/1232/2 4946/1233/2 4947/1234/2 4948/1235/2 4949/1236/2 4950/1237/2 4951/1238/2 4952/1239/2 4953/1240/2 

g Mesh130 GC200_1_33 ____2_t3_dwg1 Model

v 121728 -6504.08 -46601.4
v 121727 -6504.08 -46608
v 121728 -6504.08 -46614.5
v 121728 -6504.08 -46621
v 121729 -6504.08 -46627.5
v 121731 -6504.08 -46633.8
v 121733 -6504.08 -46640.1
v 121735 -6504.08 -46646.2
v 121738 -6504.08 -46652.2
v 121741 -6504.08 -46658
v 121744 -6504.08 -46663.5
v 121748 -6504.08 -46668.9
v 121752 -6504.08 -46673.9
v 121757 -6504.08 -46678.7
v 121761 -6504.08 -46683.2
v 121767 -6504.08 -46687.3
v 121772 -6504.08 -46691.1
v 121777 -6504.08 -46694.6
v 121783 -6504.08 -46697.7
v 121789 -6504.08 -46700.4
v 121795 -6504.08 -46702.7
v 121802 -6504.08 -46704.6
v 121808 -6504.08 -46706.1
v 121814 -6504.08 -46707.1
v 121821 -6504.08 -46707.8
v 121827 -6504.08 -46708
v 121834 -6504.08 -46707.8
v 121840 -6504.08 -46707.1
v 121847 -6504.08 -46706.1
v 121853 -6504.08 -46704.6
v 121860 -6504.08 -46702.7
v 121866 -6504.08 -46700.4
v 121872 -6504.08 -46697.7
v 121877 -6504.08 -46694.6
v 121883 -6504.08 -46691.1
v 121888 -6504.08 -46687.3
v 121893 -6504.08 -46683.2
v 121898 -6504.08 -46678.7
v 121903 -6504.08 -46673.9
v 121907 -6504.08 -46668.9
v 121911 -6504.08 -46663.5
v 121914 -6504.08 -46658
v 121917 -6504.08 -46652.2
v 121920 -6504.08 -46646.2
v 121922 -6504.08 -46640.1
v 121924 -6504.08 -46633.8
v 121926 -6504.08 -46627.5
v 121927 -6504.08 -46621
v 121927 -6504.08 -46614.5
v 121927 -6504.08 -46608
v 121927 -6504.08 -46601.4
v 121927 -6504.08 -46594.9
v 121926 -6504.08 -46588.4
v 121924 -6504.08 -46582.1
v 121922 -6504.08 -46575.8
v 121920 -6504.08 -46569.7
v 121917 -6504.08 -46563.7
v 121914 -6504.08 -46557.9
v 121911 -6504.08 -46552.4
v 121907 -6504.08 -46547.1
v 121903 -6504.08 -46542
v 121898 -6504.08 -46537.2
v 121893 -6504.08 -46532.8
v 121888 -6504.08 -46528.6
v 121883 -6504.08 -46524.8
v 121877 -6504.08 -46521.3
v 121872 -6504.08 -46518.2
v 121866 -6504.08 -46515.5
v 121860 -6504.08 -46513.2
v 121853 -6504.08 -46511.3
v 121847 -6504.08 -46509.9
v 121840 -6504.08 -46508.8
v 121834 -6504.08 -46508.1
v 121827 -6504.08 -46507.9
v 121821 -6504.08 -46508.1
v 121814 -6504.08 -46508.8
v 121808 -6504.08 -46509.9
v 121802 -6504.08 -46511.3
v 121795 -6504.08 -46513.2
v 121789 -6504.08 -46515.5
v 121783 -6504.08 -46518.2
v 121777 -6504.08 -46521.3
v 121772 -6504.08 -46524.8
v 121767 -6504.08 -46528.6
v 121761 -6504.08 -46532.8
v 121757 -6504.08 -46537.2
v 121752 -6504.08 -46542
v 121748 -6504.08 -46547.1
v 121744 -6504.08 -46552.4
v 121741 -6504.08 -46557.9
v 121738 -6504.08 -46563.7
v 121735 -6504.08 -46569.7
v 121733 -6504.08 -46575.8
v 121731 -6504.08 -46582.1
v 121729 -6504.08 -46588.4
v 121728 -6504.08 -46594.9
f 4954/1145/2 4955/1146/2 4956/1147/2 4957/1148/2 4958/1149/2 4959/1150/2 4960/1151/2 4961/1152/2 4962/1153/2 4963/1154/2 4964/1155/2 4965/1156/2 4966/1157/2 4967/1158/2 4968/1159/2 4969/1160/2 4970/1161/2 4971/1162/2 4972/1163/2 4973/1164/2 4974/1165/2 4975/1166/2 4976/1167/2 4977/1168/2 4978/1169/2 4979/1170/2 4980/1171/2 4981/1172/2 4982/1173/2 4983/1174/2 4984/1175/2 4985/1176/2 4986/1177/2 4987/1178/2 4988/1179/2 4989/1180/2 4990/1181/2 4991/1182/2 4992/1183/2 4993/1184/2 4994/1185/2 4995/1186/2 4996/1187/2 4997/1188/2 4998/1189/2 4999/1190/2 5000/1191/2 5001/1192/2 5002/1193/2 5003/1194/2 5004/1195/2 5005/1196/2 5006/1197/2 5007/1198/2 5008/1199/2 5009/1200/2 5010/1201/2 5011/1202/2 5012/1203/2 5013/1204/2 5014/1205/2 5015/1206/2 5016/1207/2 5017/1208/2 5018/1209/2 5019/1210/2 5020/1211/2 5021/1212/2 5022/1213/2 5023/1214/2 5024/1215/2 5025/1216/2 5026/1217/2 5027/1218/2 5028/1219/2 5029/1220/2 5030/1221/2 5031/1222/2 5032/1223/2 5033/1224/2 5034/1225/2 5035/1226/2 5036/1227/2 5037/1228/2 5038/1229/2 5039/1230/2 5040/1231/2 5041/1232/2 5042/1233/2 5043/1234/2 5044/1235/2 5045/1236/2 5046/1237/2 5047/1238/2 5048/1239/2 5049/1240/2 

g Mesh131 GC200_1_34 ____2_t3_dwg1 Model

v 111066 -6504.08 -49333.4
v 111066 -6504.08 -49339.9
v 111066 -6504.08 -49346.5
v 111067 -6504.08 -49353
v 111068 -6504.08 -49359.5
v 111070 -6504.08 -49365.8
v 111072 -6504.08 -49372.1
v 111074 -6504.08 -49378.2
v 111077 -6504.08 -49384.2
v 111080 -6504.08 -49390
v 111083 -6504.08 -49395.5
v 111087 -6504.08 -49400.8
v 111091 -6504.08 -49405.9
v 111096 -6504.08 -49410.7
v 111100 -6504.08 -49415.1
v 111105 -6504.08 -49419.3
v 111111 -6504.08 -49423.1
v 111116 -6504.08 -49426.6
v 111122 -6504.08 -49429.7
v 111128 -6504.08 -49432.4
v 111134 -6504.08 -49434.7
v 111140 -6504.08 -49436.6
v 111147 -6504.08 -49438
v 111153 -6504.08 -49439.1
v 111160 -6504.08 -49439.8
v 111166 -6504.08 -49440
v 111173 -6504.08 -49439.8
v 111179 -6504.08 -49439.1
v 111186 -6504.08 -49438
v 111192 -6504.08 -49436.6
v 111198 -6504.08 -49434.7
v 111205 -6504.08 -49432.4
v 111211 -6504.08 -49429.7
v 111216 -6504.08 -49426.6
v 111222 -6504.08 -49423.1
v 111227 -6504.08 -49419.3
v 111232 -6504.08 -49415.1
v 111237 -6504.08 -49410.7
v 111242 -6504.08 -49405.9
v 111246 -6504.08 -49400.8
v 111249 -6504.08 -49395.5
v 111253 -6504.08 -49390
v 111256 -6504.08 -49384.2
v 111259 -6504.08 -49378.2
v 111261 -6504.08 -49372.1
v 111263 -6504.08 -49365.8
v 111264 -6504.08 -49359.5
v 111265 -6504.08 -49353
v 111266 -6504.08 -49346.5
v 111266 -6504.08 -49339.9
v 111266 -6504.08 -49333.4
v 111265 -6504.08 -49326.9
v 111264 -6504.08 -49320.4
v 111263 -6504.08 -49314.1
v 111261 -6504.08 -49307.8
v 111259 -6504.08 -49301.7
v 111256 -6504.08 -49295.7
v 111253 -6504.08 -49289.9
v 111249 -6504.08 -49284.4
v 111246 -6504.08 -49279
v 111242 -6504.08 -49274
v 111237 -6504.08 -49269.2
v 111232 -6504.08 -49264.7
v 111227 -6504.08 -49260.6
v 111222 -6504.08 -49256.8
v 111216 -6504.08 -49253.3
v 111211 -6504.08 -49250.2
v 111205 -6504.08 -49247.5
v 111198 -6504.08 -49245.2
v 111192 -6504.08 -49243.3
v 111186 -6504.08 -49241.8
v 111179 -6504.08 -49240.8
v 111173 -6504.08 -49240.1
v 111166 -6504.08 -49239.9
v 111160 -6504.08 -49240.1
v 111153 -6504.08 -49240.8
v 111147 -6504.08 -49241.8
v 111140 -6504.08 -49243.3
v 111134 -6504.08 -49245.2
v 111128 -6504.08 -49247.5
v 111122 -6504.08 -49250.2
v 111116 -6504.08 -49253.3
v 111111 -6504.08 -49256.8
v 111105 -6504.08 -49260.6
v 111100 -6504.08 -49264.7
v 111096 -6504.08 -49269.2
v 111091 -6504.08 -49274
v 111087 -6504.08 -49279
v 111083 -6504.08 -49284.4
v 111080 -6504.08 -49289.9
v 111077 -6504.08 -49295.7
v 111074 -6504.08 -49301.7
v 111072 -6504.08 -49307.8
v 111070 -6504.08 -49314.1
v 111068 -6504.08 -49320.4
v 111067 -6504.08 -49326.9
f 5050/1145/2 5051/1146/2 5052/1147/2 5053/1148/2 5054/1149/2 5055/1150/2 5056/1151/2 5057/1152/2 5058/1153/2 5059/1154/2 5060/1155/2 5061/1156/2 5062/1157/2 5063/1158/2 5064/1159/2 5065/1160/2 5066/1161/2 5067/1162/2 5068/1163/2 5069/1164/2 5070/1165/2 5071/1166/2 5072/1167/2 5073/1168/2 5074/1169/2 5075/1170/2 5076/1171/2 5077/1172/2 5078/1173/2 5079/1174/2 5080/1175/2 5081/1176/2 5082/1177/2 5083/1178/2 5084/1179/2 5085/1180/2 5086/1181/2 5087/1182/2 5088/1183/2 5089/1184/2 5090/1185/2 5091/1186/2 5092/1187/2 5093/1188/2 5094/1189/2 5095/1190/2 5096/1191/2 5097/1192/2 5098/1193/2 5099/1194/2 5100/1195/2 5101/1196/2 5102/1197/2 5103/1198/2 5104/1199/2 5105/1200/2 5106/1201/2 5107/1202/2 5108/1203/2 5109/1204/2 5110/1205/2 5111/1206/2 5112/1207/2 5113/1208/2 5114/1209/2 5115/1210/2 5116/1211/2 5117/1212/2 5118/1213/2 5119/1214/2 5120/1215/2 5121/1216/2 5122/1217/2 5123/1218/2 5124/1219/2 5125/1220/2 5126/1221/2 5127/1222/2 5128/1223/2 5129/1224/2 5130/1225/2 5131/1226/2 5132/1227/2 5133/1228/2 5134/1229/2 5135/1230/2 5136/1231/2 5137/1232/2 5138/1233/2 5139/1234/2 5140/1235/2 5141/1236/2 5142/1237/2 5143/1238/2 5144/1239/2 5145/1240/2 

g Mesh132 GC200_1_35 ____2_t3_dwg1 Model

v 149988 -6504.08 -42986.5
v 149988 -6504.08 -42993
v 149988 -6504.08 -42999.6
v 149988 -6504.08 -43006.1
v 149990 -6504.08 -43012.6
v 149991 -6504.08 -43018.9
v 149993 -6504.08 -43025.2
v 149995 -6504.08 -43031.3
v 149998 -6504.08 -43037.3
v 150001 -6504.08 -43043.1
v 150004 -6504.08 -43048.6
v 150008 -6504.08 -43053.9
v 150012 -6504.08 -43059
v 150017 -6504.08 -43063.8
v 150022 -6504.08 -43068.2
v 150027 -6504.08 -43072.4
v 150032 -6504.08 -43076.2
v 150038 -6504.08 -43079.7
v 150043 -6504.08 -43082.8
v 150049 -6504.08 -43085.5
v 150056 -6504.08 -43087.8
v 150062 -6504.08 -43089.7
v 150068 -6504.08 -43091.1
v 150075 -6504.08 -43092.2
v 150081 -6504.08 -43092.9
v 150088 -6504.08 -43093.1
v 150094 -6504.08 -43092.9
v 150101 -6504.08 -43092.2
v 150107 -6504.08 -43091.1
v 150114 -6504.08 -43089.7
v 150120 -6504.08 -43087.8
v 150126 -6504.08 -43085.5
v 150132 -6504.08 -43082.8
v 150138 -6504.08 -43079.7
v 150143 -6504.08 -43076.2
v 150149 -6504.08 -43072.4
v 150154 -6504.08 -43068.2
v 150158 -6504.08 -43063.8
v 150163 -6504.08 -43059
v 150167 -6504.08 -43053.9
v 150171 -6504.08 -43048.6
v 150174 -6504.08 -43043.1
v 150177 -6504.08 -43037.3
v 150180 -6504.08 -43031.3
v 150182 -6504.08 -43025.2
v 150184 -6504.08 -43018.9
v 150186 -6504.08 -43012.6
v 150187 -6504.08 -43006.1
v 150187 -6504.08 -42999.6
v 150188 -6504.08 -42993
v 150187 -6504.08 -42986.5
v 150187 -6504.08 -42980
v 150186 -6504.08 -42973.5
v 150184 -6504.08 -42967.2
v 150182 -6504.08 -42960.9
v 150180 -6504.08 -42954.8
v 150177 -6504.08 -42948.8
v 150174 -6504.08 -42943
v 150171 -6504.08 -42937.5
v 150167 -6504.08 -42932.2
v 150163 -6504.08 -42927.1
v 150158 -6504.08 -42922.3
v 150154 -6504.08 -42917.8
v 150149 -6504.08 -42913.7
v 150143 -6504.08 -42909.9
v 150138 -6504.08 -42906.4
v 150132 -6504.08 -42903.3
v 150126 -6504.08 -42900.6
v 150120 -6504.08 -42898.3
v 150114 -6504.08 -42896.4
v 150107 -6504.08 -42894.9
v 150101 -6504.08 -42893.9
v 150094 -6504.08 -42893.2
v 150088 -6504.08 -42893
v 150081 -6504.08 -42893.2
v 150075 -6504.08 -42893.9
v 150068 -6504.08 -42894.9
v 150062 -6504.08 -42896.4
v 150056 -6504.08 -42898.3
v 150049 -6504.08 -42900.6
v 150043 -6504.08 -42903.3
v 150038 -6504.08 -42906.4
v 150032 -6504.08 -42909.9
v 150027 -6504.08 -42913.7
v 150022 -6504.08 -42917.8
v 150017 -6504.08 -42922.3
v 150012 -6504.08 -42927.1
v 150008 -6504.08 -42932.2
v 150004 -6504.08 -42937.5
v 150001 -6504.08 -42943
v 149998 -6504.08 -42948.8
v 149995 -6504.08 -42954.8
v 149993 -6504.08 -42960.9
v 149991 -6504.08 -42967.2
v 149990 -6504.08 -42973.5
v 149988 -6504.08 -42980
f 5146/1145/2 5147/1146/2 5148/1147/2 5149/1148/2 5150/1149/2 5151/1150/2 5152/1151/2 5153/1152/2 5154/1153/2 5155/1154/2 5156/1155/2 5157/1156/2 5158/1157/2 5159/1158/2 5160/1159/2 5161/1160/2 5162/1161/2 5163/1162/2 5164/1163/2 5165/1164/2 5166/1165/2 5167/1166/2 5168/1167/2 5169/1168/2 5170/1169/2 5171/1170/2 5172/1171/2 5173/1172/2 5174/1173/2 5175/1174/2 5176/1175/2 5177/1176/2 5178/1177/2 5179/1178/2 5180/1179/2 5181/1180/2 5182/1181/2 5183/1182/2 5184/1183/2 5185/1184/2 5186/1185/2 5187/1186/2 5188/1187/2 5189/1188/2 5190/1189/2 5191/1190/2 5192/1191/2 5193/1192/2 5194/1193/2 5195/1194/2 5196/1195/2 5197/1196/2 5198/1197/2 5199/1198/2 5200/1199/2 5201/1200/2 5202/1201/2 5203/1202/2 5204/1203/2 5205/1204/2 5206/1205/2 5207/1206/2 5208/1207/2 5209/1208/2 5210/1209/2 5211/1210/2 5212/1211/2 5213/1212/2 5214/1213/2 5215/1214/2 5216/1215/2 5217/1216/2 5218/1217/2 5219/1218/2 5220/1219/2 5221/1220/2 5222/1221/2 5223/1222/2 5224/1223/2 5225/1224/2 5226/1225/2 5227/1226/2 5228/1227/2 5229/1228/2 5230/1229/2 5231/1230/2 5232/1231/2 5233/1232/2 5234/1233/2 5235/1234/2 5236/1235/2 5237/1236/2 5238/1237/2 5239/1238/2 5240/1239/2 5241/1240/2 

g Mesh133 GC200_1_36 ____2_t3_dwg1 Model

v 146107 -6504.08 -27219.3
v 146107 -6504.08 -27225.9
v 146107 -6504.08 -27232.4
v 146108 -6504.08 -27238.9
v 146109 -6504.08 -27245.4
v 146110 -6504.08 -27251.8
v 146112 -6504.08 -27258
v 146114 -6504.08 -27264.2
v 146117 -6504.08 -27270.1
v 146120 -6504.08 -27275.9
v 146124 -6504.08 -27281.5
v 146127 -6504.08 -27286.8
v 146131 -6504.08 -27291.8
v 146136 -6504.08 -27296.6
v 146141 -6504.08 -27301.1
v 146146 -6504.08 -27305.2
v 146151 -6504.08 -27309.1
v 146157 -6504.08 -27312.5
v 146162 -6504.08 -27315.6
v 146168 -6504.08 -27318.3
v 146175 -6504.08 -27320.6
v 146181 -6504.08 -27322.5
v 146187 -6504.08 -27324
v 146194 -6504.08 -27325.1
v 146200 -6504.08 -27325.7
v 146207 -6504.08 -27325.9
v 146213 -6504.08 -27325.7
v 146220 -6504.08 -27325.1
v 146226 -6504.08 -27324
v 146233 -6504.08 -27322.5
v 146239 -6504.08 -27320.6
v 146245 -6504.08 -27318.3
v 146251 -6504.08 -27315.6
v 146257 -6504.08 -27312.5
v 146262 -6504.08 -27309.1
v 146268 -6504.08 -27305.2
v 146273 -6504.08 -27301.1
v 146277 -6504.08 -27296.6
v 146282 -6504.08 -27291.8
v 146286 -6504.08 -27286.8
v 146290 -6504.08 -27281.5
v 146293 -6504.08 -27275.9
v 146296 -6504.08 -27270.1
v 146299 -6504.08 -27264.2
v 146301 -6504.08 -27258
v 146303 -6504.08 -27251.8
v 146305 -6504.08 -27245.4
v 146306 -6504.08 -27238.9
v 146307 -6504.08 -27232.4
v 146307 -6504.08 -27225.9
v 146307 -6504.08 -27219.3
v 146306 -6504.08 -27212.8
v 146305 -6504.08 -27206.4
v 146303 -6504.08 -27200
v 146301 -6504.08 -27193.7
v 146299 -6504.08 -27187.6
v 146296 -6504.08 -27181.6
v 146293 -6504.08 -27175.9
v 146290 -6504.08 -27170.3
v 146286 -6504.08 -27165
v 146282 -6504.08 -27159.9
v 146277 -6504.08 -27155.2
v 146273 -6504.08 -27150.7
v 146268 -6504.08 -27146.5
v 146262 -6504.08 -27142.7
v 146257 -6504.08 -27139.3
v 146251 -6504.08 -27136.2
v 146245 -6504.08 -27133.5
v 146239 -6504.08 -27131.2
v 146233 -6504.08 -27129.3
v 146226 -6504.08 -27127.8
v 146220 -6504.08 -27126.7
v 146213 -6504.08 -27126.1
v 146207 -6504.08 -27125.9
v 146200 -6504.08 -27126.1
v 146194 -6504.08 -27126.7
v 146187 -6504.08 -27127.8
v 146181 -6504.08 -27129.3
v 146175 -6504.08 -27131.2
v 146168 -6504.08 -27133.5
v 146162 -6504.08 -27136.2
v 146157 -6504.08 -27139.3
v 146151 -6504.08 -27142.7
v 146146 -6504.08 -27146.5
v 146141 -6504.08 -27150.7
v 146136 -6504.08 -27155.2
v 146131 -6504.08 -27159.9
v 146127 -6504.08 -27165
v 146124 -6504.08 -27170.3
v 146120 -6504.08 -27175.9
v 146117 -6504.08 -27181.6
v 146114 -6504.08 -27187.6
v 146112 -6504.08 -27193.7
v 146110 -6504.08 -27200
v 146109 -6504.08 -27206.4
v 146108 -6504.08 -27212.8
f 5242/1145/2 5243/1146/2 5244/1147/2 5245/1148/2 5246/1149/2 5247/1150/2 5248/1151/2 5249/1152/2 5250/1153/2 5251/1154/2 5252/1155/2 5253/1156/2 5254/1157/2 5255/1158/2 5256/1159/2 5257/1160/2 5258/1161/2 5259/1162/2 5260/1163/2 5261/1164/2 5262/1165/2 5263/1166/2 5264/1167/2 5265/1168/2 5266/1169/2 5267/1170/2 5268/1171/2 5269/1172/2 5270/1173/2 5271/1174/2 5272/1175/2 5273/1176/2 5274/1177/2 5275/1178/2 5276/1179/2 5277/1180/2 5278/1181/2 5279/1182/2 5280/1183/2 5281/1184/2 5282/1185/2 5283/1186/2 5284/1187/2 5285/1188/2 5286/1189/2 5287/1190/2 5288/1191/2 5289/1192/2 5290/1193/2 5291/1194/2 5292/1195/2 5293/1196/2 5294/1197/2 5295/1198/2 5296/1199/2 5297/1200/2 5298/1201/2 5299/1202/2 5300/1203/2 5301/1204/2 5302/1205/2 5303/1206/2 5304/1207/2 5305/1208/2 5306/1209/2 5307/1210/2 5308/1211/2 5309/1212/2 5310/1213/2 5311/1214/2 5312/1215/2 5313/1216/2 5314/1217/2 5315/1218/2 5316/1219/2 5317/1220/2 5318/1221/2 5319/1222/2 5320/1223/2 5321/1224/2 5322/1225/2 5323/1226/2 5324/1227/2 5325/1228/2 5326/1229/2 5327/1230/2 5328/1231/2 5329/1232/2 5330/1233/2 5331/1234/2 5332/1235/2 5333/1236/2 5334/1237/2 5335/1238/2 5336/1239/2 5337/1240/2 

g Mesh134 GC200_1_37 ____2_t3_dwg1 Model

v 119258 -6504.08 -32108.3
v 119257 -6504.08 -32114.8
v 119258 -6504.08 -32121.4
v 119258 -6504.08 -32127.9
v 119259 -6504.08 -32134.3
v 119261 -6504.08 -32140.7
v 119263 -6504.08 -32147
v 119265 -6504.08 -32153.1
v 119268 -6504.08 -32159.1
v 119271 -6504.08 -32164.8
v 119274 -6504.08 -32170.4
v 119278 -6504.08 -32175.7
v 119282 -6504.08 -32180.8
v 119287 -6504.08 -32185.6
v 119291 -6504.08 -32190
v 119297 -6504.08 -32194.2
v 119302 -6504.08 -32198
v 119307 -6504.08 -32201.4
v 119313 -6504.08 -32204.5
v 119319 -6504.08 -32207.2
v 119325 -6504.08 -32209.5
v 119332 -6504.08 -32211.4
v 119338 -6504.08 -32212.9
v 119344 -6504.08 -32214
v 119351 -6504.08 -32214.6
v 119357 -6504.08 -32214.8
v 119364 -6504.08 -32214.6
v 119370 -6504.08 -32214
v 119377 -6504.08 -32212.9
v 119383 -6504.08 -32211.4
v 119390 -6504.08 -32209.5
v 119396 -6504.08 -32207.2
v 119402 -6504.08 -32204.5
v 119407 -6504.08 -32201.4
v 119413 -6504.08 -32198
v 119418 -6504.08 -32194.2
v 119423 -6504.08 -32190
v 119428 -6504.08 -32185.6
v 119433 -6504.08 -32180.8
v 119437 -6504.08 -32175.7
v 119441 -6504.08 -32170.4
v 119444 -6504.08 -32164.8
v 119447 -6504.08 -32159.1
v 119450 -6504.08 -32153.1
v 119452 -6504.08 -32147
v 119454 -6504.08 -32140.7
v 119456 -6504.08 -32134.3
v 119457 -6504.08 -32127.9
v 119457 -6504.08 -32121.4
v 119457 -6504.08 -32114.8
v 119457 -6504.08 -32108.3
v 119457 -6504.08 -32101.8
v 119456 -6504.08 -32095.3
v 119454 -6504.08 -32088.9
v 119452 -6504.08 -32082.7
v 119450 -6504.08 -32076.5
v 119447 -6504.08 -32070.6
v 119444 -6504.08 -32064.8
v 119441 -6504.08 -32059.3
v 119437 -6504.08 -32053.9
v 119433 -6504.08 -32048.9
v 119428 -6504.08 -32044.1
v 119423 -6504.08 -32039.6
v 119418 -6504.08 -32035.5
v 119413 -6504.08 -32031.7
v 119407 -6504.08 -32028.2
v 119402 -6504.08 -32025.1
v 119396 -6504.08 -32022.4
v 119390 -6504.08 -32020.1
v 119383 -6504.08 -32018.2
v 119377 -6504.08 -32016.7
v 119370 -6504.08 -32015.7
v 119364 -6504.08 -32015
v 119357 -6504.08 -32014.8
v 119351 -6504.08 -32015
v 119344 -6504.08 -32015.7
v 119338 -6504.08 -32016.7
v 119332 -6504.08 -32018.2
v 119325 -6504.08 -32020.1
v 119319 -6504.08 -32022.4
v 119313 -6504.08 -32025.1
v 119307 -6504.08 -32028.2
v 119302 -6504.08 -32031.7
v 119297 -6504.08 -32035.5
v 119291 -6504.08 -32039.6
v 119287 -6504.08 -32044.1
v 119282 -6504.08 -32048.9
v 119278 -6504.08 -32053.9
v 119274 -6504.08 -32059.3
v 119271 -6504.08 -32064.8
v 119268 -6504.08 -32070.6
v 119265 -6504.08 -32076.5
v 119263 -6504.08 -32082.7
v 119261 -6504.08 -32088.9
v 119259 -6504.08 -32095.3
v 119258 -6504.08 -32101.8
f 5338/1145/2 5339/1146/2 5340/1147/2 5341/1148/2 5342/1149/2 5343/1150/2 5344/1151/2 5345/1152/2 5346/1153/2 5347/1154/2 5348/1155/2 5349/1156/2 5350/1157/2 5351/1158/2 5352/1159/2 5353/1160/2 5354/1161/2 5355/1162/2 5356/1163/2 5357/1164/2 5358/1165/2 5359/1166/2 5360/1167/2 5361/1168/2 5362/1169/2 5363/1170/2 5364/1171/2 5365/1172/2 5366/1173/2 5367/1174/2 5368/1175/2 5369/1176/2 5370/1177/2 5371/1178/2 5372/1179/2 5373/1180/2 5374/1181/2 5375/1182/2 5376/1183/2 5377/1184/2 5378/1185/2 5379/1186/2 5380/1187/2 5381/1188/2 5382/1189/2 5383/1190/2 5384/1191/2 5385/1192/2 5386/1193/2 5387/1194/2 5388/1195/2 5389/1196/2 5390/1197/2 5391/1198/2 5392/1199/2 5393/1200/2 5394/1201/2 5395/1202/2 5396/1203/2 5397/1204/2 5398/1205/2 5399/1206/2 5400/1207/2 5401/1208/2 5402/1209/2 5403/1210/2 5404/1211/2 5405/1212/2 5406/1213/2 5407/1214/2 5408/1215/2 5409/1216/2 5410/1217/2 5411/1218/2 5412/1219/2 5413/1220/2 5414/1221/2 5415/1222/2 5416/1223/2 5417/1224/2 5418/1225/2 5419/1226/2 5420/1227/2 5421/1228/2 5422/1229/2 5423/1230/2 5424/1231/2 5425/1232/2 5426/1233/2 5427/1234/2 5428/1235/2 5429/1236/2 5430/1237/2 5431/1238/2 5432/1239/2 5433/1240/2 

g Mesh135 GC200_1_38 ____2_t3_dwg1 Model

v 140757 -6504.08 -522.089
v 140757 -6504.08 -528.631
v 140757 -6504.08 -535.173
v 140758 -6504.08 -541.687
v 140759 -6504.08 -548.146
v 140760 -6504.08 -554.52
v 140762 -6504.08 -560.784
v 140764 -6504.08 -566.91
v 140767 -6504.08 -572.872
v 140770 -6504.08 -578.645
v 140774 -6504.08 -584.203
v 140777 -6504.08 -589.524
v 140782 -6504.08 -594.583
v 140786 -6504.08 -599.361
v 140791 -6504.08 -603.835
v 140796 -6504.08 -607.988
v 140801 -6504.08 -611.8
v 140807 -6504.08 -615.257
v 140813 -6504.08 -618.343
v 140818 -6504.08 -621.044
v 140825 -6504.08 -623.35
v 140831 -6504.08 -625.25
v 140837 -6504.08 -626.736
v 140844 -6504.08 -627.802
v 140850 -6504.08 -628.444
v 140857 -6504.08 -628.658
v 140863 -6504.08 -628.444
v 140870 -6504.08 -627.802
v 140876 -6504.08 -626.736
v 140883 -6504.08 -625.25
v 140889 -6504.08 -623.35
v 140895 -6504.08 -621.044
v 140901 -6504.08 -618.343
v 140907 -6504.08 -615.257
v 140912 -6504.08 -611.8
v 140918 -6504.08 -607.988
v 140923 -6504.08 -603.835
v 140927 -6504.08 -599.361
v 140932 -6504.08 -594.583
v 140936 -6504.08 -589.524
v 140940 -6504.08 -584.203
v 140943 -6504.08 -578.645
v 140946 -6504.08 -572.872
v 140949 -6504.08 -566.91
v 140951 -6504.08 -560.784
v 140953 -6504.08 -554.52
v 140955 -6504.08 -548.146
v 140956 -6504.08 -541.687
v 140957 -6504.08 -535.173
v 140957 -6504.08 -528.631
v 140957 -6504.08 -522.089
v 140956 -6504.08 -515.575
v 140955 -6504.08 -509.117
v 140953 -6504.08 -502.742
v 140951 -6504.08 -496.479
v 140949 -6504.08 -490.353
v 140946 -6504.08 -484.391
v 140943 -6504.08 -478.618
v 140940 -6504.08 -473.059
v 140936 -6504.08 -467.739
v 140932 -6504.08 -462.679
v 140927 -6504.08 -457.902
v 140923 -6504.08 -453.427
v 140918 -6504.08 -449.275
v 140912 -6504.08 -445.462
v 140907 -6504.08 -442.006
v 140901 -6504.08 -438.92
v 140895 -6504.08 -436.219
v 140889 -6504.08 -433.913
v 140883 -6504.08 -432.013
v 140876 -6504.08 -430.526
v 140870 -6504.08 -429.46
v 140863 -6504.08 -428.819
v 140857 -6504.08 -428.604
v 140850 -6504.08 -428.819
v 140844 -6504.08 -429.46
v 140837 -6504.08 -430.526
v 140831 -6504.08 -432.013
v 140825 -6504.08 -433.913
v 140818 -6504.08 -436.219
v 140813 -6504.08 -438.92
v 140807 -6504.08 -442.006
v 140801 -6504.08 -445.462
v 140796 -6504.08 -449.275
v 140791 -6504.08 -453.427
v 140786 -6504.08 -457.902
v 140782 -6504.08 -462.679
v 140777 -6504.08 -467.739
v 140774 -6504.08 -473.059
v 140770 -6504.08 -478.618
v 140767 -6504.08 -484.391
v 140764 -6504.08 -490.353
v 140762 -6504.08 -496.479
v 140760 -6504.08 -502.742
v 140759 -6504.08 -509.117
v 140758 -6504.08 -515.575
f 5434/1145/2 5435/1146/2 5436/1147/2 5437/1148/2 5438/1149/2 5439/1150/2 5440/1151/2 5441/1152/2 5442/1153/2 5443/1154/2 5444/1155/2 5445/1156/2 5446/1157/2 5447/1158/2 5448/1159/2 5449/1160/2 5450/1161/2 5451/1162/2 5452/1163/2 5453/1164/2 5454/1165/2 5455/1166/2 5456/1167/2 5457/1168/2 5458/1169/2 5459/1170/2 5460/1171/2 5461/1172/2 5462/1173/2 5463/1174/2 5464/1175/2 5465/1176/2 5466/1177/2 5467/1178/2 5468/1179/2 5469/1180/2 5470/1181/2 5471/1182/2 5472/1183/2 5473/1184/2 5474/1185/2 5475/1186/2 5476/1187/2 5477/1188/2 5478/1189/2 5479/1190/2 5480/1191/2 5481/1192/2 5482/1193/2 5483/1194/2 5484/1195/2 5485/1196/2 5486/1197/2 5487/1198/2 5488/1199/2 5489/1200/2 5490/1201/2 5491/1202/2 5492/1203/2 5493/1204/2 5494/1205/2 5495/1206/2 5496/1207/2 5497/1208/2 5498/1209/2 5499/1210/2 5500/1211/2 5501/1212/2 5502/1213/2 5503/1214/2 5504/1215/2 5505/1216/2 5506/1217/2 5507/1218/2 5508/1219/2 5509/1220/2 5510/1221/2 5511/1222/2 5512/1223/2 5513/1224/2 5514/1225/2 5515/1226/2 5516/1227/2 5517/1228/2 5518/1229/2 5519/1230/2 5520/1231/2 5521/1232/2 5522/1233/2 5523/1234/2 5524/1235/2 5525/1236/2 5526/1237/2 5527/1238/2 5528/1239/2 5529/1240/2 

g Mesh136 GC200_1_39 ____2_t3_dwg1 Model

v 151818 -6504.08 -13143.2
v 151818 -6504.08 -13149.8
v 151818 -6504.08 -13156.3
v 151819 -6504.08 -13162.8
v 151820 -6504.08 -13169.3
v 151821 -6504.08 -13175.7
v 151823 -6504.08 -13181.9
v 151825 -6504.08 -13188.1
v 151828 -6504.08 -13194
v 151831 -6504.08 -13199.8
v 151835 -6504.08 -13205.4
v 151838 -6504.08 -13210.7
v 151843 -6504.08 -13215.7
v 151847 -6504.08 -13220.5
v 151852 -6504.08 -13225
v 151857 -6504.08 -13229.1
v 151862 -6504.08 -13233
v 151868 -6504.08 -13236.4
v 151874 -6504.08 -13239.5
v 151880 -6504.08 -13242.2
v 151886 -6504.08 -13244.5
v 151892 -6504.08 -13246.4
v 151898 -6504.08 -13247.9
v 151905 -6504.08 -13249
v 151911 -6504.08 -13249.6
v 151918 -6504.08 -13249.8
v 151924 -6504.08 -13249.6
v 151931 -6504.08 -13249
v 151937 -6504.08 -13247.9
v 151944 -6504.08 -13246.4
v 151950 -6504.08 -13244.5
v 151956 -6504.08 -13242.2
v 151962 -6504.08 -13239.5
v 151968 -6504.08 -13236.4
v 151973 -6504.08 -13233
v 151979 -6504.08 -13229.1
v 151984 -6504.08 -13225
v 151989 -6504.08 -13220.5
v 151993 -6504.08 -13215.7
v 151997 -6504.08 -13210.7
v 152001 -6504.08 -13205.4
v 152004 -6504.08 -13199.8
v 152008 -6504.08 -13194
v 152010 -6504.08 -13188.1
v 152013 -6504.08 -13181.9
v 152014 -6504.08 -13175.7
v 152016 -6504.08 -13169.3
v 152017 -6504.08 -13162.8
v 152018 -6504.08 -13156.3
v 152018 -6504.08 -13149.8
v 152018 -6504.08 -13143.2
v 152017 -6504.08 -13136.7
v 152016 -6504.08 -13130.3
v 152014 -6504.08 -13123.9
v 152013 -6504.08 -13117.6
v 152010 -6504.08 -13111.5
v 152008 -6504.08 -13105.5
v 152004 -6504.08 -13099.8
v 152001 -6504.08 -13094.2
v 151997 -6504.08 -13088.9
v 151993 -6504.08 -13083.8
v 151989 -6504.08 -13079.1
v 151984 -6504.08 -13074.6
v 151979 -6504.08 -13070.4
v 151973 -6504.08 -13066.6
v 151968 -6504.08 -13063.2
v 151962 -6504.08 -13060.1
v 151956 -6504.08 -13057.4
v 151950 -6504.08 -13055.1
v 151944 -6504.08 -13053.2
v 151937 -6504.08 -13051.7
v 151931 -6504.08 -13050.6
v 151924 -6504.08 -13050
v 151918 -6504.08 -13049.8
v 151911 -6504.08 -13050
v 151905 -6504.08 -13050.6
v 151898 -6504.08 -13051.7
v 151892 -6504.08 -13053.2
v 151886 -6504.08 -13055.1
v 151880 -6504.08 -13057.4
v 151874 -6504.08 -13060.1
v 151868 -6504.08 -13063.2
v 151862 -6504.08 -13066.6
v 151857 -6504.08 -13070.4
v 151852 -6504.08 -13074.6
v 151847 -6504.08 -13079.1
v 151843 -6504.08 -13083.8
v 151838 -6504.08 -13088.9
v 151835 -6504.08 -13094.2
v 151831 -6504.08 -13099.8
v 151828 -6504.08 -13105.5
v 151825 -6504.08 -13111.5
v 151823 -6504.08 -13117.6
v 151821 -6504.08 -13123.9
v 151820 -6504.08 -13130.3
v 151819 -6504.08 -13136.7
f 5530/1145/2 5531/1146/2 5532/1147/2 5533/1148/2 5534/1149/2 5535/1150/2 5536/1151/2 5537/1152/2 5538/1153/2 5539/1154/2 5540/1155/2 5541/1156/2 5542/1157/2 5543/1158/2 5544/1159/2 5545/1160/2 5546/1161/2 5547/1162/2 5548/1163/2 5549/1164/2 5550/1165/2 5551/1166/2 5552/1167/2 5553/1168/2 5554/1169/2 5555/1170/2 5556/1171/2 5557/1172/2 5558/1173/2 5559/1174/2 5560/1175/2 5561/1176/2 5562/1177/2 5563/1178/2 5564/1179/2 5565/1180/2 5566/1181/2 5567/1182/2 5568/1183/2 5569/1184/2 5570/1185/2 5571/1186/2 5572/1187/2 5573/1188/2 5574/1189/2 5575/1190/2 5576/1191/2 5577/1192/2 5578/1193/2 5579/1194/2 5580/1195/2 5581/1196/2 5582/1197/2 5583/1198/2 5584/1199/2 5585/1200/2 5586/1201/2 5587/1202/2 5588/1203/2 5589/1204/2 5590/1205/2 5591/1206/2 5592/1207/2 5593/1208/2 5594/1209/2 5595/1210/2 5596/1211/2 5597/1212/2 5598/1213/2 5599/1214/2 5600/1215/2 5601/1216/2 5602/1217/2 5603/1218/2 5604/1219/2 5605/1220/2 5606/1221/2 5607/1222/2 5608/1223/2 5609/1224/2 5610/1225/2 5611/1226/2 5612/1227/2 5613/1228/2 5614/1229/2 5615/1230/2 5616/1231/2 5617/1232/2 5618/1233/2 5619/1234/2 5620/1235/2 5621/1236/2 5622/1237/2 5623/1238/2 5624/1239/2 5625/1240/2 

g Mesh137 GC200_1_40 ____2_t3_dwg1 Model

v 116710 -6504.08 -20715.2
v 116709 -6504.08 -20721.7
v 116710 -6504.08 -20728.3
v 116710 -6504.08 -20734.8
v 116711 -6504.08 -20741.2
v 116713 -6504.08 -20747.6
v 116715 -6504.08 -20753.9
v 116717 -6504.08 -20760
v 116720 -6504.08 -20766
v 116723 -6504.08 -20771.7
v 116726 -6504.08 -20777.3
v 116730 -6504.08 -20782.6
v 116734 -6504.08 -20787.7
v 116739 -6504.08 -20792.4
v 116744 -6504.08 -20796.9
v 116749 -6504.08 -20801.1
v 116754 -6504.08 -20804.9
v 116759 -6504.08 -20808.3
v 116765 -6504.08 -20811.4
v 116771 -6504.08 -20814.1
v 116777 -6504.08 -20816.4
v 116784 -6504.08 -20818.3
v 116790 -6504.08 -20819.8
v 116796 -6504.08 -20820.9
v 116803 -6504.08 -20821.5
v 116809 -6504.08 -20821.7
v 116816 -6504.08 -20821.5
v 116823 -6504.08 -20820.9
v 116829 -6504.08 -20819.8
v 116835 -6504.08 -20818.3
v 116842 -6504.08 -20816.4
v 116848 -6504.08 -20814.1
v 116854 -6504.08 -20811.4
v 116859 -6504.08 -20808.3
v 116865 -6504.08 -20804.9
v 116870 -6504.08 -20801.1
v 116875 -6504.08 -20796.9
v 116880 -6504.08 -20792.4
v 116885 -6504.08 -20787.7
v 116889 -6504.08 -20782.6
v 116893 -6504.08 -20777.3
v 116896 -6504.08 -20771.7
v 116899 -6504.08 -20766
v 116902 -6504.08 -20760
v 116904 -6504.08 -20753.9
v 116906 -6504.08 -20747.6
v 116908 -6504.08 -20741.2
v 116909 -6504.08 -20734.8
v 116909 -6504.08 -20728.3
v 116909 -6504.08 -20721.7
v 116909 -6504.08 -20715.2
v 116909 -6504.08 -20708.7
v 116908 -6504.08 -20702.2
v 116906 -6504.08 -20695.8
v 116904 -6504.08 -20689.6
v 116902 -6504.08 -20683.4
v 116899 -6504.08 -20677.5
v 116896 -6504.08 -20671.7
v 116893 -6504.08 -20666.1
v 116889 -6504.08 -20660.8
v 116885 -6504.08 -20655.8
v 116880 -6504.08 -20651
v 116875 -6504.08 -20646.5
v 116870 -6504.08 -20642.4
v 116865 -6504.08 -20638.5
v 116859 -6504.08 -20635.1
v 116854 -6504.08 -20632
v 116848 -6504.08 -20629.3
v 116842 -6504.08 -20627
v 116835 -6504.08 -20625.1
v 116829 -6504.08 -20623.6
v 116823 -6504.08 -20622.5
v 116816 -6504.08 -20621.9
v 116809 -6504.08 -20621.7
v 116803 -6504.08 -20621.9
v 116796 -6504.08 -20622.5
v 116790 -6504.08 -20623.6
v 116784 -6504.08 -20625.1
v 116777 -6504.08 -20627
v 116771 -6504.08 -20629.3
v 116765 -6504.08 -20632
v 116759 -6504.08 -20635.1
v 116754 -6504.08 -20638.5
v 116749 -6504.08 -20642.4
v 116744 -6504.08 -20646.5
v 116739 -6504.08 -20651
v 116734 -6504.08 -20655.8
v 116730 -6504.08 -20660.8
v 116726 -6504.08 -20666.1
v 116723 -6504.08 -20671.7
v 116720 -6504.08 -20677.5
v 116717 -6504.08 -20683.4
v 116715 -6504.08 -20689.6
v 116713 -6504.08 -20695.8
v 116711 -6504.08 -20702.2
v 116710 -6504.08 -20708.7
f 5626/1145/2 5627/1146/2 5628/1147/2 5629/1148/2 5630/1149/2 5631/1150/2 5632/1151/2 5633/1152/2 5634/1153/2 5635/1154/2 5636/1155/2 5637/1156/2 5638/1157/2 5639/1158/2 5640/1159/2 5641/1160/2 5642/1161/2 5643/1162/2 5644/1163/2 5645/1164/2 5646/1165/2 5647/1166/2 5648/1167/2 5649/1168/2 5650/1169/2 5651/1170/2 5652/1171/2 5653/1172/2 5654/1173/2 5655/1174/2 5656/1175/2 5657/1176/2 5658/1177/2 5659/1178/2 5660/1179/2 5661/1180/2 5662/1181/2 5663/1182/2 5664/1183/2 5665/1184/2 5666/1185/2 5667/1186/2 5668/1187/2 5669/1188/2 5670/1189/2 5671/1190/2 5672/1191/2 5673/1192/2 5674/1193/2 5675/1194/2 5676/1195/2 5677/1196/2 5678/1197/2 5679/1198/2 5680/1199/2 5681/1200/2 5682/1201/2 5683/1202/2 5684/1203/2 5685/1204/2 5686/1205/2 5687/1206/2 5688/1207/2 5689/1208/2 5690/1209/2 5691/1210/2 5692/1211/2 5693/1212/2 5694/1213/2 5695/1214/2 5696/1215/2 5697/1216/2 5698/1217/2 5699/1218/2 5700/1219/2 5701/1220/2 5702/1221/2 5703/1222/2 5704/1223/2 5705/1224/2 5706/1225/2 5707/1226/2 5708/1227/2 5709/1228/2 5710/1229/2 5711/1230/2 5712/1231/2 5713/1232/2 5714/1233/2 5715/1234/2 5716/1235/2 5717/1236/2 5718/1237/2 5719/1238/2 5720/1239/2 5721/1240/2 

g Mesh138 GC200_1_41 ____2_t3_dwg1 Model

v 103425 -6504.08 -11384
v 103424 -6504.08 -11390.6
v 103425 -6504.08 -11397.1
v 103425 -6504.08 -11403.6
v 103426 -6504.08 -11410.1
v 103428 -6504.08 -11416.5
v 103430 -6504.08 -11422.7
v 103432 -6504.08 -11428.9
v 103435 -6504.08 -11434.8
v 103438 -6504.08 -11440.6
v 103441 -6504.08 -11446.1
v 103445 -6504.08 -11451.5
v 103449 -6504.08 -11456.5
v 103454 -6504.08 -11461.3
v 103458 -6504.08 -11465.8
v 103463 -6504.08 -11469.9
v 103469 -6504.08 -11473.7
v 103474 -6504.08 -11477.2
v 103480 -6504.08 -11480.3
v 103486 -6504.08 -11483
v 103492 -6504.08 -11485.3
v 103498 -6504.08 -11487.2
v 103505 -6504.08 -11488.7
v 103511 -6504.08 -11489.7
v 103518 -6504.08 -11490.4
v 103524 -6504.08 -11490.6
v 103531 -6504.08 -11490.4
v 103537 -6504.08 -11489.7
v 103544 -6504.08 -11488.7
v 103550 -6504.08 -11487.2
v 103557 -6504.08 -11485.3
v 103563 -6504.08 -11483
v 103569 -6504.08 -11480.3
v 103574 -6504.08 -11477.2
v 103580 -6504.08 -11473.7
v 103585 -6504.08 -11469.9
v 103590 -6504.08 -11465.8
v 103595 -6504.08 -11461.3
v 103600 -6504.08 -11456.5
v 103604 -6504.08 -11451.5
v 103608 -6504.08 -11446.1
v 103611 -6504.08 -11440.6
v 103614 -6504.08 -11434.8
v 103617 -6504.08 -11428.9
v 103619 -6504.08 -11422.7
v 103621 -6504.08 -11416.5
v 103622 -6504.08 -11410.1
v 103624 -6504.08 -11403.6
v 103624 -6504.08 -11397.1
v 103624 -6504.08 -11390.6
v 103624 -6504.08 -11384
v 103624 -6504.08 -11377.5
v 103622 -6504.08 -11371.1
v 103621 -6504.08 -11364.7
v 103619 -6504.08 -11358.4
v 103617 -6504.08 -11352.3
v 103614 -6504.08 -11346.3
v 103611 -6504.08 -11340.6
v 103608 -6504.08 -11335
v 103604 -6504.08 -11329.7
v 103600 -6504.08 -11324.6
v 103595 -6504.08 -11319.8
v 103590 -6504.08 -11315.4
v 103585 -6504.08 -11311.2
v 103580 -6504.08 -11307.4
v 103574 -6504.08 -11303.9
v 103569 -6504.08 -11300.9
v 103563 -6504.08 -11298.2
v 103557 -6504.08 -11295.9
v 103550 -6504.08 -11294
v 103544 -6504.08 -11292.5
v 103537 -6504.08 -11291.4
v 103531 -6504.08 -11290.8
v 103524 -6504.08 -11290.5
v 103518 -6504.08 -11290.8
v 103511 -6504.08 -11291.4
v 103505 -6504.08 -11292.5
v 103498 -6504.08 -11294
v 103492 -6504.08 -11295.9
v 103486 -6504.08 -11298.2
v 103480 -6504.08 -11300.9
v 103474 -6504.08 -11303.9
v 103469 -6504.08 -11307.4
v 103463 -6504.08 -11311.2
v 103458 -6504.08 -11315.4
v 103454 -6504.08 -11319.8
v 103449 -6504.08 -11324.6
v 103445 -6504.08 -11329.7
v 103441 -6504.08 -11335
v 103438 -6504.08 -11340.6
v 103435 -6504.08 -11346.3
v 103432 -6504.08 -11352.3
v 103430 -6504.08 -11358.4
v 103428 -6504.08 -11364.7
v 103426 -6504.08 -11371.1
v 103425 -6504.08 -11377.5
f 5722/1145/2 5723/1146/2 5724/1147/2 5725/1148/2 5726/1149/2 5727/1150/2 5728/1151/2 5729/1152/2 5730/1153/2 5731/1154/2 5732/1155/2 5733/1156/2 5734/1157/2 5735/1158/2 5736/1159/2 5737/1160/2 5738/1161/2 5739/1162/2 5740/1163/2 5741/1164/2 5742/1165/2 5743/1166/2 5744/1167/2 5745/1168/2 5746/1169/2 5747/1170/2 5748/1171/2 5749/1172/2 5750/1173/2 5751/1174/2 5752/1175/2 5753/1176/2 5754/1177/2 5755/1178/2 5756/1179/2 5757/1180/2 5758/1181/2 5759/1182/2 5760/1183/2 5761/1184/2 5762/1185/2 5763/1186/2 5764/1187/2 5765/1188/2 5766/1189/2 5767/1190/2 5768/1191/2 5769/1192/2 5770/1193/2 5771/1194/2 5772/1195/2 5773/1196/2 5774/1197/2 5775/1198/2 5776/1199/2 5777/1200/2 5778/1201/2 5779/1202/2 5780/1203/2 5781/1204/2 5782/1205/2 5783/1206/2 5784/1207/2 5785/1208/2 5786/1209/2 5787/1210/2 5788/1211/2 5789/1212/2 5790/1213/2 5791/1214/2 5792/1215/2 5793/1216/2 5794/1217/2 5795/1218/2 5796/1219/2 5797/1220/2 5798/1221/2 5799/1222/2 5800/1223/2 5801/1224/2 5802/1225/2 5803/1226/2 5804/1227/2 5805/1228/2 5806/1229/2 5807/1230/2 5808/1231/2 5809/1232/2 5810/1233/2 5811/1234/2 5812/1235/2 5813/1236/2 5814/1237/2 5815/1238/2 5816/1239/2 5817/1240/2 

g Mesh139 GC200_1_42 ____2_t3_dwg1 Model

v 107396 -6504.08 -32105.2
v 107395 -6504.08 -32111.8
v 107396 -6504.08 -32118.3
v 107396 -6504.08 -32124.8
v 107397 -6504.08 -32131.3
v 107399 -6504.08 -32137.7
v 107401 -6504.08 -32143.9
v 107403 -6504.08 -32150.1
v 107406 -6504.08 -32156
v 107409 -6504.08 -32161.8
v 107412 -6504.08 -32167.3
v 107416 -6504.08 -32172.7
v 107420 -6504.08 -32177.7
v 107425 -6504.08 -32182.5
v 107429 -6504.08 -32187
v 107434 -6504.08 -32191.1
v 107440 -6504.08 -32194.9
v 107445 -6504.08 -32198.4
v 107451 -6504.08 -32201.5
v 107457 -6504.08 -32204.2
v 107463 -6504.08 -32206.5
v 107469 -6504.08 -32208.4
v 107476 -6504.08 -32209.9
v 107482 -6504.08 -32210.9
v 107489 -6504.08 -32211.6
v 107495 -6504.08 -32211.8
v 107502 -6504.08 -32211.6
v 107508 -6504.08 -32210.9
v 107515 -6504.08 -32209.9
v 107521 -6504.08 -32208.4
v 107527 -6504.08 -32206.5
v 107534 -6504.08 -32204.2
v 107540 -6504.08 -32201.5
v 107545 -6504.08 -32198.4
v 107551 -6504.08 -32194.9
v 107556 -6504.08 -32191.1
v 107561 -6504.08 -32187
v 107566 -6504.08 -32182.5
v 107571 -6504.08 -32177.7
v 107575 -6504.08 -32172.7
v 107579 -6504.08 -32167.3
v 107582 -6504.08 -32161.8
v 107585 -6504.08 -32156
v 107588 -6504.08 -32150.1
v 107590 -6504.08 -32143.9
v 107592 -6504.08 -32137.7
v 107593 -6504.08 -32131.3
v 107595 -6504.08 -32124.8
v 107595 -6504.08 -32118.3
v 107595 -6504.08 -32111.8
v 107595 -6504.08 -32105.2
v 107595 -6504.08 -32098.7
v 107593 -6504.08 -32092.3
v 107592 -6504.08 -32085.9
v 107590 -6504.08 -32079.6
v 107588 -6504.08 -32073.5
v 107585 -6504.08 -32067.5
v 107582 -6504.08 -32061.8
v 107579 -6504.08 -32056.2
v 107575 -6504.08 -32050.9
v 107571 -6504.08 -32045.8
v 107566 -6504.08 -32041
v 107561 -6504.08 -32036.6
v 107556 -6504.08 -32032.4
v 107551 -6504.08 -32028.6
v 107545 -6504.08 -32025.1
v 107540 -6504.08 -32022.1
v 107534 -6504.08 -32019.4
v 107527 -6504.08 -32017.1
v 107521 -6504.08 -32015.2
v 107515 -6504.08 -32013.7
v 107508 -6504.08 -32012.6
v 107502 -6504.08 -32012
v 107495 -6504.08 -32011.7
v 107489 -6504.08 -32012
v 107482 -6504.08 -32012.6
v 107476 -6504.08 -32013.7
v 107469 -6504.08 -32015.2
v 107463 -6504.08 -32017.1
v 107457 -6504.08 -32019.4
v 107451 -6504.08 -32022.1
v 107445 -6504.08 -32025.1
v 107440 -6504.08 -32028.6
v 107434 -6504.08 -32032.4
v 107429 -6504.08 -32036.6
v 107425 -6504.08 -32041
v 107420 -6504.08 -32045.8
v 107416 -6504.08 -32050.9
v 107412 -6504.08 -32056.2
v 107409 -6504.08 -32061.8
v 107406 -6504.08 -32067.5
v 107403 -6504.08 -32073.5
v 107401 -6504.08 -32079.6
v 107399 -6504.08 -32085.9
v 107397 -6504.08 -32092.3
v 107396 -6504.08 -32098.7
f 5818/1145/2 5819/1146/2 5820/1147/2 5821/1148/2 5822/1149/2 5823/1150/2 5824/1151/2 5825/1152/2 5826/1153/2 5827/1154/2 5828/1155/2 5829/1156/2 5830/1157/2 5831/1158/2 5832/1159/2 5833/1160/2 5834/1161/2 5835/1162/2 5836/1163/2 5837/1164/2 5838/1165/2 5839/1166/2 5840/1167/2 5841/1168/2 5842/1169/2 5843/1170/2 5844/1171/2 5845/1172/2 5846/1173/2 5847/1174/2 5848/1175/2 5849/1176/2 5850/1177/2 5851/1178/2 5852/1179/2 5853/1180/2 5854/1181/2 5855/1182/2 5856/1183/2 5857/1184/2 5858/1185/2 5859/1186/2 5860/1187/2 5861/1188/2 5862/1189/2 5863/1190/2 5864/1191/2 5865/1192/2 5866/1193/2 5867/1194/2 5868/1195/2 5869/1196/2 5870/1197/2 5871/1198/2 5872/1199/2 5873/1200/2 5874/1201/2 5875/1202/2 5876/1203/2 5877/1204/2 5878/1205/2 5879/1206/2 5880/1207/2 5881/1208/2 5882/1209/2 5883/1210/2 5884/1211/2 5885/1212/2 5886/1213/2 5887/1214/2 5888/1215/2 5889/1216/2 5890/1217/2 5891/1218/2 5892/1219/2 5893/1220/2 5894/1221/2 5895/1222/2 5896/1223/2 5897/1224/2 5898/1225/2 5899/1226/2 5900/1227/2 5901/1228/2 5902/1229/2 5903/1230/2 5904/1231/2 5905/1232/2 5906/1233/2 5907/1234/2 5908/1235/2 5909/1236/2 5910/1237/2 5911/1238/2 5912/1239/2 5913/1240/2 

g Mesh140 GC200_1_43 ____2_t3_dwg1 Model

v 36728.8 -6504.08 -68037.3
v 36728.5 -6504.08 -68043.8
v 36728.8 -6504.08 -68050.3
v 36729.4 -6504.08 -68056.9
v 36730.5 -6504.08 -68063.3
v 36731.9 -6504.08 -68069.7
v 36733.8 -6504.08 -68076
v 36736.2 -6504.08 -68082.1
v 36738.9 -6504.08 -68088
v 36741.9 -6504.08 -68093.8
v 36745.4 -6504.08 -68099.4
v 36749.2 -6504.08 -68104.7
v 36753.4 -6504.08 -68109.8
v 36757.8 -6504.08 -68114.5
v 36762.6 -6504.08 -68119
v 36767.7 -6504.08 -68123.2
v 36773 -6504.08 -68127
v 36778.6 -6504.08 -68130.4
v 36784.3 -6504.08 -68133.5
v 36790.3 -6504.08 -68136.2
v 36796.4 -6504.08 -68138.5
v 36802.7 -6504.08 -68140.4
v 36809.1 -6504.08 -68141.9
v 36815.5 -6504.08 -68143
v 36822 -6504.08 -68143.6
v 36828.6 -6504.08 -68143.8
v 36835.1 -6504.08 -68143.6
v 36841.6 -6504.08 -68143
v 36848.1 -6504.08 -68141.9
v 36854.5 -6504.08 -68140.4
v 36860.7 -6504.08 -68138.5
v 36866.8 -6504.08 -68136.2
v 36872.8 -6504.08 -68133.5
v 36878.6 -6504.08 -68130.4
v 36884.1 -6504.08 -68127
v 36889.5 -6504.08 -68123.2
v 36894.5 -6504.08 -68119
v 36899.3 -6504.08 -68114.5
v 36903.8 -6504.08 -68109.8
v 36907.9 -6504.08 -68104.7
v 36911.7 -6504.08 -68099.4
v 36915.2 -6504.08 -68093.8
v 36918.3 -6504.08 -68088
v 36921 -6504.08 -68082.1
v 36923.3 -6504.08 -68076
v 36925.2 -6504.08 -68069.7
v 36926.7 -6504.08 -68063.3
v 36927.7 -6504.08 -68056.9
v 36928.4 -6504.08 -68050.3
v 36928.6 -6504.08 -68043.8
v 36928.4 -6504.08 -68037.3
v 36927.7 -6504.08 -68030.7
v 36926.7 -6504.08 -68024.3
v 36925.2 -6504.08 -68017.9
v 36923.3 -6504.08 -68011.7
v 36921 -6504.08 -68005.5
v 36918.3 -6504.08 -67999.6
v 36915.2 -6504.08 -67993.8
v 36911.7 -6504.08 -67988.2
v 36907.9 -6504.08 -67982.9
v 36903.8 -6504.08 -67977.9
v 36899.3 -6504.08 -67973.1
v 36894.5 -6504.08 -67968.6
v 36889.5 -6504.08 -67964.4
v 36884.1 -6504.08 -67960.6
v 36878.6 -6504.08 -67957.2
v 36872.8 -6504.08 -67954.1
v 36866.8 -6504.08 -67951.4
v 36860.7 -6504.08 -67949.1
v 36854.5 -6504.08 -67947.2
v 36848.1 -6504.08 -67945.7
v 36841.6 -6504.08 -67944.6
v 36835.1 -6504.08 -67944
v 36828.6 -6504.08 -67943.8
v 36822 -6504.08 -67944
v 36815.5 -6504.08 -67944.6
v 36809.1 -6504.08 -67945.7
v 36802.7 -6504.08 -67947.2
v 36796.4 -6504.08 -67949.1
v 36790.3 -6504.08 -67951.4
v 36784.3 -6504.08 -67954.1
v 36778.6 -6504.08 -67957.2
v 36773 -6504.08 -67960.6
v 36767.7 -6504.08 -67964.4
v 36762.6 -6504.08 -67968.6
v 36757.8 -6504.08 -67973.1
v 36753.4 -6504.08 -67977.9
v 36749.2 -6504.08 -67982.9
v 36745.4 -6504.08 -67988.2
v 36741.9 -6504.08 -67993.8
v 36738.9 -6504.08 -67999.6
v 36736.2 -6504.08 -68005.5
v 36733.8 -6504.08 -68011.7
v 36731.9 -6504.08 -68017.9
v 36730.5 -6504.08 -68024.3
v 36729.4 -6504.08 -68030.7
f 5914/1145/2 5915/1146/2 5916/1147/2 5917/1148/2 5918/1149/2 5919/1150/2 5920/1151/2 5921/1152/2 5922/1153/2 5923/1154/2 5924/1155/2 5925/1156/2 5926/1157/2 5927/1158/2 5928/1159/2 5929/1160/2 5930/1161/2 5931/1162/2 5932/1163/2 5933/1164/2 5934/1165/2 5935/1166/2 5936/1167/2 5937/1168/2 5938/1169/2 5939/1170/2 5940/1171/2 5941/1172/2 5942/1173/2 5943/1174/2 5944/1175/2 5945/1176/2 5946/1177/2 5947/1178/2 5948/1179/2 5949/1180/2 5950/1181/2 5951/1182/2 5952/1183/2 5953/1184/2 5954/1185/2 5955/1186/2 5956/1187/2 5957/1188/2 5958/1189/2 5959/1190/2 5960/1191/2 5961/1192/2 5962/1193/2 5963/1194/2 5964/1195/2 5965/1196/2 5966/1197/2 5967/1198/2 5968/1199/2 5969/1200/2 5970/1201/2 5971/1202/2 5972/1203/2 5973/1204/2 5974/1205/2 5975/1206/2 5976/1207/2 5977/1208/2 5978/1209/2 5979/1210/2 5980/1211/2 5981/1212/2 5982/1213/2 5983/1214/2 5984/1215/2 5985/1216/2 5986/1217/2 5987/1218/2 5988/1219/2 5989/1220/2 5990/1221/2 5991/1222/2 5992/1223/2 5993/1224/2 5994/1225/2 5995/1226/2 5996/1227/2 5997/1228/2 5998/1229/2 5999/1230/2 6000/1231/2 6001/1232/2 6002/1233/2 6003/1234/2 6004/1235/2 6005/1236/2 6006/1237/2 6007/1238/2 6008/1239/2 6009/1240/2 

g Mesh141 GC200_1_44 ____2_t3_dwg1 Model

v 48249.9 -6504.08 -58567.2
v 48249.7 -6504.08 -58573.8
v 48249.9 -6504.08 -58580.3
v 48250.5 -6504.08 -58586.8
v 48251.6 -6504.08 -58593.3
v 48253.1 -6504.08 -58599.7
v 48255 -6504.08 -58605.9
v 48257.3 -6504.08 -58612
v 48260 -6504.08 -58618
v 48263.1 -6504.08 -58623.8
v 48266.5 -6504.08 -58629.3
v 48270.3 -6504.08 -58634.7
v 48274.5 -6504.08 -58639.7
v 48279 -6504.08 -58644.5
v 48283.8 -6504.08 -58649
v 48288.8 -6504.08 -58653.1
v 48294.1 -6504.08 -58656.9
v 48299.7 -6504.08 -58660.4
v 48305.5 -6504.08 -58663.5
v 48311.4 -6504.08 -58666.2
v 48317.6 -6504.08 -58668.5
v 48323.8 -6504.08 -58670.4
v 48330.2 -6504.08 -58671.9
v 48336.6 -6504.08 -58672.9
v 48343.2 -6504.08 -58673.6
v 48349.7 -6504.08 -58673.8
v 48356.2 -6504.08 -58673.6
v 48362.8 -6504.08 -58672.9
v 48369.2 -6504.08 -58671.9
v 48375.6 -6504.08 -58670.4
v 48381.9 -6504.08 -58668.5
v 48388 -6504.08 -58666.2
v 48393.9 -6504.08 -58663.5
v 48399.7 -6504.08 -58660.4
v 48405.3 -6504.08 -58656.9
v 48410.6 -6504.08 -58653.1
v 48415.7 -6504.08 -58649
v 48420.4 -6504.08 -58644.5
v 48424.9 -6504.08 -58639.7
v 48429.1 -6504.08 -58634.7
v 48432.9 -6504.08 -58629.3
v 48436.3 -6504.08 -58623.8
v 48439.4 -6504.08 -58618
v 48442.1 -6504.08 -58612
v 48444.4 -6504.08 -58605.9
v 48446.3 -6504.08 -58599.7
v 48447.8 -6504.08 -58593.3
v 48448.9 -6504.08 -58586.8
v 48449.5 -6504.08 -58580.3
v 48449.7 -6504.08 -58573.8
v 48449.5 -6504.08 -58567.2
v 48448.9 -6504.08 -58560.7
v 48447.8 -6504.08 -58554.3
v 48446.3 -6504.08 -58547.9
v 48444.4 -6504.08 -58541.6
v 48442.1 -6504.08 -58535.5
v 48439.4 -6504.08 -58529.5
v 48436.3 -6504.08 -58523.8
v 48432.9 -6504.08 -58518.2
v 48429.1 -6504.08 -58512.9
v 48424.9 -6504.08 -58507.8
v 48420.4 -6504.08 -58503
v 48415.7 -6504.08 -58498.6
v 48410.6 -6504.08 -58494.4
v 48405.3 -6504.08 -58490.6
v 48399.7 -6504.08 -58487.1
v 48393.9 -6504.08 -58484.1
v 48388 -6504.08 -58481.4
v 48381.9 -6504.08 -58479
v 48375.6 -6504.08 -58477.1
v 48369.2 -6504.08 -58475.7
v 48362.8 -6504.08 -58474.6
v 48356.2 -6504.08 -58474
v 48349.7 -6504.08 -58473.7
v 48343.2 -6504.08 -58474
v 48336.6 -6504.08 -58474.6
v 48330.2 -6504.08 -58475.7
v 48323.8 -6504.08 -58477.1
v 48317.6 -6504.08 -58479
v 48311.4 -6504.08 -58481.4
v 48305.5 -6504.08 -58484.1
v 48299.7 -6504.08 -58487.1
v 48294.1 -6504.08 -58490.6
v 48288.8 -6504.08 -58494.4
v 48283.8 -6504.08 -58498.6
v 48279 -6504.08 -58503
v 48274.5 -6504.08 -58507.8
v 48270.3 -6504.08 -58512.9
v 48266.5 -6504.08 -58518.2
v 48263.1 -6504.08 -58523.8
v 48260 -6504.08 -58529.5
v 48257.3 -6504.08 -58535.5
v 48255 -6504.08 -58541.6
v 48253.1 -6504.08 -58547.9
v 48251.6 -6504.08 -58554.3
v 48250.5 -6504.08 -58560.7
f 6010/1145/2 6011/1146/2 6012/1147/2 6013/1148/2 6014/1149/2 6015/1150/2 6016/1151/2 6017/1152/2 6018/1153/2 6019/1154/2 6020/1155/2 6021/1156/2 6022/1157/2 6023/1158/2 6024/1159/2 6025/1160/2 6026/1161/2 6027/1162/2 6028/1163/2 6029/1164/2 6030/1165/2 6031/1166/2 6032/1167/2 6033/1168/2 6034/1169/2 6035/1170/2 6036/1171/2 6037/1172/2 6038/1173/2 6039/1174/2 6040/1175/2 6041/1176/2 6042/1177/2 6043/1178/2 6044/1179/2 6045/1180/2 6046/1181/2 6047/1182/2 6048/1183/2 6049/1184/2 6050/1185/2 6051/1186/2 6052/1187/2 6053/1188/2 6054/1189/2 6055/1190/2 6056/1191/2 6057/1192/2 6058/1193/2 6059/1194/2 6060/1195/2 6061/1196/2 6062/1197/2 6063/1198/2 6064/1199/2 6065/1200/2 6066/1201/2 6067/1202/2 6068/1203/2 6069/1204/2 6070/1205/2 6071/1206/2 6072/1207/2 6073/1208/2 6074/1209/2 6075/1210/2 6076/1211/2 6077/1212/2 6078/1213/2 6079/1214/2 6080/1215/2 6081/1216/2 6082/1217/2 6083/1218/2 6084/1219/2 6085/1220/2 6086/1221/2 6087/1222/2 6088/1223/2 6089/1224/2 6090/1225/2 6091/1226/2 6092/1227/2 6093/1228/2 6094/1229/2 6095/1230/2 6096/1231/2 6097/1232/2 6098/1233/2 6099/1234/2 6100/1235/2 6101/1236/2 6102/1237/2 6103/1238/2 6104/1239/2 6105/1240/2 

g Mesh142 GC200_1_45 ____2_t3_dwg1 Model

v 59679.1 -6504.08 -35589.1
v 59678.9 -6504.08 -35595.6
v 59679.1 -6504.08 -35602.2
v 59679.7 -6504.08 -35608.7
v 59680.8 -6504.08 -35615.1
v 59682.3 -6504.08 -35621.5
v 59684.2 -6504.08 -35627.8
v 59686.5 -6504.08 -35633.9
v 59689.2 -6504.08 -35639.9
v 59692.3 -6504.08 -35645.6
v 59695.7 -6504.08 -35651.2
v 59699.5 -6504.08 -35656.5
v 59703.7 -6504.08 -35661.6
v 59708.2 -6504.08 -35666.4
v 59712.9 -6504.08 -35670.8
v 59718 -6504.08 -35675
v 59723.3 -6504.08 -35678.8
v 59728.9 -6504.08 -35682.3
v 59734.7 -6504.08 -35685.3
v 59740.6 -6504.08 -35688
v 59746.7 -6504.08 -35690.3
v 59753 -6504.08 -35692.2
v 59759.4 -6504.08 -35693.7
v 59765.8 -6504.08 -35694.8
v 59772.4 -6504.08 -35695.4
v 59778.9 -6504.08 -35695.7
v 59785.4 -6504.08 -35695.4
v 59792 -6504.08 -35694.8
v 59798.4 -6504.08 -35693.7
v 59804.8 -6504.08 -35692.2
v 59811 -6504.08 -35690.3
v 59817.2 -6504.08 -35688
v 59823.1 -6504.08 -35685.3
v 59828.9 -6504.08 -35682.3
v 59834.5 -6504.08 -35678.8
v 59839.8 -6504.08 -35675
v 59844.8 -6504.08 -35670.8
v 59849.6 -6504.08 -35666.4
v 59854.1 -6504.08 -35661.6
v 59858.3 -6504.08 -35656.5
v 59862.1 -6504.08 -35651.2
v 59865.5 -6504.08 -35645.6
v 59868.6 -6504.08 -35639.9
v 59871.3 -6504.08 -35633.9
v 59873.6 -6504.08 -35627.8
v 59875.5 -6504.08 -35621.5
v 59877 -6504.08 -35615.1
v 59878.1 -6504.08 -35608.7
v 59878.7 -6504.08 -35602.2
v 59878.9 -6504.08 -35595.6
v 59878.7 -6504.08 -35589.1
v 59878.1 -6504.08 -35582.6
v 59877 -6504.08 -35576.1
v 59875.5 -6504.08 -35569.7
v 59873.6 -6504.08 -35563.5
v 59871.3 -6504.08 -35557.3
v 59868.6 -6504.08 -35551.4
v 59865.5 -6504.08 -35545.6
v 59862.1 -6504.08 -35540.1
v 59858.3 -6504.08 -35534.7
v 59854.1 -6504.08 -35529.7
v 59849.6 -6504.08 -35524.9
v 59844.8 -6504.08 -35520.4
v 59839.8 -6504.08 -35516.3
v 59834.5 -6504.08 -35512.5
v 59828.9 -6504.08 -35509
v 59823.1 -6504.08 -35505.9
v 59817.2 -6504.08 -35503.2
v 59811 -6504.08 -35500.9
v 59804.8 -6504.08 -35499
v 59798.4 -6504.08 -35497.5
v 59792 -6504.08 -35496.5
v 59785.4 -6504.08 -35495.8
v 59778.9 -6504.08 -35495.6
v 59772.4 -6504.08 -35495.8
v 59765.8 -6504.08 -35496.5
v 59759.4 -6504.08 -35497.5
v 59753 -6504.08 -35499
v 59746.7 -6504.08 -35500.9
v 59740.6 -6504.08 -35503.2
v 59734.7 -6504.08 -35505.9
v 59728.9 -6504.08 -35509
v 59723.3 -6504.08 -35512.5
v 59718 -6504.08 -35516.3
v 59712.9 -6504.08 -35520.4
v 59708.2 -6504.08 -35524.9
v 59703.7 -6504.08 -35529.7
v 59699.5 -6504.08 -35534.7
v 59695.7 -6504.08 -35540.1
v 59692.3 -6504.08 -35545.6
v 59689.2 -6504.08 -35551.4
v 59686.5 -6504.08 -35557.3
v 59684.2 -6504.08 -35563.5
v 59682.3 -6504.08 -35569.7
v 59680.8 -6504.08 -35576.1
v 59679.7 -6504.08 -35582.6
f 6106/1145/2 6107/1146/2 6108/1147/2 6109/1148/2 6110/1149/2 6111/1150/2 6112/1151/2 6113/1152/2 6114/1153/2 6115/1154/2 6116/1155/2 6117/1156/2 6118/1157/2 6119/1158/2 6120/1159/2 6121/1160/2 6122/1161/2 6123/1162/2 6124/1163/2 6125/1164/2 6126/1165/2 6127/1166/2 6128/1167/2 6129/1168/2 6130/1169/2 6131/1170/2 6132/1171/2 6133/1172/2 6134/1173/2 6135/1174/2 6136/1175/2 6137/1176/2 6138/1177/2 6139/1178/2 6140/1179/2 6141/1180/2 6142/1181/2 6143/1182/2 6144/1183/2 6145/1184/2 6146/1185/2 6147/1186/2 6148/1187/2 6149/1188/2 6150/1189/2 6151/1190/2 6152/1191/2 6153/1192/2 6154/1193/2 6155/1194/2 6156/1195/2 6157/1196/2 6158/1197/2 6159/1198/2 6160/1199/2 6161/1200/2 6162/1201/2 6163/1202/2 6164/1203/2 6165/1204/2 6166/1205/2 6167/1206/2 6168/1207/2 6169/1208/2 6170/1209/2 6171/1210/2 6172/1211/2 6173/1212/2 6174/1213/2 6175/1214/2 6176/1215/2 6177/1216/2 6178/1217/2 6179/1218/2 6180/1219/2 6181/1220/2 6182/1221/2 6183/1222/2 6184/1223/2 6185/1224/2 6186/1225/2 6187/1226/2 6188/1227/2 6189/1228/2 6190/1229/2 6191/1230/2 6192/1231/2 6193/1232/2 6194/1233/2 6195/1234/2 6196/1235/2 6197/1236/2 6198/1237/2 6199/1238/2 6200/1239/2 6201/1240/2 

g Mesh143 GC200_1_46 ____2_t3_dwg1 Model

v 72627.3 -6504.08 -16312
v 72627.1 -6504.08 -16318.5
v 72627.3 -6504.08 -16325
v 72627.9 -6504.08 -16331.5
v 72629 -6504.08 -16338
v 72630.5 -6504.08 -16344.4
v 72632.4 -6504.08 -16350.6
v 72634.7 -6504.08 -16356.8
v 72637.4 -6504.08 -16362.7
v 72640.5 -6504.08 -16368.5
v 72643.9 -6504.08 -16374.1
v 72647.7 -6504.08 -16379.4
v 72651.9 -6504.08 -16384.4
v 72656.4 -6504.08 -16389.2
v 72661.1 -6504.08 -16393.7
v 72666.2 -6504.08 -16397.8
v 72671.5 -6504.08 -16401.7
v 72677.1 -6504.08 -16405.1
v 72682.9 -6504.08 -16408.2
v 72688.8 -6504.08 -16410.9
v 72694.9 -6504.08 -16413.2
v 72701.2 -6504.08 -16415.1
v 72707.6 -6504.08 -16416.6
v 72714 -6504.08 -16417.7
v 72720.6 -6504.08 -16418.3
v 72727.1 -6504.08 -16418.5
v 72733.6 -6504.08 -16418.3
v 72740.1 -6504.08 -16417.7
v 72746.6 -6504.08 -16416.6
v 72753 -6504.08 -16415.1
v 72759.2 -6504.08 -16413.2
v 72765.4 -6504.08 -16410.9
v 72771.3 -6504.08 -16408.2
v 72777.1 -6504.08 -16405.1
v 72782.7 -6504.08 -16401.7
v 72788 -6504.08 -16397.8
v 72793 -6504.08 -16393.7
v 72797.8 -6504.08 -16389.2
v 72802.3 -6504.08 -16384.4
v 72806.4 -6504.08 -16379.4
v 72810.3 -6504.08 -16374.1
v 72813.7 -6504.08 -16368.5
v 72816.8 -6504.08 -16362.7
v 72819.5 -6504.08 -16356.8
v 72821.8 -6504.08 -16350.6
v 72823.7 -6504.08 -16344.4
v 72825.2 -6504.08 -16338
v 72826.3 -6504.08 -16331.5
v 72826.9 -6504.08 -16325
v 72827.1 -6504.08 -16318.5
v 72826.9 -6504.08 -16312
v 72826.3 -6504.08 -16305.4
v 72825.2 -6504.08 -16299
v 72823.7 -6504.08 -16292.6
v 72821.8 -6504.08 -16286.3
v 72819.5 -6504.08 -16280.2
v 72816.8 -6504.08 -16274.3
v 72813.7 -6504.08 -16268.5
v 72810.3 -6504.08 -16262.9
v 72806.4 -6504.08 -16257.6
v 72802.3 -6504.08 -16252.5
v 72797.8 -6504.08 -16247.8
v 72793 -6504.08 -16243.3
v 72788 -6504.08 -16239.1
v 72782.7 -6504.08 -16235.3
v 72777.1 -6504.08 -16231.9
v 72771.3 -6504.08 -16228.8
v 72765.4 -6504.08 -16226.1
v 72759.2 -6504.08 -16223.8
v 72753 -6504.08 -16221.9
v 72746.6 -6504.08 -16220.4
v 72740.1 -6504.08 -16219.3
v 72733.6 -6504.08 -16218.7
v 72727.1 -6504.08 -16218.5
v 72720.6 -6504.08 -16218.7
v 72714 -6504.08 -16219.3
v 72707.6 -6504.08 -16220.4
v 72701.2 -6504.08 -16221.9
v 72694.9 -6504.08 -16223.8
v 72688.8 -6504.08 -16226.1
v 72682.9 -6504.08 -16228.8
v 72677.1 -6504.08 -16231.9
v 72671.5 -6504.08 -16235.3
v 72666.2 -6504.08 -16239.1
v 72661.1 -6504.08 -16243.3
v 72656.4 -6504.08 -16247.8
v 72651.9 -6504.08 -16252.5
v 72647.7 -6504.08 -16257.6
v 72643.9 -6504.08 -16262.9
v 72640.5 -6504.08 -16268.5
v 72637.4 -6504.08 -16274.3
v 72634.7 -6504.08 -16280.2
v 72632.4 -6504.08 -16286.3
v 72630.5 -6504.08 -16292.6
v 72629 -6504.08 -16299
v 72627.9 -6504.08 -16305.4
f 6202/1145/2 6203/1146/2 6204/1147/2 6205/1148/2 6206/1149/2 6207/1150/2 6208/1151/2 6209/1152/2 6210/1153/2 6211/1154/2 6212/1155/2 6213/1156/2 6214/1157/2 6215/1158/2 6216/1159/2 6217/1160/2 6218/1161/2 6219/1162/2 6220/1163/2 6221/1164/2 6222/1165/2 6223/1166/2 6224/1167/2 6225/1168/2 6226/1169/2 6227/1170/2 6228/1171/2 6229/1172/2 6230/1173/2 6231/1174/2 6232/1175/2 6233/1176/2 6234/1177/2 6235/1178/2 6236/1179/2 6237/1180/2 6238/1181/2 6239/1182/2 6240/1183/2 6241/1184/2 6242/1185/2 6243/1186/2 6244/1187/2 6245/1188/2 6246/1189/2 6247/1190/2 6248/1191/2 6249/1192/2 6250/1193/2 6251/1194/2 6252/1195/2 6253/1196/2 6254/1197/2 6255/1198/2 6256/1199/2 6257/1200/2 6258/1201/2 6259/1202/2 6260/1203/2 6261/1204/2 6262/1205/2 6263/1206/2 6264/1207/2 6265/1208/2 6266/1209/2 6267/1210/2 6268/1211/2 6269/1212/2 6270/1213/2 6271/1214/2 6272/1215/2 6273/1216/2 6274/1217/2 6275/1218/2 6276/1219/2 6277/1220/2 6278/1221/2 6279/1222/2 6280/1223/2 6281/1224/2 6282/1225/2 6283/1226/2 6284/1227/2 6285/1228/2 6286/1229/2 6287/1230/2 6288/1231/2 6289/1232/2 6290/1233/2 6291/1234/2 6292/1235/2 6293/1236/2 6294/1237/2 6295/1238/2 6296/1239/2 6297/1240/2 

g Mesh144 GC200_1_47 ____2_t3_dwg1 Model

v 96265.6 -6504.08 1061.11
v 96265.3 -6504.08 1054.56
v 96265.6 -6504.08 1048.02
v 96266.2 -6504.08 1041.51
v 96267.3 -6504.08 1035.05
v 96268.8 -6504.08 1028.67
v 96270.7 -6504.08 1022.41
v 96273 -6504.08 1016.29
v 96275.7 -6504.08 1010.32
v 96278.7 -6504.08 1004.55
v 96282.2 -6504.08 998.992
v 96286 -6504.08 993.671
v 96290.2 -6504.08 988.612
v 96294.6 -6504.08 983.834
v 96299.4 -6504.08 979.36
v 96304.5 -6504.08 975.207
v 96309.8 -6504.08 971.395
v 96315.4 -6504.08 967.938
v 96321.1 -6504.08 964.853
v 96327.1 -6504.08 962.151
v 96333.2 -6504.08 959.845
v 96339.5 -6504.08 957.945
v 96345.9 -6504.08 956.459
v 96352.3 -6504.08 955.393
v 96358.8 -6504.08 954.751
v 96365.4 -6504.08 954.537
v 96371.9 -6504.08 954.751
v 96378.4 -6504.08 955.393
v 96384.9 -6504.08 956.459
v 96391.3 -6504.08 957.945
v 96397.5 -6504.08 959.845
v 96403.7 -6504.08 962.151
v 96409.6 -6504.08 964.853
v 96415.4 -6504.08 967.938
v 96420.9 -6504.08 971.395
v 96426.3 -6504.08 975.207
v 96431.3 -6504.08 979.36
v 96436.1 -6504.08 983.834
v 96440.6 -6504.08 988.612
v 96444.7 -6504.08 993.671
v 96448.5 -6504.08 998.992
v 96452 -6504.08 1004.55
v 96455.1 -6504.08 1010.32
v 96457.8 -6504.08 1016.29
v 96460.1 -6504.08 1022.41
v 96462 -6504.08 1028.67
v 96463.5 -6504.08 1035.05
v 96464.5 -6504.08 1041.51
v 96465.2 -6504.08 1048.02
v 96465.4 -6504.08 1054.56
v 96465.2 -6504.08 1061.11
v 96464.5 -6504.08 1067.62
v 96463.5 -6504.08 1074.08
v 96462 -6504.08 1080.45
v 96460.1 -6504.08 1086.72
v 96457.8 -6504.08 1092.84
v 96455.1 -6504.08 1098.8
v 96452 -6504.08 1104.58
v 96448.5 -6504.08 1110.14
v 96444.7 -6504.08 1115.46
v 96440.6 -6504.08 1120.52
v 96436.1 -6504.08 1125.29
v 96431.3 -6504.08 1129.77
v 96426.3 -6504.08 1133.92
v 96420.9 -6504.08 1137.73
v 96415.4 -6504.08 1141.19
v 96409.6 -6504.08 1144.28
v 96403.7 -6504.08 1146.98
v 96397.5 -6504.08 1149.28
v 96391.3 -6504.08 1151.18
v 96384.9 -6504.08 1152.67
v 96378.4 -6504.08 1153.73
v 96371.9 -6504.08 1154.38
v 96365.4 -6504.08 1154.59
v 96358.8 -6504.08 1154.38
v 96352.3 -6504.08 1153.73
v 96345.9 -6504.08 1152.67
v 96339.5 -6504.08 1151.18
v 96333.2 -6504.08 1149.28
v 96327.1 -6504.08 1146.98
v 96321.1 -6504.08 1144.28
v 96315.4 -6504.08 1141.19
v 96309.8 -6504.08 1137.73
v 96304.5 -6504.08 1133.92
v 96299.4 -6504.08 1129.77
v 96294.6 -6504.08 1125.29
v 96290.2 -6504.08 1120.52
v 96286 -6504.08 1115.46
v 96282.2 -6504.08 1110.14
v 96278.7 -6504.08 1104.58
v 96275.7 -6504.08 1098.8
v 96273 -6504.08 1092.84
v 96270.7 -6504.08 1086.72
v 96268.8 -6504.08 1080.45
v 96267.3 -6504.08 1074.08
v 96266.2 -6504.08 1067.62
f 6298/1145/2 6299/1146/2 6300/1147/2 6301/1148/2 6302/1149/2 6303/1150/2 6304/1151/2 6305/1152/2 6306/1153/2 6307/1154/2 6308/1155/2 6309/1156/2 6310/1157/2 6311/1158/2 6312/1159/2 6313/1160/2 6314/1161/2 6315/1162/2 6316/1163/2 6317/1164/2 6318/1165/2 6319/1166/2 6320/1167/2 6321/1168/2 6322/1169/2 6323/1170/2 6324/1171/2 6325/1172/2 6326/1173/2 6327/1174/2 6328/1175/2 6329/1176/2 6330/1177/2 6331/1178/2 6332/1179/2 6333/1180/2 6334/1181/2 6335/1182/2 6336/1183/2 6337/1184/2 6338/1185/2 6339/1186/2 6340/1187/2 6341/1188/2 6342/1189/2 6343/1190/2 6344/1191/2 6345/1192/2 6346/1193/2 6347/1194/2 6348/1195/2 6349/1196/2 6350/1197/2 6351/1198/2 6352/1199/2 6353/1200/2 6354/1201/2 6355/1202/2 6356/1203/2 6357/1204/2 6358/1205/2 6359/1206/2 6360/1207/2 6361/1208/2 6362/1209/2 6363/1210/2 6364/1211/2 6365/1212/2 6366/1213/2 6367/1214/2 6368/1215/2 6369/1216/2 6370/1217/2 6371/1218/2 6372/1219/2 6373/1220/2 6374/1221/2 6375/1222/2 6376/1223/2 6377/1224/2 6378/1225/2 6379/1226/2 6380/1227/2 6381/1228/2 6382/1229/2 6383/1230/2 6384/1231/2 6385/1232/2 6386/1233/2 6387/1234/2 6388/1235/2 6389/1236/2 6390/1237/2 6391/1238/2 6392/1239/2 6393/1240/2 

g Mesh145 GC200_1_48 ____2_t3_dwg1 Model

v 18996.6 -6504.08 -65478.2
v 18996.4 -6504.08 -65484.7
v 18996.6 -6504.08 -65491.3
v 18997.2 -6504.08 -65497.8
v 18998.3 -6504.08 -65504.2
v 18999.8 -6504.08 -65510.6
v 19001.7 -6504.08 -65516.9
v 19004 -6504.08 -65523
v 19006.7 -6504.08 -65528.9
v 19009.8 -6504.08 -65534.7
v 19013.3 -6504.08 -65540.3
v 19017.1 -6504.08 -65545.6
v 19021.2 -6504.08 -65550.7
v 19025.7 -6504.08 -65555.4
v 19030.5 -6504.08 -65559.9
v 19035.5 -6504.08 -65564.1
v 19040.8 -6504.08 -65567.9
v 19046.4 -6504.08 -65571.3
v 19052.2 -6504.08 -65574.4
v 19058.1 -6504.08 -65577.1
v 19064.3 -6504.08 -65579.4
v 19070.5 -6504.08 -65581.3
v 19076.9 -6504.08 -65582.8
v 19083.4 -6504.08 -65583.9
v 19089.9 -6504.08 -65584.5
v 19096.4 -6504.08 -65584.7
v 19103 -6504.08 -65584.5
v 19109.5 -6504.08 -65583.9
v 19115.9 -6504.08 -65582.8
v 19122.3 -6504.08 -65581.3
v 19128.6 -6504.08 -65579.4
v 19134.7 -6504.08 -65577.1
v 19140.7 -6504.08 -65574.4
v 19146.4 -6504.08 -65571.3
v 19152 -6504.08 -65567.9
v 19157.3 -6504.08 -65564.1
v 19162.4 -6504.08 -65559.9
v 19167.1 -6504.08 -65555.4
v 19171.6 -6504.08 -65550.7
v 19175.8 -6504.08 -65545.6
v 19179.6 -6504.08 -65540.3
v 19183 -6504.08 -65534.7
v 19186.1 -6504.08 -65528.9
v 19188.8 -6504.08 -65523
v 19191.1 -6504.08 -65516.9
v 19193 -6504.08 -65510.6
v 19194.5 -6504.08 -65504.2
v 19195.6 -6504.08 -65497.8
v 19196.2 -6504.08 -65491.3
v 19196.4 -6504.08 -65484.7
v 19196.2 -6504.08 -65478.2
v 19195.6 -6504.08 -65471.7
v 19194.5 -6504.08 -65465.2
v 19193 -6504.08 -65458.8
v 19191.1 -6504.08 -65452.6
v 19188.8 -6504.08 -65446.4
v 19186.1 -6504.08 -65440.5
v 19183 -6504.08 -65434.7
v 19179.6 -6504.08 -65429.1
v 19175.8 -6504.08 -65423.8
v 19171.6 -6504.08 -65418.8
v 19167.1 -6504.08 -65414
v 19162.4 -6504.08 -65409.5
v 19157.3 -6504.08 -65405.4
v 19152 -6504.08 -65401.5
v 19146.4 -6504.08 -65398.1
v 19140.7 -6504.08 -65395
v 19134.7 -6504.08 -65392.3
v 19128.6 -6504.08 -65390
v 19122.3 -6504.08 -65388.1
v 19115.9 -6504.08 -65386.6
v 19109.5 -6504.08 -65385.5
v 19103 -6504.08 -65384.9
v 19096.4 -6504.08 -65384.7
v 19089.9 -6504.08 -65384.9
v 19083.4 -6504.08 -65385.5
v 19076.9 -6504.08 -65386.6
v 19070.5 -6504.08 -65388.1
v 19064.3 -6504.08 -65390
v 19058.1 -6504.08 -65392.3
v 19052.2 -6504.08 -65395
v 19046.4 -6504.08 -65398.1
v 19040.8 -6504.08 -65401.5
v 19035.5 -6504.08 -65405.4
v 19030.5 -6504.08 -65409.5
v 19025.7 -6504.08 -65414
v 19021.2 -6504.08 -65418.8
v 19017.1 -6504.08 -65423.8
v 19013.3 -6504.08 -65429.1
v 19009.8 -6504.08 -65434.7
v 19006.7 -6504.08 -65440.5
v 19004 -6504.08 -65446.4
v 19001.7 -6504.08 -65452.6
v 18999.8 -6504.08 -65458.8
v 18998.3 -6504.08 -65465.2
v 18997.2 -6504.08 -65471.7
f 6394/1145/2 6395/1146/2 6396/1147/2 6397/1148/2 6398/1149/2 6399/1150/2 6400/1151/2 6401/1152/2 6402/1153/2 6403/1154/2 6404/1155/2 6405/1156/2 6406/1157/2 6407/1158/2 6408/1159/2 6409/1160/2 6410/1161/2 6411/1162/2 6412/1163/2 6413/1164/2 6414/1165/2 6415/1166/2 6416/1167/2 6417/1168/2 6418/1169/2 6419/1170/2 6420/1171/2 6421/1172/2 6422/1173/2 6423/1174/2 6424/1175/2 6425/1176/2 6426/1177/2 6427/1178/2 6428/1179/2 6429/1180/2 6430/1181/2 6431/1182/2 6432/1183/2 6433/1184/2 6434/1185/2 6435/1186/2 6436/1187/2 6437/1188/2 6438/1189/2 6439/1190/2 6440/1191/2 6441/1192/2 6442/1193/2 6443/1194/2 6444/1195/2 6445/1196/2 6446/1197/2 6447/1198/2 6448/1199/2 6449/1200/2 6450/1201/2 6451/1202/2 6452/1203/2 6453/1204/2 6454/1205/2 6455/1206/2 6456/1207/2 6457/1208/2 6458/1209/2 6459/1210/2 6460/1211/2 6461/1212/2 6462/1213/2 6463/1214/2 6464/1215/2 6465/1216/2 6466/1217/2 6467/1218/2 6468/1219/2 6469/1220/2 6470/1221/2 6471/1222/2 6472/1223/2 6473/1224/2 6474/1225/2 6475/1226/2 6476/1227/2 6477/1228/2 6478/1229/2 6479/1230/2 6480/1231/2 6481/1232/2 6482/1233/2 6483/1234/2 6484/1235/2 6485/1236/2 6486/1237/2 6487/1238/2 6488/1239/2 6489/1240/2 

g Mesh146 GC200_1_49 ____2_t3_dwg1 Model

v 5604.48 -6504.08 -66785.1
v 5604.27 -6504.08 -66791.7
v 5604.48 -6504.08 -66798.2
v 5605.13 -6504.08 -66804.7
v 5606.19 -6504.08 -66811.2
v 5607.68 -6504.08 -66817.6
v 5609.58 -6504.08 -66823.8
v 5611.88 -6504.08 -66829.9
v 5614.58 -6504.08 -66835.9
v 5617.67 -6504.08 -66841.7
v 5621.13 -6504.08 -66847.2
v 5624.94 -6504.08 -66852.6
v 5629.09 -6504.08 -66857.6
v 5633.57 -6504.08 -66862.4
v 5638.34 -6504.08 -66866.9
v 5643.4 -6504.08 -66871
v 5648.72 -6504.08 -66874.8
v 5654.28 -6504.08 -66878.3
v 5660.06 -6504.08 -66881.4
v 5666.02 -6504.08 -66884.1
v 5672.14 -6504.08 -66886.4
v 5678.41 -6504.08 -66888.3
v 5684.78 -6504.08 -66889.8
v 5691.24 -6504.08 -66890.8
v 5697.75 -6504.08 -66891.5
v 5704.3 -6504.08 -66891.7
v 5710.84 -6504.08 -66891.5
v 5717.35 -6504.08 -66890.8
v 5723.81 -6504.08 -66889.8
v 5730.18 -6504.08 -66888.3
v 5736.45 -6504.08 -66886.4
v 5742.57 -6504.08 -66884.1
v 5748.54 -6504.08 -66881.4
v 5754.31 -6504.08 -66878.3
v 5759.87 -6504.08 -66874.8
v 5765.19 -6504.08 -66871
v 5770.25 -6504.08 -66866.9
v 5775.03 -6504.08 -66862.4
v 5779.5 -6504.08 -66857.6
v 5783.65 -6504.08 -66852.6
v 5787.47 -6504.08 -66847.2
v 5790.92 -6504.08 -66841.7
v 5794.01 -6504.08 -66835.9
v 5796.71 -6504.08 -66829.9
v 5799.01 -6504.08 -66823.8
v 5800.91 -6504.08 -66817.6
v 5802.4 -6504.08 -66811.2
v 5803.47 -6504.08 -66804.7
v 5804.11 -6504.08 -66798.2
v 5804.32 -6504.08 -66791.7
v 5804.11 -6504.08 -66785.1
v 5803.47 -6504.08 -66778.6
v 5802.4 -6504.08 -66772.2
v 5800.91 -6504.08 -66765.8
v 5799.01 -6504.08 -66759.5
v 5796.71 -6504.08 -66753.4
v 5794.01 -6504.08 -66747.4
v 5790.92 -6504.08 -66741.7
v 5787.47 -6504.08 -66736.1
v 5783.65 -6504.08 -66730.8
v 5779.5 -6504.08 -66725.7
v 5775.03 -6504.08 -66720.9
v 5770.25 -6504.08 -66716.5
v 5765.19 -6504.08 -66712.3
v 5759.87 -6504.08 -66708.5
v 5754.31 -6504.08 -66705
v 5748.54 -6504.08 -66702
v 5742.57 -6504.08 -66699.3
v 5736.45 -6504.08 -66696.9
v 5730.18 -6504.08 -66695
v 5723.81 -6504.08 -66693.6
v 5717.35 -6504.08 -66692.5
v 5710.84 -6504.08 -66691.9
v 5704.3 -6504.08 -66691.6
v 5697.75 -6504.08 -66691.9
v 5691.24 -6504.08 -66692.5
v 5684.78 -6504.08 -66693.6
v 5678.41 -6504.08 -66695
v 5672.14 -6504.08 -66696.9
v 5666.02 -6504.08 -66699.3
v 5660.06 -6504.08 -66702
v 5654.28 -6504.08 -66705
v 5648.72 -6504.08 -66708.5
v 5643.4 -6504.08 -66712.3
v 5638.34 -6504.08 -66716.5
v 5633.57 -6504.08 -66720.9
v 5629.09 -6504.08 -66725.7
v 5624.94 -6504.08 -66730.8
v 5621.13 -6504.08 -66736.1
v 5617.67 -6504.08 -66741.7
v 5614.58 -6504.08 -66747.4
v 5611.88 -6504.08 -66753.4
v 5609.58 -6504.08 -66759.5
v 5607.68 -6504.08 -66765.8
v 5606.19 -6504.08 -66772.2
v 5605.13 -6504.08 -66778.6
f 6490/1145/2 6491/1146/2 6492/1147/2 6493/1148/2 6494/1149/2 6495/1150/2 6496/1151/2 6497/1152/2 6498/1153/2 6499/1154/2 6500/1155/2 6501/1156/2 6502/1157/2 6503/1158/2 6504/1159/2 6505/1160/2 6506/1161/2 6507/1162/2 6508/1163/2 6509/1164/2 6510/1165/2 6511/1166/2 6512/1167/2 6513/1168/2 6514/1169/2 6515/1170/2 6516/1171/2 6517/1172/2 6518/1173/2 6519/1174/2 6520/1175/2 6521/1176/2 6522/1177/2 6523/1178/2 6524/1179/2 6525/1180/2 6526/1181/2 6527/1182/2 6528/1183/2 6529/1184/2 6530/1185/2 6531/1186/2 6532/1187/2 6533/1188/2 6534/1189/2 6535/1190/2 6536/1191/2 6537/1192/2 6538/1193/2 6539/1194/2 6540/1195/2 6541/1196/2 6542/1197/2 6543/1198/2 6544/1199/2 6545/1200/2 6546/1201/2 6547/1202/2 6548/1203/2 6549/1204/2 6550/1205/2 6551/1206/2 6552/1207/2 6553/1208/2 6554/1209/2 6555/1210/2 6556/1211/2 6557/1212/2 6558/1213/2 6559/1214/2 6560/1215/2 6561/1216/2 6562/1217/2 6563/1218/2 6564/1219/2 6565/1220/2 6566/1221/2 6567/1222/2 6568/1223/2 6569/1224/2 6570/1225/2 6571/1226/2 6572/1227/2 6573/1228/2 6574/1229/2 6575/1230/2 6576/1231/2 6577/1232/2 6578/1233/2 6579/1234/2 6580/1235/2 6581/1236/2 6582/1237/2 6583/1238/2 6584/1239/2 6585/1240/2 

g Mesh147 GC200_1_50 ____2_t3_dwg1 Model

v 14665.5 -6504.08 -75617.2
v 14665.3 -6504.08 -75623.8
v 14665.5 -6504.08 -75630.3
v 14666.2 -6504.08 -75636.8
v 14667.2 -6504.08 -75643.3
v 14668.7 -6504.08 -75649.7
v 14670.6 -6504.08 -75655.9
v 14672.9 -6504.08 -75662.1
v 14675.6 -6504.08 -75668
v 14678.7 -6504.08 -75673.8
v 14682.2 -6504.08 -75679.4
v 14686 -6504.08 -75684.7
v 14690.1 -6504.08 -75689.7
v 14694.6 -6504.08 -75694.5
v 14699.4 -6504.08 -75699
v 14704.4 -6504.08 -75703.1
v 14709.8 -6504.08 -75706.9
v 14715.3 -6504.08 -75710.4
v 14721.1 -6504.08 -75713.5
v 14727.1 -6504.08 -75716.2
v 14733.2 -6504.08 -75718.5
v 14739.5 -6504.08 -75720.4
v 14745.8 -6504.08 -75721.9
v 14752.3 -6504.08 -75723
v 14758.8 -6504.08 -75723.6
v 14765.3 -6504.08 -75723.8
v 14771.9 -6504.08 -75723.6
v 14778.4 -6504.08 -75723
v 14784.9 -6504.08 -75721.9
v 14791.2 -6504.08 -75720.4
v 14797.5 -6504.08 -75718.5
v 14803.6 -6504.08 -75716.2
v 14809.6 -6504.08 -75713.5
v 14815.4 -6504.08 -75710.4
v 14820.9 -6504.08 -75706.9
v 14826.2 -6504.08 -75703.1
v 14831.3 -6504.08 -75699
v 14836.1 -6504.08 -75694.5
v 14840.5 -6504.08 -75689.7
v 14844.7 -6504.08 -75684.7
v 14848.5 -6504.08 -75679.4
v 14852 -6504.08 -75673.8
v 14855.1 -6504.08 -75668
v 14857.8 -6504.08 -75662.1
v 14860.1 -6504.08 -75655.9
v 14862 -6504.08 -75649.7
v 14863.4 -6504.08 -75643.3
v 14864.5 -6504.08 -75636.8
v 14865.2 -6504.08 -75630.3
v 14865.4 -6504.08 -75623.8
v 14865.2 -6504.08 -75617.2
v 14864.5 -6504.08 -75610.7
v 14863.4 -6504.08 -75604.3
v 14862 -6504.08 -75597.9
v 14860.1 -6504.08 -75591.6
v 14857.8 -6504.08 -75585.5
v 14855.1 -6504.08 -75579.5
v 14852 -6504.08 -75573.8
v 14848.5 -6504.08 -75568.2
v 14844.7 -6504.08 -75562.9
v 14840.5 -6504.08 -75557.8
v 14836.1 -6504.08 -75553.1
v 14831.3 -6504.08 -75548.6
v 14826.2 -6504.08 -75544.4
v 14820.9 -6504.08 -75540.6
v 14815.4 -6504.08 -75537.2
v 14809.6 -6504.08 -75534.1
v 14803.6 -6504.08 -75531.4
v 14797.5 -6504.08 -75529.1
v 14791.2 -6504.08 -75527.2
v 14784.9 -6504.08 -75525.7
v 14778.4 -6504.08 -75524.6
v 14771.9 -6504.08 -75524
v 14765.3 -6504.08 -75523.8
v 14758.8 -6504.08 -75524
v 14752.3 -6504.08 -75524.6
v 14745.8 -6504.08 -75525.7
v 14739.5 -6504.08 -75527.2
v 14733.2 -6504.08 -75529.1
v 14727.1 -6504.08 -75531.4
v 14721.1 -6504.08 -75534.1
v 14715.3 -6504.08 -75537.2
v 14709.8 -6504.08 -75540.6
v 14704.4 -6504.08 -75544.4
v 14699.4 -6504.08 -75548.6
v 14694.6 -6504.08 -75553.1
v 14690.1 -6504.08 -75557.8
v 14686 -6504.08 -75562.9
v 14682.2 -6504.08 -75568.2
v 14678.7 -6504.08 -75573.8
v 14675.6 -6504.08 -75579.5
v 14672.9 -6504.08 -75585.5
v 14670.6 -6504.08 -75591.6
v 14668.7 -6504.08 -75597.9
v 14667.2 -6504.08 -75604.3
v 14666.2 -6504.08 -75610.7
f 6586/1145/2 6587/1146/2 6588/1147/2 6589/1148/2 6590/1149/2 6591/1150/2 6592/1151/2 6593/1152/2 6594/1153/2 6595/1154/2 6596/1155/2 6597/1156/2 6598/1157/2 6599/1158/2 6600/1159/2 6601/1160/2 6602/1161/2 6603/1162/2 6604/1163/2 6605/1164/2 6606/1165/2 6607/1166/2 6608/1167/2 6609/1168/2 6610/1169/2 6611/1170/2 6612/1171/2 6613/1172/2 6614/1173/2 6615/1174/2 6616/1175/2 6617/1176/2 6618/1177/2 6619/1178/2 6620/1179/2 6621/1180/2 6622/1181/2 6623/1182/2 6624/1183/2 6625/1184/2 6626/1185/2 6627/1186/2 6628/1187/2 6629/1188/2 6630/1189/2 6631/1190/2 6632/1191/2 6633/1192/2 6634/1193/2 6635/1194/2 6636/1195/2 6637/1196/2 6638/1197/2 6639/1198/2 6640/1199/2 6641/1200/2 6642/1201/2 6643/1202/2 6644/1203/2 6645/1204/2 6646/1205/2 6647/1206/2 6648/1207/2 6649/1208/2 6650/1209/2 6651/1210/2 6652/1211/2 6653/1212/2 6654/1213/2 6655/1214/2 6656/1215/2 6657/1216/2 6658/1217/2 6659/1218/2 6660/1219/2 6661/1220/2 6662/1221/2 6663/1222/2 6664/1223/2 6665/1224/2 6666/1225/2 6667/1226/2 6668/1227/2 6669/1228/2 6670/1229/2 6671/1230/2 6672/1231/2 6673/1232/2 6674/1233/2 6675/1234/2 6676/1235/2 6677/1236/2 6678/1237/2 6679/1238/2 6680/1239/2 6681/1240/2 

g Mesh148 GC200_1_51 ____2_t3_dwg1 Model

v 2766.42 -6504.08 -76408.2
v 2766.21 -6504.08 -76414.7
v 2766.42 -6504.08 -76421.3
v 2767.06 -6504.08 -76427.8
v 2768.13 -6504.08 -76434.3
v 2769.61 -6504.08 -76440.6
v 2771.51 -6504.08 -76446.9
v 2773.82 -6504.08 -76453
v 2776.52 -6504.08 -76459
v 2779.61 -6504.08 -76464.8
v 2783.06 -6504.08 -76470.3
v 2786.88 -6504.08 -76475.6
v 2791.03 -6504.08 -76480.7
v 2795.5 -6504.08 -76485.5
v 2800.28 -6504.08 -76489.9
v 2805.34 -6504.08 -76494.1
v 2810.66 -6504.08 -76497.9
v 2816.22 -6504.08 -76501.4
v 2821.99 -6504.08 -76504.4
v 2827.95 -6504.08 -76507.2
v 2834.08 -6504.08 -76509.5
v 2840.34 -6504.08 -76511.4
v 2846.72 -6504.08 -76512.8
v 2853.18 -6504.08 -76513.9
v 2859.69 -6504.08 -76514.6
v 2866.23 -6504.08 -76514.8
v 2872.77 -6504.08 -76514.6
v 2879.29 -6504.08 -76513.9
v 2885.75 -6504.08 -76512.8
v 2892.12 -6504.08 -76511.4
v 2898.38 -6504.08 -76509.5
v 2904.51 -6504.08 -76507.2
v 2910.47 -6504.08 -76504.4
v 2916.25 -6504.08 -76501.4
v 2921.8 -6504.08 -76497.9
v 2927.12 -6504.08 -76494.1
v 2932.18 -6504.08 -76489.9
v 2936.96 -6504.08 -76485.5
v 2941.44 -6504.08 -76480.7
v 2945.59 -6504.08 -76475.6
v 2949.4 -6504.08 -76470.3
v 2952.86 -6504.08 -76464.8
v 2955.94 -6504.08 -76459
v 2958.64 -6504.08 -76453
v 2960.95 -6504.08 -76446.9
v 2962.85 -6504.08 -76440.6
v 2964.34 -6504.08 -76434.3
v 2965.4 -6504.08 -76427.8
v 2966.04 -6504.08 -76421.3
v 2966.26 -6504.08 -76414.7
v 2966.04 -6504.08 -76408.2
v 2965.4 -6504.08 -76401.7
v 2964.34 -6504.08 -76395.2
v 2962.85 -6504.08 -76388.8
v 2960.95 -6504.08 -76382.6
v 2958.64 -6504.08 -76376.5
v 2955.94 -6504.08 -76370.5
v 2952.86 -6504.08 -76364.7
v 2949.4 -6504.08 -76359.2
v 2945.59 -6504.08 -76353.8
v 2941.44 -6504.08 -76348.8
v 2936.96 -6504.08 -76344
v 2932.18 -6504.08 -76339.5
v 2927.12 -6504.08 -76335.4
v 2921.8 -6504.08 -76331.6
v 2916.25 -6504.08 -76328.1
v 2910.47 -6504.08 -76325
v 2904.51 -6504.08 -76322.3
v 2898.38 -6504.08 -76320
v 2892.12 -6504.08 -76318.1
v 2885.75 -6504.08 -76316.6
v 2879.29 -6504.08 -76315.6
v 2872.77 -6504.08 -76314.9
v 2866.23 -6504.08 -76314.7
v 2859.69 -6504.08 -76314.9
v 2853.18 -6504.08 -76315.6
v 2846.72 -6504.08 -76316.6
v 2840.34 -6504.08 -76318.1
v 2834.08 -6504.08 -76320
v 2827.95 -6504.08 -76322.3
v 2821.99 -6504.08 -76325
v 2816.22 -6504.08 -76328.1
v 2810.66 -6504.08 -76331.6
v 2805.34 -6504.08 -76335.4
v 2800.28 -6504.08 -76339.5
v 2795.5 -6504.08 -76344
v 2791.03 -6504.08 -76348.8
v 2786.88 -6504.08 -76353.8
v 2783.06 -6504.08 -76359.2
v 2779.61 -6504.08 -76364.7
v 2776.52 -6504.08 -76370.5
v 2773.82 -6504.08 -76376.5
v 2771.51 -6504.08 -76382.6
v 2769.61 -6504.08 -76388.8
v 2768.13 -6504.08 -76395.2
v 2767.06 -6504.08 -76401.7
f 6682/1145/2 6683/1146/2 6684/1147/2 6685/1148/2 6686/1149/2 6687/1150/2 6688/1151/2 6689/1152/2 6690/1153/2 6691/1154/2 6692/1155/2 6693/1156/2 6694/1157/2 6695/1158/2 6696/1159/2 6697/1160/2 6698/1161/2 6699/1162/2 6700/1163/2 6701/1164/2 6702/1165/2 6703/1166/2 6704/1167/2 6705/1168/2 6706/1169/2 6707/1170/2 6708/1171/2 6709/1172/2 6710/1173/2 6711/1174/2 6712/1175/2 6713/1176/2 6714/1177/2 6715/1178/2 6716/1179/2 6717/1180/2 6718/1181/2 6719/1182/2 6720/1183/2 6721/1184/2 6722/1185/2 6723/1186/2 6724/1187/2 6725/1188/2 6726/1189/2 6727/1190/2 6728/1191/2 6729/1192/2 6730/1193/2 6731/1194/2 6732/1195/2 6733/1196/2 6734/1197/2 6735/1198/2 6736/1199/2 6737/1200/2 6738/1201/2 6739/1202/2 6740/1203/2 6741/1204/2 6742/1205/2 6743/1206/2 6744/1207/2 6745/1208/2 6746/1209/2 6747/1210/2 6748/1211/2 6749/1212/2 6750/1213/2 6751/1214/2 6752/1215/2 6753/1216/2 6754/1217/2 6755/1218/2 6756/1219/2 6757/1220/2 6758/1221/2 6759/1222/2 6760/1223/2 6761/1224/2 6762/1225/2 6763/1226/2 6764/1227/2 6765/1228/2 6766/1229/2 6767/1230/2 6768/1231/2 6769/1232/2 6770/1233/2 6771/1234/2 6772/1235/2 6773/1236/2 6774/1237/2 6775/1238/2 6776/1239/2 6777/1240/2 

g Mesh149 GC200_1_52 ____2_t3_dwg1 Model

v 29807.6 -6504.08 -99083.5
v 29807.4 -6504.08 -99090
v 29807.6 -6504.08 -99096.6
v 29808.2 -6504.08 -99103.1
v 29809.3 -6504.08 -99109.6
v 29810.8 -6504.08 -99115.9
v 29812.7 -6504.08 -99122.2
v 29815 -6504.08 -99128.3
v 29817.7 -6504.08 -99134.3
v 29820.8 -6504.08 -99140.1
v 29824.2 -6504.08 -99145.6
v 29828 -6504.08 -99150.9
v 29832.2 -6504.08 -99156
v 29836.6 -6504.08 -99160.8
v 29841.4 -6504.08 -99165.3
v 29846.5 -6504.08 -99169.4
v 29851.8 -6504.08 -99173.2
v 29857.4 -6504.08 -99176.7
v 29863.1 -6504.08 -99179.8
v 29869.1 -6504.08 -99182.5
v 29875.2 -6504.08 -99184.8
v 29881.5 -6504.08 -99186.7
v 29887.9 -6504.08 -99188.2
v 29894.3 -6504.08 -99189.2
v 29900.8 -6504.08 -99189.9
v 29907.4 -6504.08 -99190.1
v 29913.9 -6504.08 -99189.9
v 29920.4 -6504.08 -99189.2
v 29926.9 -6504.08 -99188.2
v 29933.3 -6504.08 -99186.7
v 29939.5 -6504.08 -99184.8
v 29945.7 -6504.08 -99182.5
v 29951.6 -6504.08 -99179.8
v 29957.4 -6504.08 -99176.7
v 29962.9 -6504.08 -99173.2
v 29968.3 -6504.08 -99169.4
v 29973.3 -6504.08 -99165.3
v 29978.1 -6504.08 -99160.8
v 29982.6 -6504.08 -99156
v 29986.7 -6504.08 -99150.9
v 29990.5 -6504.08 -99145.6
v 29994 -6504.08 -99140.1
v 29997.1 -6504.08 -99134.3
v 29999.8 -6504.08 -99128.3
v 30002.1 -6504.08 -99122.2
v 30004 -6504.08 -99115.9
v 30005.5 -6504.08 -99109.6
v 30006.5 -6504.08 -99103.1
v 30007.2 -6504.08 -99096.6
v 30007.4 -6504.08 -99090
v 30007.2 -6504.08 -99083.5
v 30006.5 -6504.08 -99077
v 30005.5 -6504.08 -99070.5
v 30004 -6504.08 -99064.2
v 30002.1 -6504.08 -99057.9
v 29999.8 -6504.08 -99051.8
v 29997.1 -6504.08 -99045.8
v 29994 -6504.08 -99040
v 29990.5 -6504.08 -99034.5
v 29986.7 -6504.08 -99029.2
v 29982.6 -6504.08 -99024.1
v 29978.1 -6504.08 -99019.3
v 29973.3 -6504.08 -99014.8
v 29968.3 -6504.08 -99010.7
v 29962.9 -6504.08 -99006.9
v 29957.4 -6504.08 -99003.4
v 29951.6 -6504.08 -99000.3
v 29945.7 -6504.08 -98997.6
v 29939.5 -6504.08 -98995.3
v 29933.3 -6504.08 -98993.4
v 29926.9 -6504.08 -98991.9
v 29920.4 -6504.08 -98990.9
v 29913.9 -6504.08 -98990.2
v 29907.4 -6504.08 -98990
v 29900.8 -6504.08 -98990.2
v 29894.3 -6504.08 -98990.9
v 29887.9 -6504.08 -98991.9
v 29881.5 -6504.08 -98993.4
v 29875.2 -6504.08 -98995.3
v 29869.1 -6504.08 -98997.6
v 29863.1 -6504.08 -99000.3
v 29857.4 -6504.08 -99003.4
v 29851.8 -6504.08 -99006.9
v 29846.5 -6504.08 -99010.7
v 29841.4 -6504.08 -99014.8
v 29836.6 -6504.08 -99019.3
v 29832.2 -6504.08 -99024.1
v 29828 -6504.08 -99029.2
v 29824.2 -6504.08 -99034.5
v 29820.8 -6504.08 -99040
v 29817.7 -6504.08 -99045.8
v 29815 -6504.08 -99051.8
v 29812.7 -6504.08 -99057.9
v 29810.8 -6504.08 -99064.2
v 29809.3 -6504.08 -99070.5
v 29808.2 -6504.08 -99077
f 6778/1145/2 6779/1146/2 6780/1147/2 6781/1148/2 6782/1149/2 6783/1150/2 6784/1151/2 6785/1152/2 6786/1153/2 6787/1154/2 6788/1155/2 6789/1156/2 6790/1157/2 6791/1158/2 6792/1159/2 6793/1160/2 6794/1161/2 6795/1162/2 6796/1163/2 6797/1164/2 6798/1165/2 6799/1166/2 6800/1167/2 6801/1168/2 6802/1169/2 6803/1170/2 6804/1171/2 6805/1172/2 6806/1173/2 6807/1174/2 6808/1175/2 6809/1176/2 6810/1177/2 6811/1178/2 6812/1179/2 6813/1180/2 6814/1181/2 6815/1182/2 6816/1183/2 6817/1184/2 6818/1185/2 6819/1186/2 6820/1187/2 6821/1188/2 6822/1189/2 6823/1190/2 6824/1191/2 6825/1192/2 6826/1193/2 6827/1194/2 6828/1195/2 6829/1196/2 6830/1197/2 6831/1198/2 6832/1199/2 6833/1200/2 6834/1201/2 6835/1202/2 6836/1203/2 6837/1204/2 6838/1205/2 6839/1206/2 6840/1207/2 6841/1208/2 6842/1209/2 6843/1210/2 6844/1211/2 6845/1212/2 6846/1213/2 6847/1214/2 6848/1215/2 6849/1216/2 6850/1217/2 6851/1218/2 6852/1219/2 6853/1220/2 6854/1221/2 6855/1222/2 6856/1223/2 6857/1224/2 6858/1225/2 6859/1226/2 6860/1227/2 6861/1228/2 6862/1229/2 6863/1230/2 6864/1231/2 6865/1232/2 6866/1233/2 6867/1234/2 6868/1235/2 6869/1236/2 6870/1237/2 6871/1238/2 6872/1239/2 6873/1240/2 

g Mesh150 GC200_1_53 ____2_t3_dwg1 Model

v 35788.7 -6504.08 -89833.4
v 35788.4 -6504.08 -89840
v 35788.7 -6504.08 -89846.5
v 35789.3 -6504.08 -89853
v 35790.4 -6504.08 -89859.5
v 35791.8 -6504.08 -89865.9
v 35793.8 -6504.08 -89872.1
v 35796.1 -6504.08 -89878.3
v 35798.8 -6504.08 -89884.2
v 35801.8 -6504.08 -89890
v 35805.3 -6504.08 -89895.6
v 35809.1 -6504.08 -89900.9
v 35813.3 -6504.08 -89905.9
v 35817.7 -6504.08 -89910.7
v 35822.5 -6504.08 -89915.2
v 35827.6 -6504.08 -89919.3
v 35832.9 -6504.08 -89923.2
v 35838.5 -6504.08 -89926.6
v 35844.2 -6504.08 -89929.7
v 35850.2 -6504.08 -89932.4
v 35856.3 -6504.08 -89934.7
v 35862.6 -6504.08 -89936.6
v 35869 -6504.08 -89938.1
v 35875.4 -6504.08 -89939.2
v 35881.9 -6504.08 -89939.8
v 35888.5 -6504.08 -89940
v 35895 -6504.08 -89939.8
v 35901.5 -6504.08 -89939.2
v 35908 -6504.08 -89938.1
v 35914.4 -6504.08 -89936.6
v 35920.6 -6504.08 -89934.7
v 35926.7 -6504.08 -89932.4
v 35932.7 -6504.08 -89929.7
v 35938.5 -6504.08 -89926.6
v 35944 -6504.08 -89923.2
v 35949.4 -6504.08 -89919.3
v 35954.4 -6504.08 -89915.2
v 35959.2 -6504.08 -89910.7
v 35963.7 -6504.08 -89905.9
v 35967.8 -6504.08 -89900.9
v 35971.6 -6504.08 -89895.6
v 35975.1 -6504.08 -89890
v 35978.2 -6504.08 -89884.2
v 35980.9 -6504.08 -89878.3
v 35983.2 -6504.08 -89872.1
v 35985.1 -6504.08 -89865.9
v 35986.6 -6504.08 -89859.5
v 35987.6 -6504.08 -89853
v 35988.3 -6504.08 -89846.5
v 35988.5 -6504.08 -89840
v 35988.3 -6504.08 -89833.4
v 35987.6 -6504.08 -89826.9
v 35986.6 -6504.08 -89820.5
v 35985.1 -6504.08 -89814.1
v 35983.2 -6504.08 -89807.8
v 35980.9 -6504.08 -89801.7
v 35978.2 -6504.08 -89795.8
v 35975.1 -6504.08 -89790
v 35971.6 -6504.08 -89784.4
v 35967.8 -6504.08 -89779.1
v 35963.7 -6504.08 -89774
v 35959.2 -6504.08 -89769.3
v 35954.4 -6504.08 -89764.8
v 35949.4 -6504.08 -89760.6
v 35944 -6504.08 -89756.8
v 35938.5 -6504.08 -89753.4
v 35932.7 -6504.08 -89750.3
v 35926.7 -6504.08 -89747.6
v 35920.6 -6504.08 -89745.3
v 35914.4 -6504.08 -89743.4
v 35908 -6504.08 -89741.9
v 35901.5 -6504.08 -89740.8
v 35895 -6504.08 -89740.2
v 35888.5 -6504.08 -89740
v 35881.9 -6504.08 -89740.2
v 35875.4 -6504.08 -89740.8
v 35869 -6504.08 -89741.9
v 35862.6 -6504.08 -89743.4
v 35856.3 -6504.08 -89745.3
v 35850.2 -6504.08 -89747.6
v 35844.2 -6504.08 -89750.3
v 35838.5 -6504.08 -89753.4
v 35832.9 -6504.08 -89756.8
v 35827.6 -6504.08 -89760.6
v 35822.5 -6504.08 -89764.8
v 35817.7 -6504.08 -89769.3
v 35813.3 -6504.08 -89774
v 35809.1 -6504.08 -89779.1
v 35805.3 -6504.08 -89784.4
v 35801.8 -6504.08 -89790
v 35798.8 -6504.08 -89795.8
v 35796.1 -6504.08 -89801.7
v 35793.8 -6504.08 -89807.8
v 35791.8 -6504.08 -89814.1
v 35790.4 -6504.08 -89820.5
v 35789.3 -6504.08 -89826.9
f 6874/1145/2 6875/1146/2 6876/1147/2 6877/1148/2 6878/1149/2 6879/1150/2 6880/1151/2 6881/1152/2 6882/1153/2 6883/1154/2 6884/1155/2 6885/1156/2 6886/1157/2 6887/1158/2 6888/1159/2 6889/1160/2 6890/1161/2 6891/1162/2 6892/1163/2 6893/1164/2 6894/1165/2 6895/1166/2 6896/1167/2 6897/1168/2 6898/1169/2 6899/1170/2 6900/1171/2 6901/1172/2 6902/1173/2 6903/1174/2 6904/1175/2 6905/1176/2 6906/1177/2 6907/1178/2 6908/1179/2 6909/1180/2 6910/1181/2 6911/1182/2 6912/1183/2 6913/1184/2 6914/1185/2 6915/1186/2 6916/1187/2 6917/1188/2 6918/1189/2 6919/1190/2 6920/1191/2 6921/1192/2 6922/1193/2 6923/1194/2 6924/1195/2 6925/1196/2 6926/1197/2 6927/1198/2 6928/1199/2 6929/1200/2 6930/1201/2 6931/1202/2 6932/1203/2 6933/1204/2 6934/1205/2 6935/1206/2 6936/1207/2 6937/1208/2 6938/1209/2 6939/1210/2 6940/1211/2 6941/1212/2 6942/1213/2 6943/1214/2 6944/1215/2 6945/1216/2 6946/1217/2 6947/1218/2 6948/1219/2 6949/1220/2 6950/1221/2 6951/1222/2 6952/1223/2 6953/1224/2 6954/1225/2 6955/1226/2 6956/1227/2 6957/1228/2 6958/1229/2 6959/1230/2 6960/1231/2 6961/1232/2 6962/1233/2 6963/1234/2 6964/1235/2 6965/1236/2 6966/1237/2 6967/1238/2 6968/1239/2 6969/1240/2 

g Mesh151 GC200_1_54 ____2_t3_dwg1 Model

v 32011.8 -6504.08 -52347.1
v 32011.6 -6504.08 -52353.6
v 32011.8 -6504.08 -52360.2
v 32012.4 -6504.08 -52366.7
v 32013.5 -6504.08 -52373.2
v 32015 -6504.08 -52379.5
v 32016.9 -6504.08 -52385.8
v 32019.2 -6504.08 -52391.9
v 32021.9 -6504.08 -52397.9
v 32025 -6504.08 -52403.7
v 32028.4 -6504.08 -52409.2
v 32032.2 -6504.08 -52414.5
v 32036.4 -6504.08 -52419.6
v 32040.9 -6504.08 -52424.4
v 32045.6 -6504.08 -52428.8
v 32050.7 -6504.08 -52433
v 32056 -6504.08 -52436.8
v 32061.6 -6504.08 -52440.3
v 32067.3 -6504.08 -52443.4
v 32073.3 -6504.08 -52446.1
v 32079.4 -6504.08 -52448.4
v 32085.7 -6504.08 -52450.3
v 32092.1 -6504.08 -52451.8
v 32098.5 -6504.08 -52452.8
v 32105 -6504.08 -52453.5
v 32111.6 -6504.08 -52453.7
v 32118.1 -6504.08 -52453.5
v 32124.6 -6504.08 -52452.8
v 32131.1 -6504.08 -52451.8
v 32137.5 -6504.08 -52450.3
v 32143.7 -6504.08 -52448.4
v 32149.9 -6504.08 -52446.1
v 32155.8 -6504.08 -52443.4
v 32161.6 -6504.08 -52440.3
v 32167.2 -6504.08 -52436.8
v 32172.5 -6504.08 -52433
v 32177.5 -6504.08 -52428.8
v 32182.3 -6504.08 -52424.4
v 32186.8 -6504.08 -52419.6
v 32190.9 -6504.08 -52414.5
v 32194.8 -6504.08 -52409.2
v 32198.2 -6504.08 -52403.7
v 32201.3 -6504.08 -52397.9
v 32204 -6504.08 -52391.9
v 32206.3 -6504.08 -52385.8
v 32208.2 -6504.08 -52379.5
v 32209.7 -6504.08 -52373.2
v 32210.8 -6504.08 -52366.7
v 32211.4 -6504.08 -52360.2
v 32211.6 -6504.08 -52353.6
v 32211.4 -6504.08 -52347.1
v 32210.8 -6504.08 -52340.6
v 32209.7 -6504.08 -52334.1
v 32208.2 -6504.08 -52327.8
v 32206.3 -6504.08 -52321.5
v 32204 -6504.08 -52315.4
v 32201.3 -6504.08 -52309.4
v 32198.2 -6504.08 -52303.6
v 32194.8 -6504.08 -52298.1
v 32190.9 -6504.08 -52292.8
v 32186.8 -6504.08 -52287.7
v 32182.3 -6504.08 -52282.9
v 32177.5 -6504.08 -52278.4
v 32172.5 -6504.08 -52274.3
v 32167.2 -6504.08 -52270.5
v 32161.6 -6504.08 -52267
v 32155.8 -6504.08 -52263.9
v 32149.9 -6504.08 -52261.2
v 32143.7 -6504.08 -52258.9
v 32137.5 -6504.08 -52257
v 32131.1 -6504.08 -52255.5
v 32124.6 -6504.08 -52254.5
v 32118.1 -6504.08 -52253.8
v 32111.6 -6504.08 -52253.6
v 32105 -6504.08 -52253.8
v 32098.5 -6504.08 -52254.5
v 32092.1 -6504.08 -52255.5
v 32085.7 -6504.08 -52257
v 32079.4 -6504.08 -52258.9
v 32073.3 -6504.08 -52261.2
v 32067.3 -6504.08 -52263.9
v 32061.6 -6504.08 -52267
v 32056 -6504.08 -52270.5
v 32050.7 -6504.08 -52274.3
v 32045.6 -6504.08 -52278.4
v 32040.9 -6504.08 -52282.9
v 32036.4 -6504.08 -52287.7
v 32032.2 -6504.08 -52292.8
v 32028.4 -6504.08 -52298.1
v 32025 -6504.08 -52303.6
v 32021.9 -6504.08 -52309.4
v 32019.2 -6504.08 -52315.4
v 32016.9 -6504.08 -52321.5
v 32015 -6504.08 -52327.8
v 32013.5 -6504.08 -52334.1
v 32012.4 -6504.08 -52340.6
f 6970/1145/2 6971/1146/2 6972/1147/2 6973/1148/2 6974/1149/2 6975/1150/2 6976/1151/2 6977/1152/2 6978/1153/2 6979/1154/2 6980/1155/2 6981/1156/2 6982/1157/2 6983/1158/2 6984/1159/2 6985/1160/2 6986/1161/2 6987/1162/2 6988/1163/2 6989/1164/2 6990/1165/2 6991/1166/2 6992/1167/2 6993/1168/2 6994/1169/2 6995/1170/2 6996/1171/2 6997/1172/2 6998/1173/2 6999/1174/2 7000/1175/2 7001/1176/2 7002/1177/2 7003/1178/2 7004/1179/2 7005/1180/2 7006/1181/2 7007/1182/2 7008/1183/2 7009/1184/2 7010/1185/2 7011/1186/2 7012/1187/2 7013/1188/2 7014/1189/2 7015/1190/2 7016/1191/2 7017/1192/2 7018/1193/2 7019/1194/2 7020/1195/2 7021/1196/2 7022/1197/2 7023/1198/2 7024/1199/2 7025/1200/2 7026/1201/2 7027/1202/2 7028/1203/2 7029/1204/2 7030/1205/2 7031/1206/2 7032/1207/2 7033/1208/2 7034/1209/2 7035/1210/2 7036/1211/2 7037/1212/2 7038/1213/2 7039/1214/2 7040/1215/2 7041/1216/2 7042/1217/2 7043/1218/2 7044/1219/2 7045/1220/2 7046/1221/2 7047/1222/2 7048/1223/2 7049/1224/2 7050/1225/2 7051/1226/2 7052/1227/2 7053/1228/2 7054/1229/2 7055/1230/2 7056/1231/2 7057/1232/2 7058/1233/2 7059/1234/2 7060/1235/2 7061/1236/2 7062/1237/2 7063/1238/2 7064/1239/2 7065/1240/2 

g Mesh152 GC200_1_55 ____2_t3_dwg1 Model

v 18490.6 -6504.08 -53898.1
v 18490.4 -6504.08 -53904.6
v 18490.6 -6504.08 -53911.1
v 18491.3 -6504.08 -53917.7
v 18492.4 -6504.08 -53924.1
v 18493.8 -6504.08 -53930.5
v 18495.7 -6504.08 -53936.8
v 18498 -6504.08 -53942.9
v 18500.8 -6504.08 -53948.8
v 18503.8 -6504.08 -53954.6
v 18507.3 -6504.08 -53960.2
v 18511.1 -6504.08 -53965.5
v 18515.3 -6504.08 -53970.6
v 18519.7 -6504.08 -53975.3
v 18524.5 -6504.08 -53979.8
v 18529.6 -6504.08 -53984
v 18534.9 -6504.08 -53987.8
v 18540.4 -6504.08 -53991.2
v 18546.2 -6504.08 -53994.3
v 18552.2 -6504.08 -53997
v 18558.3 -6504.08 -53999.3
v 18564.6 -6504.08 -54001.2
v 18570.9 -6504.08 -54002.7
v 18577.4 -6504.08 -54003.8
v 18583.9 -6504.08 -54004.4
v 18590.5 -6504.08 -54004.6
v 18597 -6504.08 -54004.4
v 18603.5 -6504.08 -54003.8
v 18610 -6504.08 -54002.7
v 18616.4 -6504.08 -54001.2
v 18622.6 -6504.08 -53999.3
v 18628.7 -6504.08 -53997
v 18634.7 -6504.08 -53994.3
v 18640.5 -6504.08 -53991.2
v 18646 -6504.08 -53987.8
v 18651.4 -6504.08 -53984
v 18656.4 -6504.08 -53979.8
v 18661.2 -6504.08 -53975.3
v 18665.7 -6504.08 -53970.6
v 18669.8 -6504.08 -53965.5
v 18673.6 -6504.08 -53960.2
v 18677.1 -6504.08 -53954.6
v 18680.2 -6504.08 -53948.8
v 18682.9 -6504.08 -53942.9
v 18685.2 -6504.08 -53936.8
v 18687.1 -6504.08 -53930.5
v 18688.6 -6504.08 -53924.1
v 18689.6 -6504.08 -53917.7
v 18690.3 -6504.08 -53911.1
v 18690.5 -6504.08 -53904.6
v 18690.3 -6504.08 -53898.1
v 18689.6 -6504.08 -53891.5
v 18688.6 -6504.08 -53885.1
v 18687.1 -6504.08 -53878.7
v 18685.2 -6504.08 -53872.5
v 18682.9 -6504.08 -53866.3
v 18680.2 -6504.08 -53860.4
v 18677.1 -6504.08 -53854.6
v 18673.6 -6504.08 -53849
v 18669.8 -6504.08 -53843.7
v 18665.7 -6504.08 -53838.7
v 18661.2 -6504.08 -53833.9
v 18656.4 -6504.08 -53829.4
v 18651.4 -6504.08 -53825.2
v 18646 -6504.08 -53821.4
v 18640.5 -6504.08 -53818
v 18634.7 -6504.08 -53814.9
v 18628.7 -6504.08 -53812.2
v 18622.6 -6504.08 -53809.9
v 18616.4 -6504.08 -53808
v 18610 -6504.08 -53806.5
v 18603.5 -6504.08 -53805.4
v 18597 -6504.08 -53804.8
v 18590.5 -6504.08 -53804.6
v 18583.9 -6504.08 -53804.8
v 18577.4 -6504.08 -53805.4
v 18570.9 -6504.08 -53806.5
v 18564.6 -6504.08 -53808
v 18558.3 -6504.08 -53809.9
v 18552.2 -6504.08 -53812.2
v 18546.2 -6504.08 -53814.9
v 18540.4 -6504.08 -53818
v 18534.9 -6504.08 -53821.4
v 18529.6 -6504.08 -53825.2
v 18524.5 -6504.08 -53829.4
v 18519.7 -6504.08 -53833.9
v 18515.3 -6504.08 -53838.7
v 18511.1 -6504.08 -53843.7
v 18507.3 -6504.08 -53849
v 18503.8 -6504.08 -53854.6
v 18500.8 -6504.08 -53860.4
v 18498 -6504.08 -53866.3
v 18495.7 -6504.08 -53872.5
v 18493.8 -6504.08 -53878.7
v 18492.4 -6504.08 -53885.1
v 18491.3 -6504.08 -53891.5
f 7066/1145/2 7067/1146/2 7068/1147/2 7069/1148/2 7070/1149/2 7071/1150/2 7072/1151/2 7073/1152/2 7074/1153/2 7075/1154/2 7076/1155/2 7077/1156/2 7078/1157/2 7079/1158/2 7080/1159/2 7081/1160/2 7082/1161/2 7083/1162/2 7084/1163/2 7085/1164/2 7086/1165/2 7087/1166/2 7088/1167/2 7089/1168/2 7090/1169/2 7091/1170/2 7092/1171/2 7093/1172/2 7094/1173/2 7095/1174/2 7096/1175/2 7097/1176/2 7098/1177/2 7099/1178/2 7100/1179/2 7101/1180/2 7102/1181/2 7103/1182/2 7104/1183/2 7105/1184/2 7106/1185/2 7107/1186/2 7108/1187/2 7109/1188/2 7110/1189/2 7111/1190/2 7112/1191/2 7113/1192/2 7114/1193/2 7115/1194/2 7116/1195/2 7117/1196/2 7118/1197/2 7119/1198/2 7120/1199/2 7121/1200/2 7122/1201/2 7123/1202/2 7124/1203/2 7125/1204/2 7126/1205/2 7127/1206/2 7128/1207/2 7129/1208/2 7130/1209/2 7131/1210/2 7132/1211/2 7133/1212/2 7134/1213/2 7135/1214/2 7136/1215/2 7137/1216/2 7138/1217/2 7139/1218/2 7140/1219/2 7141/1220/2 7142/1221/2 7143/1222/2 7144/1223/2 7145/1224/2 7146/1225/2 7147/1226/2 7148/1227/2 7149/1228/2 7150/1229/2 7151/1230/2 7152/1231/2 7153/1232/2 7154/1233/2 7155/1234/2 7156/1235/2 7157/1236/2 7158/1237/2 7159/1238/2 7160/1239/2 7161/1240/2 

g Mesh153 GC200_1_56 ____2_t3_dwg1 Model

v 57652.2 -6504.08 -15767.9
v 57651.9 -6504.08 -15774.4
v 57652.2 -6504.08 -15781
v 57652.8 -6504.08 -15787.5
v 57653.9 -6504.08 -15793.9
v 57655.3 -6504.08 -15800.3
v 57657.2 -6504.08 -15806.6
v 57659.5 -6504.08 -15812.7
v 57662.3 -6504.08 -15818.7
v 57665.3 -6504.08 -15824.4
v 57668.8 -6504.08 -15830
v 57672.6 -6504.08 -15835.3
v 57676.8 -6504.08 -15840.4
v 57681.2 -6504.08 -15845.2
v 57686 -6504.08 -15849.6
v 57691.1 -6504.08 -15853.8
v 57696.4 -6504.08 -15857.6
v 57701.9 -6504.08 -15861.1
v 57707.7 -6504.08 -15864.1
v 57713.7 -6504.08 -15866.8
v 57719.8 -6504.08 -15869.1
v 57726.1 -6504.08 -15871
v 57732.4 -6504.08 -15872.5
v 57738.9 -6504.08 -15873.6
v 57745.4 -6504.08 -15874.2
v 57752 -6504.08 -15874.5
v 57758.5 -6504.08 -15874.2
v 57765 -6504.08 -15873.6
v 57771.5 -6504.08 -15872.5
v 57777.9 -6504.08 -15871
v 57784.1 -6504.08 -15869.1
v 57790.2 -6504.08 -15866.8
v 57796.2 -6504.08 -15864.1
v 57802 -6504.08 -15861.1
v 57807.5 -6504.08 -15857.6
v 57812.9 -6504.08 -15853.8
v 57817.9 -6504.08 -15849.6
v 57822.7 -6504.08 -15845.2
v 57827.2 -6504.08 -15840.4
v 57831.3 -6504.08 -15835.3
v 57835.1 -6504.08 -15830
v 57838.6 -6504.08 -15824.4
v 57841.7 -6504.08 -15818.7
v 57844.4 -6504.08 -15812.7
v 57846.7 -6504.08 -15806.6
v 57848.6 -6504.08 -15800.3
v 57850.1 -6504.08 -15793.9
v 57851.1 -6504.08 -15787.5
v 57851.8 -6504.08 -15781
v 57852 -6504.08 -15774.4
v 57851.8 -6504.08 -15767.9
v 57851.1 -6504.08 -15761.4
v 57850.1 -6504.08 -15754.9
v 57848.6 -6504.08 -15748.5
v 57846.7 -6504.08 -15742.3
v 57844.4 -6504.08 -15736.1
v 57841.7 -6504.08 -15730.2
v 57838.6 -6504.08 -15724.4
v 57835.1 -6504.08 -15718.9
v 57831.3 -6504.08 -15713.5
v 57827.2 -6504.08 -15708.5
v 57822.7 -6504.08 -15703.7
v 57817.9 -6504.08 -15699.2
v 57812.9 -6504.08 -15695.1
v 57807.5 -6504.08 -15691.3
v 57802 -6504.08 -15687.8
v 57796.2 -6504.08 -15684.7
v 57790.2 -6504.08 -15682
v 57784.1 -6504.08 -15679.7
v 57777.9 -6504.08 -15677.8
v 57771.5 -6504.08 -15676.3
v 57765 -6504.08 -15675.3
v 57758.5 -6504.08 -15674.6
v 57752 -6504.08 -15674.4
v 57745.4 -6504.08 -15674.6
v 57738.9 -6504.08 -15675.3
v 57732.4 -6504.08 -15676.3
v 57726.1 -6504.08 -15677.8
v 57719.8 -6504.08 -15679.7
v 57713.7 -6504.08 -15682
v 57707.7 -6504.08 -15684.7
v 57701.9 -6504.08 -15687.8
v 57696.4 -6504.08 -15691.3
v 57691.1 -6504.08 -15695.1
v 57686 -6504.08 -15699.2
v 57681.2 -6504.08 -15703.7
v 57676.8 -6504.08 -15708.5
v 57672.6 -6504.08 -15713.5
v 57668.8 -6504.08 -15718.9
v 57665.3 -6504.08 -15724.4
v 57662.3 -6504.08 -15730.2
v 57659.5 -6504.08 -15736.1
v 57657.2 -6504.08 -15742.3
v 57655.3 -6504.08 -15748.5
v 57653.9 -6504.08 -15754.9
v 57652.8 -6504.08 -15761.4
f 7162/1145/2 7163/1146/2 7164/1147/2 7165/1148/2 7166/1149/2 7167/1150/2 7168/1151/2 7169/1152/2 7170/1153/2 7171/1154/2 7172/1155/2 7173/1156/2 7174/1157/2 7175/1158/2 7176/1159/2 7177/1160/2 7178/1161/2 7179/1162/2 7180/1163/2 7181/1164/2 7182/1165/2 7183/1166/2 7184/1167/2 7185/1168/2 7186/1169/2 7187/1170/2 7188/1171/2 7189/1172/2 7190/1173/2 7191/1174/2 7192/1175/2 7193/1176/2 7194/1177/2 7195/1178/2 7196/1179/2 7197/1180/2 7198/1181/2 7199/1182/2 7200/1183/2 7201/1184/2 7202/1185/2 7203/1186/2 7204/1187/2 7205/1188/2 7206/1189/2 7207/1190/2 7208/1191/2 7209/1192/2 7210/1193/2 7211/1194/2 7212/1195/2 7213/1196/2 7214/1197/2 7215/1198/2 7216/1199/2 7217/1200/2 7218/1201/2 7219/1202/2 7220/1203/2 7221/1204/2 7222/1205/2 7223/1206/2 7224/1207/2 7225/1208/2 7226/1209/2 7227/1210/2 7228/1211/2 7229/1212/2 7230/1213/2 7231/1214/2 7232/1215/2 7233/1216/2 7234/1217/2 7235/1218/2 7236/1219/2 7237/1220/2 7238/1221/2 7239/1222/2 7240/1223/2 7241/1224/2 7242/1225/2 7243/1226/2 7244/1227/2 7245/1228/2 7246/1229/2 7247/1230/2 7248/1231/2 7249/1232/2 7250/1233/2 7251/1234/2 7252/1235/2 7253/1236/2 7254/1237/2 7255/1238/2 7256/1239/2 7257/1240/2 

g Mesh154 GC200_1_57 ____2_t3_dwg1 Model

v 43827 -6504.08 -11800.8
v 43826.8 -6504.08 -11807.3
v 43827 -6504.08 -11813.9
v 43827.7 -6504.08 -11820.4
v 43828.8 -6504.08 -11826.9
v 43830.2 -6504.08 -11833.2
v 43832.1 -6504.08 -11839.5
v 43834.4 -6504.08 -11845.6
v 43837.1 -6504.08 -11851.6
v 43840.2 -6504.08 -11857.3
v 43843.7 -6504.08 -11862.9
v 43847.5 -6504.08 -11868.2
v 43851.7 -6504.08 -11873.3
v 43856.1 -6504.08 -11878.1
v 43860.9 -6504.08 -11882.5
v 43866 -6504.08 -11886.7
v 43871.3 -6504.08 -11890.5
v 43876.8 -6504.08 -11894
v 43882.6 -6504.08 -11897
v 43888.6 -6504.08 -11899.7
v 43894.7 -6504.08 -11902.1
v 43901 -6504.08 -11904
v 43907.3 -6504.08 -11905.4
v 43913.8 -6504.08 -11906.5
v 43920.3 -6504.08 -11907.1
v 43926.9 -6504.08 -11907.4
v 43933.4 -6504.08 -11907.1
v 43939.9 -6504.08 -11906.5
v 43946.4 -6504.08 -11905.4
v 43952.7 -6504.08 -11904
v 43959 -6504.08 -11902.1
v 43965.1 -6504.08 -11899.7
v 43971.1 -6504.08 -11897
v 43976.9 -6504.08 -11894
v 43982.4 -6504.08 -11890.5
v 43987.7 -6504.08 -11886.7
v 43992.8 -6504.08 -11882.5
v 43997.6 -6504.08 -11878.1
v 44002.1 -6504.08 -11873.3
v 44006.2 -6504.08 -11868.2
v 44010 -6504.08 -11862.9
v 44013.5 -6504.08 -11857.3
v 44016.6 -6504.08 -11851.6
v 44019.3 -6504.08 -11845.6
v 44021.6 -6504.08 -11839.5
v 44023.5 -6504.08 -11833.2
v 44025 -6504.08 -11826.9
v 44026 -6504.08 -11820.4
v 44026.7 -6504.08 -11813.9
v 44026.9 -6504.08 -11807.3
v 44026.7 -6504.08 -11800.8
v 44026 -6504.08 -11794.3
v 44025 -6504.08 -11787.8
v 44023.5 -6504.08 -11781.4
v 44021.6 -6504.08 -11775.2
v 44019.3 -6504.08 -11769.1
v 44016.6 -6504.08 -11763.1
v 44013.5 -6504.08 -11757.3
v 44010 -6504.08 -11751.8
v 44006.2 -6504.08 -11746.4
v 44002.1 -6504.08 -11741.4
v 43997.6 -6504.08 -11736.6
v 43992.8 -6504.08 -11732.1
v 43987.7 -6504.08 -11728
v 43982.4 -6504.08 -11724.2
v 43976.9 -6504.08 -11720.7
v 43971.1 -6504.08 -11717.6
v 43965.1 -6504.08 -11714.9
v 43959 -6504.08 -11712.6
v 43952.7 -6504.08 -11710.7
v 43946.4 -6504.08 -11709.2
v 43939.9 -6504.08 -11708.2
v 43933.4 -6504.08 -11707.5
v 43926.9 -6504.08 -11707.3
v 43920.3 -6504.08 -11707.5
v 43913.8 -6504.08 -11708.2
v 43907.3 -6504.08 -11709.2
v 43901 -6504.08 -11710.7
v 43894.7 -6504.08 -11712.6
v 43888.6 -6504.08 -11714.9
v 43882.6 -6504.08 -11717.6
v 43876.8 -6504.08 -11720.7
v 43871.3 -6504.08 -11724.2
v 43866 -6504.08 -11728
v 43860.9 -6504.08 -11732.1
v 43856.1 -6504.08 -11736.6
v 43851.7 -6504.08 -11741.4
v 43847.5 -6504.08 -11746.4
v 43843.7 -6504.08 -11751.8
v 43840.2 -6504.08 -11757.3
v 43837.1 -6504.08 -11763.1
v 43834.4 -6504.08 -11769.1
v 43832.1 -6504.08 -11775.2
v 43830.2 -6504.08 -11781.4
v 43828.8 -6504.08 -11787.8
v 43827.7 -6504.08 -11794.3
f 7258/1145/2 7259/1146/2 7260/1147/2 7261/1148/2 7262/1149/2 7263/1150/2 7264/1151/2 7265/1152/2 7266/1153/2 7267/1154/2 7268/1155/2 7269/1156/2 7270/1157/2 7271/1158/2 7272/1159/2 7273/1160/2 7274/1161/2 7275/1162/2 7276/1163/2 7277/1164/2 7278/1165/2 7279/1166/2 7280/1167/2 7281/1168/2 7282/1169/2 7283/1170/2 7284/1171/2 7285/1172/2 7286/1173/2 7287/1174/2 7288/1175/2 7289/1176/2 7290/1177/2 7291/1178/2 7292/1179/2 7293/1180/2 7294/1181/2 7295/1182/2 7296/1183/2 7297/1184/2 7298/1185/2 7299/1186/2 7300/1187/2 7301/1188/2 7302/1189/2 7303/1190/2 7304/1191/2 7305/1192/2 7306/1193/2 7307/1194/2 7308/1195/2 7309/1196/2 7310/1197/2 7311/1198/2 7312/1199/2 7313/1200/2 7314/1201/2 7315/1202/2 7316/1203/2 7317/1204/2 7318/1205/2 7319/1206/2 7320/1207/2 7321/1208/2 7322/1209/2 7323/1210/2 7324/1211/2 7325/1212/2 7326/1213/2 7327/1214/2 7328/1215/2 7329/1216/2 7330/1217/2 7331/1218/2 7332/1219/2 7333/1220/2 7334/1221/2 7335/1222/2 7336/1223/2 7337/1224/2 7338/1225/2 7339/1226/2 7340/1227/2 7341/1228/2 7342/1229/2 7343/1230/2 7344/1231/2 7345/1232/2 7346/1233/2 7347/1234/2 7348/1235/2 7349/1236/2 7350/1237/2 7351/1238/2 7352/1239/2 7353/1240/2 

g Mesh155 GC200_1_58 ____2_t3_dwg1 Model

v 30749 -6504.08 -4382.68
v 30748.7 -6504.08 -4389.22
v 30749 -6504.08 -4395.76
v 30749.6 -6504.08 -4402.27
v 30750.7 -6504.08 -4408.73
v 30752.2 -6504.08 -4415.11
v 30754.1 -6504.08 -4421.37
v 30756.4 -6504.08 -4427.5
v 30759.1 -6504.08 -4433.46
v 30762.1 -6504.08 -4439.23
v 30765.6 -6504.08 -4444.79
v 30769.4 -6504.08 -4450.11
v 30773.6 -6504.08 -4455.17
v 30778 -6504.08 -4459.95
v 30782.8 -6504.08 -4464.42
v 30787.9 -6504.08 -4468.57
v 30793.2 -6504.08 -4472.39
v 30798.8 -6504.08 -4475.84
v 30804.5 -6504.08 -4478.93
v 30810.5 -6504.08 -4481.63
v 30816.6 -6504.08 -4483.94
v 30822.9 -6504.08 -4485.84
v 30829.3 -6504.08 -4487.32
v 30835.7 -6504.08 -4488.39
v 30842.2 -6504.08 -4489.03
v 30848.8 -6504.08 -4489.24
v 30855.3 -6504.08 -4489.03
v 30861.8 -6504.08 -4488.39
v 30868.3 -6504.08 -4487.32
v 30874.7 -6504.08 -4485.84
v 30880.9 -6504.08 -4483.94
v 30887.1 -6504.08 -4481.63
v 30893 -6504.08 -4478.93
v 30898.8 -6504.08 -4475.84
v 30904.3 -6504.08 -4472.39
v 30909.7 -6504.08 -4468.57
v 30914.7 -6504.08 -4464.42
v 30919.5 -6504.08 -4459.95
v 30924 -6504.08 -4455.17
v 30928.1 -6504.08 -4450.11
v 30931.9 -6504.08 -4444.79
v 30935.4 -6504.08 -4439.23
v 30938.5 -6504.08 -4433.46
v 30941.2 -6504.08 -4427.5
v 30943.5 -6504.08 -4421.37
v 30945.4 -6504.08 -4415.11
v 30946.9 -6504.08 -4408.73
v 30947.9 -6504.08 -4402.27
v 30948.6 -6504.08 -4395.76
v 30948.8 -6504.08 -4389.22
v 30948.6 -6504.08 -4382.68
v 30947.9 -6504.08 -4376.16
v 30946.9 -6504.08 -4369.7
v 30945.4 -6504.08 -4363.33
v 30943.5 -6504.08 -4357.06
v 30941.2 -6504.08 -4350.94
v 30938.5 -6504.08 -4344.98
v 30935.4 -6504.08 -4339.2
v 30931.9 -6504.08 -4333.65
v 30928.1 -6504.08 -4328.33
v 30924 -6504.08 -4323.27
v 30919.5 -6504.08 -4318.49
v 30914.7 -6504.08 -4314.01
v 30909.7 -6504.08 -4309.86
v 30904.3 -6504.08 -4306.05
v 30898.8 -6504.08 -4302.59
v 30893 -6504.08 -4299.51
v 30887.1 -6504.08 -4296.8
v 30880.9 -6504.08 -4294.5
v 30874.7 -6504.08 -4292.6
v 30868.3 -6504.08 -4291.11
v 30861.8 -6504.08 -4290.05
v 30855.3 -6504.08 -4289.4
v 30848.8 -6504.08 -4289.19
v 30842.2 -6504.08 -4289.4
v 30835.7 -6504.08 -4290.05
v 30829.3 -6504.08 -4291.11
v 30822.9 -6504.08 -4292.6
v 30816.6 -6504.08 -4294.5
v 30810.5 -6504.08 -4296.8
v 30804.5 -6504.08 -4299.51
v 30798.8 -6504.08 -4302.59
v 30793.2 -6504.08 -4306.05
v 30787.9 -6504.08 -4309.86
v 30782.8 -6504.08 -4314.01
v 30778 -6504.08 -4318.49
v 30773.6 -6504.08 -4323.27
v 30769.4 -6504.08 -4328.33
v 30765.6 -6504.08 -4333.65
v 30762.1 -6504.08 -4339.2
v 30759.1 -6504.08 -4344.98
v 30756.4 -6504.08 -4350.94
v 30754.1 -6504.08 -4357.06
v 30752.2 -6504.08 -4363.33
v 30750.7 -6504.08 -4369.7
v 30749.6 -6504.08 -4376.16
f 7354/1145/2 7355/1146/2 7356/1147/2 7357/1148/2 7358/1149/2 7359/1150/2 7360/1151/2 7361/1152/2 7362/1153/2 7363/1154/2 7364/1155/2 7365/1156/2 7366/1157/2 7367/1158/2 7368/1159/2 7369/1160/2 7370/1161/2 7371/1162/2 7372/1163/2 7373/1164/2 7374/1165/2 7375/1166/2 7376/1167/2 7377/1168/2 7378/1169/2 7379/1170/2 7380/1171/2 7381/1172/2 7382/1173/2 7383/1174/2 7384/1175/2 7385/1176/2 7386/1177/2 7387/1178/2 7388/1179/2 7389/1180/2 7390/1181/2 7391/1182/2 7392/1183/2 7393/1184/2 7394/1185/2 7395/1186/2 7396/1187/2 7397/1188/2 7398/1189/2 7399/1190/2 7400/1191/2 7401/1192/2 7402/1193/2 7403/1194/2 7404/1195/2 7405/1196/2 7406/1197/2 7407/1198/2 7408/1199/2 7409/1200/2 7410/1201/2 7411/1202/2 7412/1203/2 7413/1204/2 7414/1205/2 7415/1206/2 7416/1207/2 7417/1208/2 7418/1209/2 7419/1210/2 7420/1211/2 7421/1212/2 7422/1213/2 7423/1214/2 7424/1215/2 7425/1216/2 7426/1217/2 7427/1218/2 7428/1219/2 7429/1220/2 7430/1221/2 7431/1222/2 7432/1223/2 7433/1224/2 7434/1225/2 7435/1226/2 7436/1227/2 7437/1228/2 7438/1229/2 7439/1230/2 7440/1231/2 7441/1232/2 7442/1233/2 7443/1234/2 7444/1235/2 7445/1236/2 7446/1237/2 7447/1238/2 7448/1239/2 7449/1240/2 

g Mesh156 GC200_1_59 ____2_t3_dwg1 Model

v 12197.6 -6504.08 -9408.56
v 12197.4 -6504.08 -9415.1
v 12197.6 -6504.08 -9421.64
v 12198.2 -6504.08 -9428.16
v 12199.3 -6504.08 -9434.61
v 12200.8 -6504.08 -9440.99
v 12202.7 -6504.08 -9447.25
v 12205 -6504.08 -9453.38
v 12207.7 -6504.08 -9459.34
v 12210.8 -6504.08 -9465.11
v 12214.2 -6504.08 -9470.67
v 12218 -6504.08 -9475.99
v 12222.2 -6504.08 -9481.05
v 12226.7 -6504.08 -9485.83
v 12231.4 -6504.08 -9490.3
v 12236.5 -6504.08 -9494.46
v 12241.8 -6504.08 -9498.27
v 12247.4 -6504.08 -9501.73
v 12253.1 -6504.08 -9504.81
v 12259.1 -6504.08 -9507.51
v 12265.2 -6504.08 -9509.82
v 12271.5 -6504.08 -9511.72
v 12277.9 -6504.08 -9513.21
v 12284.3 -6504.08 -9514.27
v 12290.8 -6504.08 -9514.91
v 12297.4 -6504.08 -9515.13
v 12303.9 -6504.08 -9514.91
v 12310.4 -6504.08 -9514.27
v 12316.9 -6504.08 -9513.21
v 12323.3 -6504.08 -9511.72
v 12329.5 -6504.08 -9509.82
v 12335.7 -6504.08 -9507.51
v 12341.6 -6504.08 -9504.81
v 12347.4 -6504.08 -9501.73
v 12353 -6504.08 -9498.27
v 12358.3 -6504.08 -9494.46
v 12363.3 -6504.08 -9490.3
v 12368.1 -6504.08 -9485.83
v 12372.6 -6504.08 -9481.05
v 12376.7 -6504.08 -9475.99
v 12380.6 -6504.08 -9470.67
v 12384 -6504.08 -9465.11
v 12387.1 -6504.08 -9459.34
v 12389.8 -6504.08 -9453.38
v 12392.1 -6504.08 -9447.25
v 12394 -6504.08 -9440.99
v 12395.5 -6504.08 -9434.61
v 12396.6 -6504.08 -9428.16
v 12397.2 -6504.08 -9421.64
v 12397.4 -6504.08 -9415.1
v 12397.2 -6504.08 -9408.56
v 12396.6 -6504.08 -9402.04
v 12395.5 -6504.08 -9395.59
v 12394 -6504.08 -9389.21
v 12392.1 -6504.08 -9382.95
v 12389.8 -6504.08 -9376.82
v 12387.1 -6504.08 -9370.86
v 12384 -6504.08 -9365.09
v 12380.6 -6504.08 -9359.53
v 12376.7 -6504.08 -9354.21
v 12372.6 -6504.08 -9349.15
v 12368.1 -6504.08 -9344.37
v 12363.3 -6504.08 -9339.9
v 12358.3 -6504.08 -9335.74
v 12353 -6504.08 -9331.93
v 12347.4 -6504.08 -9328.47
v 12341.6 -6504.08 -9325.39
v 12335.7 -6504.08 -9322.69
v 12329.5 -6504.08 -9320.38
v 12323.3 -6504.08 -9318.48
v 12316.9 -6504.08 -9317
v 12310.4 -6504.08 -9315.93
v 12303.9 -6504.08 -9315.29
v 12297.4 -6504.08 -9315.07
v 12290.8 -6504.08 -9315.29
v 12284.3 -6504.08 -9315.93
v 12277.9 -6504.08 -9317
v 12271.5 -6504.08 -9318.48
v 12265.2 -6504.08 -9320.38
v 12259.1 -6504.08 -9322.69
v 12253.1 -6504.08 -9325.39
v 12247.4 -6504.08 -9328.47
v 12241.8 -6504.08 -9331.93
v 12236.5 -6504.08 -9335.74
v 12231.4 -6504.08 -9339.9
v 12226.7 -6504.08 -9344.37
v 12222.2 -6504.08 -9349.15
v 12218 -6504.08 -9354.21
v 12214.2 -6504.08 -9359.53
v 12210.8 -6504.08 -9365.09
v 12207.7 -6504.08 -9370.86
v 12205 -6504.08 -9376.82
v 12202.7 -6504.08 -9382.95
v 12200.8 -6504.08 -9389.21
v 12199.3 -6504.08 -9395.59
v 12198.2 -6504.08 -9402.04
f 7450/1145/2 7451/1146/2 7452/1147/2 7453/1148/2 7454/1149/2 7455/1150/2 7456/1151/2 7457/1152/2 7458/1153/2 7459/1154/2 7460/1155/2 7461/1156/2 7462/1157/2 7463/1158/2 7464/1159/2 7465/1160/2 7466/1161/2 7467/1162/2 7468/1163/2 7469/1164/2 7470/1165/2 7471/1166/2 7472/1167/2 7473/1168/2 7474/1169/2 7475/1170/2 7476/1171/2 7477/1172/2 7478/1173/2 7479/1174/2 7480/1175/2 7481/1176/2 7482/1177/2 7483/1178/2 7484/1179/2 7485/1180/2 7486/1181/2 7487/1182/2 7488/1183/2 7489/1184/2 7490/1185/2 7491/1186/2 7492/1187/2 7493/1188/2 7494/1189/2 7495/1190/2 7496/1191/2 7497/1192/2 7498/1193/2 7499/1194/2 7500/1195/2 7501/1196/2 7502/1197/2 7503/1198/2 7504/1199/2 7505/1200/2 7506/1201/2 7507/1202/2 7508/1203/2 7509/1204/2 7510/1205/2 7511/1206/2 7512/1207/2 7513/1208/2 7514/1209/2 7515/1210/2 7516/1211/2 7517/1212/2 7518/1213/2 7519/1214/2 7520/1215/2 7521/1216/2 7522/1217/2 7523/1218/2 7524/1219/2 7525/1220/2 7526/1221/2 7527/1222/2 7528/1223/2 7529/1224/2 7530/1225/2 7531/1226/2 7532/1227/2 7533/1228/2 7534/1229/2 7535/1230/2 7536/1231/2 7537/1232/2 7538/1233/2 7539/1234/2 7540/1235/2 7541/1236/2 7542/1237/2 7543/1238/2 7544/1239/2 7545/1240/2 

g Mesh157 GC200_1_60 ____2_t3_dwg1 Model

v 10562.6 -6504.08 -42887.9
v 10562.4 -6504.08 -42894.5
v 10562.6 -6504.08 -42901
v 10563.3 -6504.08 -42907.5
v 10564.3 -6504.08 -42914
v 10565.8 -6504.08 -42920.4
v 10567.7 -6504.08 -42926.6
v 10570 -6504.08 -42932.8
v 10572.7 -6504.08 -42938.7
v 10575.8 -6504.08 -42944.5
v 10579.3 -6504.08 -42950
v 10583.1 -6504.08 -42955.4
v 10587.2 -6504.08 -42960.4
v 10591.7 -6504.08 -42965.2
v 10596.5 -6504.08 -42969.7
v 10601.5 -6504.08 -42973.8
v 10606.9 -6504.08 -42977.6
v 10612.4 -6504.08 -42981.1
v 10618.2 -6504.08 -42984.2
v 10624.2 -6504.08 -42986.9
v 10630.3 -6504.08 -42989.2
v 10636.5 -6504.08 -42991.1
v 10642.9 -6504.08 -42992.6
v 10649.4 -6504.08 -42993.6
v 10655.9 -6504.08 -42994.3
v 10662.4 -6504.08 -42994.5
v 10669 -6504.08 -42994.3
v 10675.5 -6504.08 -42993.6
v 10682 -6504.08 -42992.6
v 10688.3 -6504.08 -42991.1
v 10694.6 -6504.08 -42989.2
v 10700.7 -6504.08 -42986.9
v 10706.7 -6504.08 -42984.2
v 10712.5 -6504.08 -42981.1
v 10718 -6504.08 -42977.6
v 10723.3 -6504.08 -42973.8
v 10728.4 -6504.08 -42969.7
v 10733.2 -6504.08 -42965.2
v 10737.6 -6504.08 -42960.4
v 10741.8 -6504.08 -42955.4
v 10745.6 -6504.08 -42950
v 10749.1 -6504.08 -42944.5
v 10752.1 -6504.08 -42938.7
v 10754.8 -6504.08 -42932.8
v 10757.2 -6504.08 -42926.6
v 10759.1 -6504.08 -42920.4
v 10760.5 -6504.08 -42914
v 10761.6 -6504.08 -42907.5
v 10762.2 -6504.08 -42901
v 10762.5 -6504.08 -42894.5
v 10762.2 -6504.08 -42887.9
v 10761.6 -6504.08 -42881.4
v 10760.5 -6504.08 -42875
v 10759.1 -6504.08 -42868.6
v 10757.2 -6504.08 -42862.3
v 10754.8 -6504.08 -42856.2
v 10752.1 -6504.08 -42850.2
v 10749.1 -6504.08 -42844.5
v 10745.6 -6504.08 -42838.9
v 10741.8 -6504.08 -42833.6
v 10737.6 -6504.08 -42828.5
v 10733.2 -6504.08 -42823.7
v 10728.4 -6504.08 -42819.3
v 10723.3 -6504.08 -42815.1
v 10718 -6504.08 -42811.3
v 10712.5 -6504.08 -42807.8
v 10706.7 -6504.08 -42804.8
v 10700.7 -6504.08 -42802.1
v 10694.6 -6504.08 -42799.8
v 10688.3 -6504.08 -42797.9
v 10682 -6504.08 -42796.4
v 10675.5 -6504.08 -42795.3
v 10669 -6504.08 -42794.7
v 10662.4 -6504.08 -42794.4
v 10655.9 -6504.08 -42794.7
v 10649.4 -6504.08 -42795.3
v 10642.9 -6504.08 -42796.4
v 10636.5 -6504.08 -42797.9
v 10630.3 -6504.08 -42799.8
v 10624.2 -6504.08 -42802.1
v 10618.2 -6504.08 -42804.8
v 10612.4 -6504.08 -42807.8
v 10606.9 -6504.08 -42811.3
v 10601.5 -6504.08 -42815.1
v 10596.5 -6504.08 -42819.3
v 10591.7 -6504.08 -42823.7
v 10587.2 -6504.08 -42828.5
v 10583.1 -6504.08 -42833.6
v 10579.3 -6504.08 -42838.9
v 10575.8 -6504.08 -42844.5
v 10572.7 -6504.08 -42850.2
v 10570 -6504.08 -42856.2
v 10567.7 -6504.08 -42862.3
v 10565.8 -6504.08 -42868.6
v 10564.3 -6504.08 -42875
v 10563.3 -6504.08 -42881.4
f 7546/1145/2 7547/1146/2 7548/1147/2 7549/1148/2 7550/1149/2 7551/1150/2 7552/1151/2 7553/1152/2 7554/1153/2 7555/1154/2 7556/1155/2 7557/1156/2 7558/1157/2 7559/1158/2 7560/1159/2 7561/1160/2 7562/1161/2 7563/1162/2 7564/1163/2 7565/1164/2 7566/1165/2 7567/1166/2 7568/1167/2 7569/1168/2 7570/1169/2 7571/1170/2 7572/1171/2 7573/1172/2 7574/1173/2 7575/1174/2 7576/1175/2 7577/1176/2 7578/1177/2 7579/1178/2 7580/1179/2 7581/1180/2 7582/1181/2 7583/1182/2 7584/1183/2 7585/1184/2 7586/1185/2 7587/1186/2 7588/1187/2 7589/1188/2 7590/1189/2 7591/1190/2 7592/1191/2 7593/1192/2 7594/1193/2 7595/1194/2 7596/1195/2 7597/1196/2 7598/1197/2 7599/1198/2 7600/1199/2 7601/1200/2 7602/1201/2 7603/1202/2 7604/1203/2 7605/1204/2 7606/1205/2 7607/1206/2 7608/1207/2 7609/1208/2 7610/1209/2 7611/1210/2 7612/1211/2 7613/1212/2 7614/1213/2 7615/1214/2 7616/1215/2 7617/1216/2 7618/1217/2 7619/1218/2 7620/1219/2 7621/1220/2 7622/1221/2 7623/1222/2 7624/1223/2 7625/1224/2 7626/1225/2 7627/1226/2 7628/1227/2 7629/1228/2 7630/1229/2 7631/1230/2 7632/1231/2 7633/1232/2 7634/1233/2 7635/1234/2 7636/1235/2 7637/1236/2 7638/1237/2 7639/1238/2 7640/1239/2 7641/1240/2 

g Mesh158 GC200_1_61 ____2_t3_dwg1 Model

v 16749.7 -6504.08 -34115.9
v 16749.5 -6504.08 -34122.4
v 16749.7 -6504.08 -34129
v 16750.4 -6504.08 -34135.5
v 16751.4 -6504.08 -34141.9
v 16752.9 -6504.08 -34148.3
v 16754.8 -6504.08 -34154.6
v 16757.1 -6504.08 -34160.7
v 16759.8 -6504.08 -34166.7
v 16762.9 -6504.08 -34172.4
v 16766.4 -6504.08 -34178
v 16770.2 -6504.08 -34183.3
v 16774.3 -6504.08 -34188.4
v 16778.8 -6504.08 -34193.2
v 16783.6 -6504.08 -34197.6
v 16788.6 -6504.08 -34201.8
v 16794 -6504.08 -34205.6
v 16799.5 -6504.08 -34209
v 16805.3 -6504.08 -34212.1
v 16811.2 -6504.08 -34214.8
v 16817.4 -6504.08 -34217.1
v 16823.6 -6504.08 -34219
v 16830 -6504.08 -34220.5
v 16836.5 -6504.08 -34221.6
v 16843 -6504.08 -34222.2
v 16849.5 -6504.08 -34222.4
v 16856.1 -6504.08 -34222.2
v 16862.6 -6504.08 -34221.6
v 16869 -6504.08 -34220.5
v 16875.4 -6504.08 -34219
v 16881.7 -6504.08 -34217.1
v 16887.8 -6504.08 -34214.8
v 16893.8 -6504.08 -34212.1
v 16899.5 -6504.08 -34209
v 16905.1 -6504.08 -34205.6
v 16910.4 -6504.08 -34201.8
v 16915.5 -6504.08 -34197.6
v 16920.3 -6504.08 -34193.2
v 16924.7 -6504.08 -34188.4
v 16928.9 -6504.08 -34183.3
v 16932.7 -6504.08 -34178
v 16936.2 -6504.08 -34172.4
v 16939.2 -6504.08 -34166.7
v 16941.9 -6504.08 -34160.7
v 16944.2 -6504.08 -34154.6
v 16946.1 -6504.08 -34148.3
v 16947.6 -6504.08 -34141.9
v 16948.7 -6504.08 -34135.5
v 16949.3 -6504.08 -34129
v 16949.6 -6504.08 -34122.4
v 16949.3 -6504.08 -34115.9
v 16948.7 -6504.08 -34109.4
v 16947.6 -6504.08 -34102.9
v 16946.1 -6504.08 -34096.5
v 16944.2 -6504.08 -34090.3
v 16941.9 -6504.08 -34084.1
v 16939.2 -6504.08 -34078.2
v 16936.2 -6504.08 -34072.4
v 16932.7 -6504.08 -34066.9
v 16928.9 -6504.08 -34061.5
v 16924.7 -6504.08 -34056.5
v 16920.3 -6504.08 -34051.7
v 16915.5 -6504.08 -34047.2
v 16910.4 -6504.08 -34043.1
v 16905.1 -6504.08 -34039.3
v 16899.5 -6504.08 -34035.8
v 16893.8 -6504.08 -34032.7
v 16887.8 -6504.08 -34030
v 16881.7 -6504.08 -34027.7
v 16875.4 -6504.08 -34025.8
v 16869 -6504.08 -34024.3
v 16862.6 -6504.08 -34023.3
v 16856.1 -6504.08 -34022.6
v 16849.5 -6504.08 -34022.4
v 16843 -6504.08 -34022.6
v 16836.5 -6504.08 -34023.3
v 16830 -6504.08 -34024.3
v 16823.6 -6504.08 -34025.8
v 16817.4 -6504.08 -34027.7
v 16811.2 -6504.08 -34030
v 16805.3 -6504.08 -34032.7
v 16799.5 -6504.08 -34035.8
v 16794 -6504.08 -34039.3
v 16788.6 -6504.08 -34043.1
v 16783.6 -6504.08 -34047.2
v 16778.8 -6504.08 -34051.7
v 16774.3 -6504.08 -34056.5
v 16770.2 -6504.08 -34061.5
v 16766.4 -6504.08 -34066.9
v 16762.9 -6504.08 -34072.4
v 16759.8 -6504.08 -34078.2
v 16757.1 -6504.08 -34084.1
v 16754.8 -6504.08 -34090.3
v 16752.9 -6504.08 -34096.5
v 16751.4 -6504.08 -34102.9
v 16750.4 -6504.08 -34109.4
f 7642/1145/2 7643/1146/2 7644/1147/2 7645/1148/2 7646/1149/2 7647/1150/2 7648/1151/2 7649/1152/2 7650/1153/2 7651/1154/2 7652/1155/2 7653/1156/2 7654/1157/2 7655/1158/2 7656/1159/2 7657/1160/2 7658/1161/2 7659/1162/2 7660/1163/2 7661/1164/2 7662/1165/2 7663/1166/2 7664/1167/2 7665/1168/2 7666/1169/2 7667/1170/2 7668/1171/2 7669/1172/2 7670/1173/2 7671/1174/2 7672/1175/2 7673/1176/2 7674/1177/2 7675/1178/2 7676/1179/2 7677/1180/2 7678/1181/2 7679/1182/2 7680/1183/2 7681/1184/2 7682/1185/2 7683/1186/2 7684/1187/2 7685/1188/2 7686/1189/2 7687/1190/2 7688/1191/2 7689/1192/2 7690/1193/2 7691/1194/2 7692/1195/2 7693/1196/2 7694/1197/2 7695/1198/2 7696/1199/2 7697/1200/2 7698/1201/2 7699/1202/2 7700/1203/2 7701/1204/2 7702/1205/2 7703/1206/2 7704/1207/2 7705/1208/2 7706/1209/2 7707/1210/2 7708/1211/2 7709/1212/2 7710/1213/2 7711/1214/2 7712/1215/2 7713/1216/2 7714/1217/2 7715/1218/2 7716/1219/2 7717/1220/2 7718/1221/2 7719/1222/2 7720/1223/2 7721/1224/2 7722/1225/2 7723/1226/2 7724/1227/2 7725/1228/2 7726/1229/2 7727/1230/2 7728/1231/2 7729/1232/2 7730/1233/2 7731/1234/2 7732/1235/2 7733/1236/2 7734/1237/2 7735/1238/2 7736/1239/2 7737/1240/2 

g Mesh159 GC200_1_62 ____2_t3_dwg1 Model

v 16271.8 -6504.08 -21112.8
v 16271.5 -6504.08 -21119.3
v 16271.8 -6504.08 -21125.8
v 16272.4 -6504.08 -21132.4
v 16273.5 -6504.08 -21138.8
v 16275 -6504.08 -21145.2
v 16276.9 -6504.08 -21151.5
v 16279.2 -6504.08 -21157.6
v 16281.9 -6504.08 -21163.5
v 16285 -6504.08 -21169.3
v 16288.4 -6504.08 -21174.9
v 16292.2 -6504.08 -21180.2
v 16296.4 -6504.08 -21185.3
v 16300.8 -6504.08 -21190
v 16305.6 -6504.08 -21194.5
v 16310.7 -6504.08 -21198.7
v 16316 -6504.08 -21202.5
v 16321.6 -6504.08 -21205.9
v 16327.3 -6504.08 -21209
v 16333.3 -6504.08 -21211.7
v 16339.4 -6504.08 -21214
v 16345.7 -6504.08 -21215.9
v 16352.1 -6504.08 -21217.4
v 16358.5 -6504.08 -21218.5
v 16365 -6504.08 -21219.1
v 16371.6 -6504.08 -21219.3
v 16378.1 -6504.08 -21219.1
v 16384.6 -6504.08 -21218.5
v 16391.1 -6504.08 -21217.4
v 16397.5 -6504.08 -21215.9
v 16403.7 -6504.08 -21214
v 16409.9 -6504.08 -21211.7
v 16415.8 -6504.08 -21209
v 16421.6 -6504.08 -21205.9
v 16427.1 -6504.08 -21202.5
v 16432.5 -6504.08 -21198.7
v 16437.5 -6504.08 -21194.5
v 16442.3 -6504.08 -21190
v 16446.8 -6504.08 -21185.3
v 16450.9 -6504.08 -21180.2
v 16454.7 -6504.08 -21174.9
v 16458.2 -6504.08 -21169.3
v 16461.3 -6504.08 -21163.5
v 16464 -6504.08 -21157.6
v 16466.3 -6504.08 -21151.5
v 16468.2 -6504.08 -21145.2
v 16469.7 -6504.08 -21138.8
v 16470.7 -6504.08 -21132.4
v 16471.4 -6504.08 -21125.8
v 16471.6 -6504.08 -21119.3
v 16471.4 -6504.08 -21112.8
v 16470.7 -6504.08 -21106.2
v 16469.7 -6504.08 -21099.8
v 16468.2 -6504.08 -21093.4
v 16466.3 -6504.08 -21087.2
v 16464 -6504.08 -21081
v 16461.3 -6504.08 -21075.1
v 16458.2 -6504.08 -21069.3
v 16454.7 -6504.08 -21063.7
v 16450.9 -6504.08 -21058.4
v 16446.8 -6504.08 -21053.4
v 16442.3 -6504.08 -21048.6
v 16437.5 -6504.08 -21044.1
v 16432.5 -6504.08 -21039.9
v 16427.1 -6504.08 -21036.1
v 16421.6 -6504.08 -21032.7
v 16415.8 -6504.08 -21029.6
v 16409.9 -6504.08 -21026.9
v 16403.7 -6504.08 -21024.6
v 16397.5 -6504.08 -21022.7
v 16391.1 -6504.08 -21021.2
v 16384.6 -6504.08 -21020.1
v 16378.1 -6504.08 -21019.5
v 16371.6 -6504.08 -21019.3
v 16365 -6504.08 -21019.5
v 16358.5 -6504.08 -21020.1
v 16352.1 -6504.08 -21021.2
v 16345.7 -6504.08 -21022.7
v 16339.4 -6504.08 -21024.6
v 16333.3 -6504.08 -21026.9
v 16327.3 -6504.08 -21029.6
v 16321.6 -6504.08 -21032.7
v 16316 -6504.08 -21036.1
v 16310.7 -6504.08 -21039.9
v 16305.6 -6504.08 -21044.1
v 16300.8 -6504.08 -21048.6
v 16296.4 -6504.08 -21053.4
v 16292.2 -6504.08 -21058.4
v 16288.4 -6504.08 -21063.7
v 16285 -6504.08 -21069.3
v 16281.9 -6504.08 -21075.1
v 16279.2 -6504.08 -21081
v 16276.9 -6504.08 -21087.2
v 16275 -6504.08 -21093.4
v 16273.5 -6504.08 -21099.8
v 16272.4 -6504.08 -21106.2
f 7738/1145/2 7739/1146/2 7740/1147/2 7741/1148/2 7742/1149/2 7743/1150/2 7744/1151/2 7745/1152/2 7746/1153/2 7747/1154/2 7748/1155/2 7749/1156/2 7750/1157/2 7751/1158/2 7752/1159/2 7753/1160/2 7754/1161/2 7755/1162/2 7756/1163/2 7757/1164/2 7758/1165/2 7759/1166/2 7760/1167/2 7761/1168/2 7762/1169/2 7763/1170/2 7764/1171/2 7765/1172/2 7766/1173/2 7767/1174/2 7768/1175/2 7769/1176/2 7770/1177/2 7771/1178/2 7772/1179/2 7773/1180/2 7774/1181/2 7775/1182/2 7776/1183/2 7777/1184/2 7778/1185/2 7779/1186/2 7780/1187/2 7781/1188/2 7782/1189/2 7783/1190/2 7784/1191/2 7785/1192/2 7786/1193/2 7787/1194/2 7788/1195/2 7789/1196/2 7790/1197/2 7791/1198/2 7792/1199/2 7793/1200/2 7794/1201/2 7795/1202/2 7796/1203/2 7797/1204/2 7798/1205/2 7799/1206/2 7800/1207/2 7801/1208/2 7802/1209/2 7803/1210/2 7804/1211/2 7805/1212/2 7806/1213/2 7807/1214/2 7808/1215/2 7809/1216/2 7810/1217/2 7811/1218/2 7812/1219/2 7813/1220/2 7814/1221/2 7815/1222/2 7816/1223/2 7817/1224/2 7818/1225/2 7819/1226/2 7820/1227/2 7821/1228/2 7822/1229/2 7823/1230/2 7824/1231/2 7825/1232/2 7826/1233/2 7827/1234/2 7828/1235/2 7829/1236/2 7830/1237/2 7831/1238/2 7832/1239/2 7833/1240/2 

g Mesh160 GC200_1_63 ____2_t3_dwg1 Model

v 4637.66 -6504.08 -20328.7
v 4637.45 -6504.08 -20335.3
v 4637.66 -6504.08 -20341.8
v 4638.31 -6504.08 -20348.3
v 4639.37 -6504.08 -20354.8
v 4640.86 -6504.08 -20361.1
v 4642.76 -6504.08 -20367.4
v 4645.06 -6504.08 -20373.5
v 4647.77 -6504.08 -20379.5
v 4650.85 -6504.08 -20385.3
v 4654.31 -6504.08 -20390.8
v 4658.12 -6504.08 -20396.1
v 4662.27 -6504.08 -20401.2
v 4666.75 -6504.08 -20406
v 4671.52 -6504.08 -20410.5
v 4676.58 -6504.08 -20414.6
v 4681.9 -6504.08 -20418.4
v 4687.46 -6504.08 -20421.9
v 4693.24 -6504.08 -20425
v 4699.2 -6504.08 -20427.7
v 4705.32 -6504.08 -20430
v 4711.59 -6504.08 -20431.9
v 4717.96 -6504.08 -20433.4
v 4724.42 -6504.08 -20434.4
v 4730.93 -6504.08 -20435.1
v 4737.48 -6504.08 -20435.3
v 4744.02 -6504.08 -20435.1
v 4750.53 -6504.08 -20434.4
v 4756.99 -6504.08 -20433.4
v 4763.37 -6504.08 -20431.9
v 4769.63 -6504.08 -20430
v 4775.76 -6504.08 -20427.7
v 4781.72 -6504.08 -20425
v 4787.49 -6504.08 -20421.9
v 4793.05 -6504.08 -20418.4
v 4798.37 -6504.08 -20414.6
v 4803.43 -6504.08 -20410.5
v 4808.21 -6504.08 -20406
v 4812.68 -6504.08 -20401.2
v 4816.83 -6504.08 -20396.1
v 4820.65 -6504.08 -20390.8
v 4824.1 -6504.08 -20385.3
v 4827.19 -6504.08 -20379.5
v 4829.89 -6504.08 -20373.5
v 4832.2 -6504.08 -20367.4
v 4834.1 -6504.08 -20361.1
v 4835.58 -6504.08 -20354.8
v 4836.65 -6504.08 -20348.3
v 4837.29 -6504.08 -20341.8
v 4837.5 -6504.08 -20335.3
v 4837.29 -6504.08 -20328.7
v 4836.65 -6504.08 -20322.2
v 4835.58 -6504.08 -20315.7
v 4834.1 -6504.08 -20309.4
v 4832.2 -6504.08 -20303.1
v 4829.89 -6504.08 -20297
v 4827.19 -6504.08 -20291
v 4824.1 -6504.08 -20285.2
v 4820.65 -6504.08 -20279.7
v 4816.83 -6504.08 -20274.4
v 4812.68 -6504.08 -20269.3
v 4808.21 -6504.08 -20264.5
v 4803.43 -6504.08 -20260
v 4798.37 -6504.08 -20255.9
v 4793.05 -6504.08 -20252.1
v 4787.49 -6504.08 -20248.6
v 4781.72 -6504.08 -20245.5
v 4775.76 -6504.08 -20242.8
v 4769.63 -6504.08 -20240.5
v 4763.37 -6504.08 -20238.6
v 4756.99 -6504.08 -20237.1
v 4750.53 -6504.08 -20236.1
v 4744.02 -6504.08 -20235.4
v 4737.48 -6504.08 -20235.2
v 4730.93 -6504.08 -20235.4
v 4724.42 -6504.08 -20236.1
v 4717.96 -6504.08 -20237.1
v 4711.59 -6504.08 -20238.6
v 4705.32 -6504.08 -20240.5
v 4699.2 -6504.08 -20242.8
v 4693.24 -6504.08 -20245.5
v 4687.46 -6504.08 -20248.6
v 4681.9 -6504.08 -20252.1
v 4676.58 -6504.08 -20255.9
v 4671.52 -6504.08 -20260
v 4666.75 -6504.08 -20264.5
v 4662.27 -6504.08 -20269.3
v 4658.12 -6504.08 -20274.4
v 4654.31 -6504.08 -20279.7
v 4650.85 -6504.08 -20285.2
v 4647.77 -6504.08 -20291
v 4645.06 -6504.08 -20297
v 4642.76 -6504.08 -20303.1
v 4640.86 -6504.08 -20309.4
v 4639.37 -6504.08 -20315.7
v 4638.31 -6504.08 -20322.2
f 7834/1145/2 7835/1146/2 7836/1147/2 7837/1148/2 7838/1149/2 7839/1150/2 7840/1151/2 7841/1152/2 7842/1153/2 7843/1154/2 7844/1155/2 7845/1156/2 7846/1157/2 7847/1158/2 7848/1159/2 7849/1160/2 7850/1161/2 7851/1162/2 7852/1163/2 7853/1164/2 7854/1165/2 7855/1166/2 7856/1167/2 7857/1168/2 7858/1169/2 7859/1170/2 7860/1171/2 7861/1172/2 7862/1173/2 7863/1174/2 7864/1175/2 7865/1176/2 7866/1177/2 7867/1178/2 7868/1179/2 7869/1180/2 7870/1181/2 7871/1182/2 7872/1183/2 7873/1184/2 7874/1185/2 7875/1186/2 7876/1187/2 7877/1188/2 7878/1189/2 7879/1190/2 7880/1191/2 7881/1192/2 7882/1193/2 7883/1194/2 7884/1195/2 7885/1196/2 7886/1197/2 7887/1198/2 7888/1199/2 7889/1200/2 7890/1201/2 7891/1202/2 7892/1203/2 7893/1204/2 7894/1205/2 7895/1206/2 7896/1207/2 7897/1208/2 7898/1209/2 7899/1210/2 7900/1211/2 7901/1212/2 7902/1213/2 7903/1214/2 7904/1215/2 7905/1216/2 7906/1217/2 7907/1218/2 7908/1219/2 7909/1220/2 7910/1221/2 7911/1222/2 7912/1223/2 7913/1224/2 7914/1225/2 7915/1226/2 7916/1227/2 7917/1228/2 7918/1229/2 7919/1230/2 7920/1231/2 7921/1232/2 7922/1233/2 7923/1234/2 7924/1235/2 7925/1236/2 7926/1237/2 7927/1238/2 7928/1239/2 7929/1240/2 

g Mesh161 GC200_1_64 ____2_t3_dwg1 Model

v 38025.7 -6504.08 -42612.1
v 38025.5 -6504.08 -42618.7
v 38025.7 -6504.08 -42625.2
v 38026.3 -6504.08 -42631.7
v 38027.4 -6504.08 -42638.2
v 38028.9 -6504.08 -42644.6
v 38030.8 -6504.08 -42650.8
v 38033.1 -6504.08 -42656.9
v 38035.8 -6504.08 -42662.9
v 38038.9 -6504.08 -42668.7
v 38042.3 -6504.08 -42674.2
v 38046.1 -6504.08 -42679.6
v 38050.3 -6504.08 -42684.6
v 38054.8 -6504.08 -42689.4
v 38059.5 -6504.08 -42693.9
v 38064.6 -6504.08 -42698
v 38069.9 -6504.08 -42701.8
v 38075.5 -6504.08 -42705.3
v 38081.2 -6504.08 -42708.4
v 38087.2 -6504.08 -42711.1
v 38093.3 -6504.08 -42713.4
v 38099.6 -6504.08 -42715.3
v 38106 -6504.08 -42716.8
v 38112.4 -6504.08 -42717.8
v 38118.9 -6504.08 -42718.5
v 38125.5 -6504.08 -42718.7
v 38132 -6504.08 -42718.5
v 38138.5 -6504.08 -42717.8
v 38145 -6504.08 -42716.8
v 38151.4 -6504.08 -42715.3
v 38157.6 -6504.08 -42713.4
v 38163.8 -6504.08 -42711.1
v 38169.7 -6504.08 -42708.4
v 38175.5 -6504.08 -42705.3
v 38181.1 -6504.08 -42701.8
v 38186.4 -6504.08 -42698
v 38191.4 -6504.08 -42693.9
v 38196.2 -6504.08 -42689.4
v 38200.7 -6504.08 -42684.6
v 38204.8 -6504.08 -42679.6
v 38208.7 -6504.08 -42674.2
v 38212.1 -6504.08 -42668.7
v 38215.2 -6504.08 -42662.9
v 38217.9 -6504.08 -42656.9
v 38220.2 -6504.08 -42650.8
v 38222.1 -6504.08 -42644.6
v 38223.6 -6504.08 -42638.2
v 38224.7 -6504.08 -42631.7
v 38225.3 -6504.08 -42625.2
v 38225.5 -6504.08 -42618.7
v 38225.3 -6504.08 -42612.1
v 38224.7 -6504.08 -42605.6
v 38223.6 -6504.08 -42599.1
v 38222.1 -6504.08 -42592.8
v 38220.2 -6504.08 -42586.5
v 38217.9 -6504.08 -42580.4
v 38215.2 -6504.08 -42574.4
v 38212.1 -6504.08 -42568.6
v 38208.7 -6504.08 -42563.1
v 38204.8 -6504.08 -42557.8
v 38200.7 -6504.08 -42552.7
v 38196.2 -6504.08 -42547.9
v 38191.4 -6504.08 -42543.5
v 38186.4 -6504.08 -42539.3
v 38181.1 -6504.08 -42535.5
v 38175.5 -6504.08 -42532
v 38169.7 -6504.08 -42529
v 38163.8 -6504.08 -42526.2
v 38157.6 -6504.08 -42523.9
v 38151.4 -6504.08 -42522
v 38145 -6504.08 -42520.6
v 38138.5 -6504.08 -42519.5
v 38132 -6504.08 -42518.8
v 38125.5 -6504.08 -42518.6
v 38118.9 -6504.08 -42518.8
v 38112.4 -6504.08 -42519.5
v 38106 -6504.08 -42520.6
v 38099.6 -6504.08 -42522
v 38093.3 -6504.08 -42523.9
v 38087.2 -6504.08 -42526.2
v 38081.2 -6504.08 -42529
v 38075.5 -6504.08 -42532
v 38069.9 -6504.08 -42535.5
v 38064.6 -6504.08 -42539.3
v 38059.5 -6504.08 -42543.5
v 38054.8 -6504.08 -42547.9
v 38050.3 -6504.08 -42552.7
v 38046.1 -6504.08 -42557.8
v 38042.3 -6504.08 -42563.1
v 38038.9 -6504.08 -42568.6
v 38035.8 -6504.08 -42574.4
v 38033.1 -6504.08 -42580.4
v 38030.8 -6504.08 -42586.5
v 38028.9 -6504.08 -42592.8
v 38027.4 -6504.08 -42599.1
v 38026.3 -6504.08 -42605.6
f 7930/1145/2 7931/1146/2 7932/1147/2 7933/1148/2 7934/1149/2 7935/1150/2 7936/1151/2 7937/1152/2 7938/1153/2 7939/1154/2 7940/1155/2 7941/1156/2 7942/1157/2 7943/1158/2 7944/1159/2 7945/1160/2 7946/1161/2 7947/1162/2 7948/1163/2 7949/1164/2 7950/1165/2 7951/1166/2 7952/1167/2 7953/1168/2 7954/1169/2 7955/1170/2 7956/1171/2 7957/1172/2 7958/1173/2 7959/1174/2 7960/1175/2 7961/1176/2 7962/1177/2 7963/1178/2 7964/1179/2 7965/1180/2 7966/1181/2 7967/1182/2 7968/1183/2 7969/1184/2 7970/1185/2 7971/1186/2 7972/1187/2 7973/1188/2 7974/1189/2 7975/1190/2 7976/1191/2 7977/1192/2 7978/1193/2 7979/1194/2 7980/1195/2 7981/1196/2 7982/1197/2 7983/1198/2 7984/1199/2 7985/1200/2 7986/1201/2 7987/1202/2 7988/1203/2 7989/1204/2 7990/1205/2 7991/1206/2 7992/1207/2 7993/1208/2 7994/1209/2 7995/1210/2 7996/1211/2 7997/1212/2 7998/1213/2 7999/1214/2 8000/1215/2 8001/1216/2 8002/1217/2 8003/1218/2 8004/1219/2 8005/1220/2 8006/1221/2 8007/1222/2 8008/1223/2 8009/1224/2 8010/1225/2 8011/1226/2 8012/1227/2 8013/1228/2 8014/1229/2 8015/1230/2 8016/1231/2 8017/1232/2 8018/1233/2 8019/1234/2 8020/1235/2 8021/1236/2 8022/1237/2 8023/1238/2 8024/1239/2 8025/1240/2 

g Mesh162 GC200_1_65 ____2_t3_dwg1 Model

v 35503.9 -6504.08 -26125.9
v 35503.7 -6504.08 -26132.4
v 35503.9 -6504.08 -26139
v 35504.6 -6504.08 -26145.5
v 35505.6 -6504.08 -26151.9
v 35507.1 -6504.08 -26158.3
v 35509 -6504.08 -26164.6
v 35511.3 -6504.08 -26170.7
v 35514 -6504.08 -26176.7
v 35517.1 -6504.08 -26182.4
v 35520.6 -6504.08 -26188
v 35524.4 -6504.08 -26193.3
v 35528.5 -6504.08 -26198.4
v 35533 -6504.08 -26203.2
v 35537.8 -6504.08 -26207.6
v 35542.8 -6504.08 -26211.8
v 35548.2 -6504.08 -26215.6
v 35553.7 -6504.08 -26219.1
v 35559.5 -6504.08 -26222.1
v 35565.4 -6504.08 -26224.8
v 35571.6 -6504.08 -26227.1
v 35577.8 -6504.08 -26229
v 35584.2 -6504.08 -26230.5
v 35590.7 -6504.08 -26231.6
v 35597.2 -6504.08 -26232.2
v 35603.7 -6504.08 -26232.5
v 35610.3 -6504.08 -26232.2
v 35616.8 -6504.08 -26231.6
v 35623.2 -6504.08 -26230.5
v 35629.6 -6504.08 -26229
v 35635.9 -6504.08 -26227.1
v 35642 -6504.08 -26224.8
v 35648 -6504.08 -26222.1
v 35653.7 -6504.08 -26219.1
v 35659.3 -6504.08 -26215.6
v 35664.6 -6504.08 -26211.8
v 35669.7 -6504.08 -26207.6
v 35674.5 -6504.08 -26203.2
v 35678.9 -6504.08 -26198.4
v 35683.1 -6504.08 -26193.3
v 35686.9 -6504.08 -26188
v 35690.4 -6504.08 -26182.4
v 35693.4 -6504.08 -26176.7
v 35696.1 -6504.08 -26170.7
v 35698.4 -6504.08 -26164.6
v 35700.3 -6504.08 -26158.3
v 35701.8 -6504.08 -26151.9
v 35702.9 -6504.08 -26145.5
v 35703.5 -6504.08 -26139
v 35703.8 -6504.08 -26132.4
v 35703.5 -6504.08 -26125.9
v 35702.9 -6504.08 -26119.4
v 35701.8 -6504.08 -26112.9
v 35700.3 -6504.08 -26106.5
v 35698.4 -6504.08 -26100.3
v 35696.1 -6504.08 -26094.1
v 35693.4 -6504.08 -26088.2
v 35690.4 -6504.08 -26082.4
v 35686.9 -6504.08 -26076.9
v 35683.1 -6504.08 -26071.5
v 35678.9 -6504.08 -26066.5
v 35674.5 -6504.08 -26061.7
v 35669.7 -6504.08 -26057.2
v 35664.6 -6504.08 -26053.1
v 35659.3 -6504.08 -26049.3
v 35653.7 -6504.08 -26045.8
v 35648 -6504.08 -26042.7
v 35642 -6504.08 -26040
v 35635.9 -6504.08 -26037.7
v 35629.6 -6504.08 -26035.8
v 35623.2 -6504.08 -26034.3
v 35616.8 -6504.08 -26033.3
v 35610.3 -6504.08 -26032.6
v 35603.7 -6504.08 -26032.4
v 35597.2 -6504.08 -26032.6
v 35590.7 -6504.08 -26033.3
v 35584.2 -6504.08 -26034.3
v 35577.8 -6504.08 -26035.8
v 35571.6 -6504.08 -26037.7
v 35565.4 -6504.08 -26040
v 35559.5 -6504.08 -26042.7
v 35553.7 -6504.08 -26045.8
v 35548.2 -6504.08 -26049.3
v 35542.8 -6504.08 -26053.1
v 35537.8 -6504.08 -26057.2
v 35533 -6504.08 -26061.7
v 35528.5 -6504.08 -26066.5
v 35524.4 -6504.08 -26071.5
v 35520.6 -6504.08 -26076.9
v 35517.1 -6504.08 -26082.4
v 35514 -6504.08 -26088.2
v 35511.3 -6504.08 -26094.1
v 35509 -6504.08 -26100.3
v 35507.1 -6504.08 -26106.5
v 35505.6 -6504.08 -26112.9
v 35504.6 -6504.08 -26119.4
f 8026/1145/2 8027/1146/2 8028/1147/2 8029/1148/2 8030/1149/2 8031/1150/2 8032/1151/2 8033/1152/2 8034/1153/2 8035/1154/2 8036/1155/2 8037/1156/2 8038/1157/2 8039/1158/2 8040/1159/2 8041/1160/2 8042/1161/2 8043/1162/2 8044/1163/2 8045/1164/2 8046/1165/2 8047/1166/2 8048/1167/2 8049/1168/2 8050/1169/2 8051/1170/2 8052/1171/2 8053/1172/2 8054/1173/2 8055/1174/2 8056/1175/2 8057/1176/2 8058/1177/2 8059/1178/2 8060/1179/2 8061/1180/2 8062/1181/2 8063/1182/2 8064/1183/2 8065/1184/2 8066/1185/2 8067/1186/2 8068/1187/2 8069/1188/2 8070/1189/2 8071/1190/2 8072/1191/2 8073/1192/2 8074/1193/2 8075/1194/2 8076/1195/2 8077/1196/2 8078/1197/2 8079/1198/2 8080/1199/2 8081/1200/2 8082/1201/2 8083/1202/2 8084/1203/2 8085/1204/2 8086/1205/2 8087/1206/2 8088/1207/2 8089/1208/2 8090/1209/2 8091/1210/2 8092/1211/2 8093/1212/2 8094/1213/2 8095/1214/2 8096/1215/2 8097/1216/2 8098/1217/2 8099/1218/2 8100/1219/2 8101/1220/2 8102/1221/2 8103/1222/2 8104/1223/2 8105/1224/2 8106/1225/2 8107/1226/2 8108/1227/2 8109/1228/2 8110/1229/2 8111/1230/2 8112/1231/2 8113/1232/2 8114/1233/2 8115/1234/2 8116/1235/2 8117/1236/2 8118/1237/2 8119/1238/2 8120/1239/2 8121/1240/2 

g Mesh163 GC200_1_66 ____2_t3_dwg1 Model

v 49425.2 -6504.08 -22119.9
v 49425 -6504.08 -22126.4
v 49425.2 -6504.08 -22133
v 49425.9 -6504.08 -22139.5
v 49426.9 -6504.08 -22146
v 49428.4 -6504.08 -22152.3
v 49430.3 -6504.08 -22158.6
v 49432.6 -6504.08 -22164.7
v 49435.3 -6504.08 -22170.7
v 49438.4 -6504.08 -22176.5
v 49441.9 -6504.08 -22182
v 49445.7 -6504.08 -22187.3
v 49449.8 -6504.08 -22192.4
v 49454.3 -6504.08 -22197.2
v 49459.1 -6504.08 -22201.7
v 49464.2 -6504.08 -22205.8
v 49469.5 -6504.08 -22209.6
v 49475 -6504.08 -22213.1
v 49480.8 -6504.08 -22216.2
v 49486.8 -6504.08 -22218.9
v 49492.9 -6504.08 -22221.2
v 49499.2 -6504.08 -22223.1
v 49505.5 -6504.08 -22224.6
v 49512 -6504.08 -22225.6
v 49518.5 -6504.08 -22226.3
v 49525 -6504.08 -22226.5
v 49531.6 -6504.08 -22226.3
v 49538.1 -6504.08 -22225.6
v 49544.6 -6504.08 -22224.6
v 49550.9 -6504.08 -22223.1
v 49557.2 -6504.08 -22221.2
v 49563.3 -6504.08 -22218.9
v 49569.3 -6504.08 -22216.2
v 49575.1 -6504.08 -22213.1
v 49580.6 -6504.08 -22209.6
v 49585.9 -6504.08 -22205.8
v 49591 -6504.08 -22201.7
v 49595.8 -6504.08 -22197.2
v 49600.2 -6504.08 -22192.4
v 49604.4 -6504.08 -22187.3
v 49608.2 -6504.08 -22182
v 49611.7 -6504.08 -22176.5
v 49614.8 -6504.08 -22170.7
v 49617.5 -6504.08 -22164.7
v 49619.8 -6504.08 -22158.6
v 49621.7 -6504.08 -22152.3
v 49623.1 -6504.08 -22146
v 49624.2 -6504.08 -22139.5
v 49624.9 -6504.08 -22133
v 49625.1 -6504.08 -22126.4
v 49624.9 -6504.08 -22119.9
v 49624.2 -6504.08 -22113.4
v 49623.1 -6504.08 -22106.9
v 49621.7 -6504.08 -22100.6
v 49619.8 -6504.08 -22094.3
v 49617.5 -6504.08 -22088.2
v 49614.8 -6504.08 -22082.2
v 49611.7 -6504.08 -22076.4
v 49608.2 -6504.08 -22070.9
v 49604.4 -6504.08 -22065.6
v 49600.2 -6504.08 -22060.5
v 49595.8 -6504.08 -22055.7
v 49591 -6504.08 -22051.2
v 49585.9 -6504.08 -22047.1
v 49580.6 -6504.08 -22043.3
v 49575.1 -6504.08 -22039.8
v 49569.3 -6504.08 -22036.7
v 49563.3 -6504.08 -22034
v 49557.2 -6504.08 -22031.7
v 49550.9 -6504.08 -22029.8
v 49544.6 -6504.08 -22028.3
v 49538.1 -6504.08 -22027.3
v 49531.6 -6504.08 -22026.6
v 49525 -6504.08 -22026.4
v 49518.5 -6504.08 -22026.6
v 49512 -6504.08 -22027.3
v 49505.5 -6504.08 -22028.3
v 49499.2 -6504.08 -22029.8
v 49492.9 -6504.08 -22031.7
v 49486.8 -6504.08 -22034
v 49480.8 -6504.08 -22036.7
v 49475 -6504.08 -22039.8
v 49469.5 -6504.08 -22043.3
v 49464.2 -6504.08 -22047.1
v 49459.1 -6504.08 -22051.2
v 49454.3 -6504.08 -22055.7
v 49449.8 -6504.08 -22060.5
v 49445.7 -6504.08 -22065.6
v 49441.9 -6504.08 -22070.9
v 49438.4 -6504.08 -22076.4
v 49435.3 -6504.08 -22082.2
v 49432.6 -6504.08 -22088.2
v 49430.3 -6504.08 -22094.3
v 49428.4 -6504.08 -22100.6
v 49426.9 -6504.08 -22106.9
v 49425.9 -6504.08 -22113.4
f 8122/1145/2 8123/1146/2 8124/1147/2 8125/1148/2 8126/1149/2 8127/1150/2 8128/1151/2 8129/1152/2 8130/1153/2 8131/1154/2 8132/1155/2 8133/1156/2 8134/1157/2 8135/1158/2 8136/1159/2 8137/1160/2 8138/1161/2 8139/1162/2 8140/1163/2 8141/1164/2 8142/1165/2 8143/1166/2 8144/1167/2 8145/1168/2 8146/1169/2 8147/1170/2 8148/1171/2 8149/1172/2 8150/1173/2 8151/1174/2 8152/1175/2 8153/1176/2 8154/1177/2 8155/1178/2 8156/1179/2 8157/1180/2 8158/1181/2 8159/1182/2 8160/1183/2 8161/1184/2 8162/1185/2 8163/1186/2 8164/1187/2 8165/1188/2 8166/1189/2 8167/1190/2 8168/1191/2 8169/1192/2 8170/1193/2 8171/1194/2 8172/1195/2 8173/1196/2 8174/1197/2 8175/1198/2 8176/1199/2 8177/1200/2 8178/1201/2 8179/1202/2 8180/1203/2 8181/1204/2 8182/1205/2 8183/1206/2 8184/1207/2 8185/1208/2 8186/1209/2 8187/1210/2 8188/1211/2 8189/1212/2 8190/1213/2 8191/1214/2 8192/1215/2 8193/1216/2 8194/1217/2 8195/1218/2 8196/1219/2 8197/1220/2 8198/1221/2 8199/1222/2 8200/1223/2 8201/1224/2 8202/1225/2 8203/1226/2 8204/1227/2 8205/1228/2 8206/1229/2 8207/1230/2 8208/1231/2 8209/1232/2 8210/1233/2 8211/1234/2 8212/1235/2 8213/1236/2 8214/1237/2 8215/1238/2 8216/1239/2 8217/1240/2 

g Mesh164 GC200_1_67 ____2_t3_dwg1 Model

v 50519.8 -6504.08 -93306.5
v 50519.6 -6504.08 -93313.1
v 50519.8 -6504.08 -93319.6
v 50520.4 -6504.08 -93326.1
v 50521.5 -6504.08 -93332.6
v 50523 -6504.08 -93339
v 50524.9 -6504.08 -93345.2
v 50527.2 -6504.08 -93351.4
v 50529.9 -6504.08 -93357.3
v 50533 -6504.08 -93363.1
v 50536.4 -6504.08 -93368.7
v 50540.2 -6504.08 -93374
v 50544.4 -6504.08 -93379
v 50548.9 -6504.08 -93383.8
v 50553.6 -6504.08 -93388.3
v 50558.7 -6504.08 -93392.4
v 50564 -6504.08 -93396.3
v 50569.6 -6504.08 -93399.7
v 50575.3 -6504.08 -93402.8
v 50581.3 -6504.08 -93405.5
v 50587.4 -6504.08 -93407.8
v 50593.7 -6504.08 -93409.7
v 50600.1 -6504.08 -93411.2
v 50606.5 -6504.08 -93412.3
v 50613 -6504.08 -93412.9
v 50619.6 -6504.08 -93413.1
v 50626.1 -6504.08 -93412.9
v 50632.6 -6504.08 -93412.3
v 50639.1 -6504.08 -93411.2
v 50645.5 -6504.08 -93409.7
v 50651.7 -6504.08 -93407.8
v 50657.9 -6504.08 -93405.5
v 50663.8 -6504.08 -93402.8
v 50669.6 -6504.08 -93399.7
v 50675.2 -6504.08 -93396.3
v 50680.5 -6504.08 -93392.4
v 50685.5 -6504.08 -93388.3
v 50690.3 -6504.08 -93383.8
v 50694.8 -6504.08 -93379
v 50698.9 -6504.08 -93374
v 50702.8 -6504.08 -93368.7
v 50706.2 -6504.08 -93363.1
v 50709.3 -6504.08 -93357.3
v 50712 -6504.08 -93351.4
v 50714.3 -6504.08 -93345.2
v 50716.2 -6504.08 -93339
v 50717.7 -6504.08 -93332.6
v 50718.8 -6504.08 -93326.1
v 50719.4 -6504.08 -93319.6
v 50719.6 -6504.08 -93313.1
v 50719.4 -6504.08 -93306.5
v 50718.8 -6504.08 -93300
v 50717.7 -6504.08 -93293.6
v 50716.2 -6504.08 -93287.2
v 50714.3 -6504.08 -93280.9
v 50712 -6504.08 -93274.8
v 50709.3 -6504.08 -93268.8
v 50706.2 -6504.08 -93263.1
v 50702.8 -6504.08 -93257.5
v 50698.9 -6504.08 -93252.2
v 50694.8 -6504.08 -93247.1
v 50690.3 -6504.08 -93242.4
v 50685.5 -6504.08 -93237.9
v 50680.5 -6504.08 -93233.7
v 50675.2 -6504.08 -93229.9
v 50669.6 -6504.08 -93226.5
v 50663.8 -6504.08 -93223.4
v 50657.9 -6504.08 -93220.7
v 50651.7 -6504.08 -93218.4
v 50645.5 -6504.08 -93216.5
v 50639.1 -6504.08 -93215
v 50632.6 -6504.08 -93213.9
v 50626.1 -6504.08 -93213.3
v 50619.6 -6504.08 -93213.1
v 50613 -6504.08 -93213.3
v 50606.5 -6504.08 -93213.9
v 50600.1 -6504.08 -93215
v 50593.7 -6504.08 -93216.5
v 50587.4 -6504.08 -93218.4
v 50581.3 -6504.08 -93220.7
v 50575.3 -6504.08 -93223.4
v 50569.6 -6504.08 -93226.5
v 50564 -6504.08 -93229.9
v 50558.7 -6504.08 -93233.7
v 50553.6 -6504.08 -93237.9
v 50548.9 -6504.08 -93242.4
v 50544.4 -6504.08 -93247.1
v 50540.2 -6504.08 -93252.2
v 50536.4 -6504.08 -93257.5
v 50533 -6504.08 -93263.1
v 50529.9 -6504.08 -93268.8
v 50527.2 -6504.08 -93274.8
v 50524.9 -6504.08 -93280.9
v 50523 -6504.08 -93287.2
v 50521.5 -6504.08 -93293.6
v 50520.4 -6504.08 -93300
f 8218/1145/2 8219/1146/2 8220/1147/2 8221/1148/2 8222/1149/2 8223/1150/2 8224/1151/2 8225/1152/2 8226/1153/2 8227/1154/2 8228/1155/2 8229/1156/2 8230/1157/2 8231/1158/2 8232/1159/2 8233/1160/2 8234/1161/2 8235/1162/2 8236/1163/2 8237/1164/2 8238/1165/2 8239/1166/2 8240/1167/2 8241/1168/2 8242/1169/2 8243/1170/2 8244/1171/2 8245/1172/2 8246/1173/2 8247/1174/2 8248/1175/2 8249/1176/2 8250/1177/2 8251/1178/2 8252/1179/2 8253/1180/2 8254/1181/2 8255/1182/2 8256/1183/2 8257/1184/2 8258/1185/2 8259/1186/2 8260/1187/2 8261/1188/2 8262/1189/2 8263/1190/2 8264/1191/2 8265/1192/2 8266/1193/2 8267/1194/2 8268/1195/2 8269/1196/2 8270/1197/2 8271/1198/2 8272/1199/2 8273/1200/2 8274/1201/2 8275/1202/2 8276/1203/2 8277/1204/2 8278/1205/2 8279/1206/2 8280/1207/2 8281/1208/2 8282/1209/2 8283/1210/2 8284/1211/2 8285/1212/2 8286/1213/2 8287/1214/2 8288/1215/2 8289/1216/2 8290/1217/2 8291/1218/2 8292/1219/2 8293/1220/2 8294/1221/2 8295/1222/2 8296/1223/2 8297/1224/2 8298/1225/2 8299/1226/2 8300/1227/2 8301/1228/2 8302/1229/2 8303/1230/2 8304/1231/2 8305/1232/2 8306/1233/2 8307/1234/2 8308/1235/2 8309/1236/2 8310/1237/2 8311/1238/2 8312/1239/2 8313/1240/2 

g Mesh165 GC200_1_68 ____2_t3_dwg1 Model

v 8034.42 -6504.08 -87713.3
v 8034.21 -6504.08 -87719.9
v 8034.42 -6504.08 -87726.4
v 8035.06 -6504.08 -87732.9
v 8036.13 -6504.08 -87739.4
v 8037.61 -6504.08 -87745.7
v 8039.51 -6504.08 -87752
v 8041.82 -6504.08 -87758.1
v 8044.52 -6504.08 -87764.1
v 8047.61 -6504.08 -87769.9
v 8051.06 -6504.08 -87775.4
v 8054.88 -6504.08 -87780.8
v 8059.03 -6504.08 -87785.8
v 8063.5 -6504.08 -87790.6
v 8068.28 -6504.08 -87795.1
v 8073.34 -6504.08 -87799.2
v 8078.66 -6504.08 -87803
v 8084.22 -6504.08 -87806.5
v 8089.99 -6504.08 -87809.6
v 8095.95 -6504.08 -87812.3
v 8102.08 -6504.08 -87814.6
v 8108.34 -6504.08 -87816.5
v 8114.72 -6504.08 -87818
v 8121.18 -6504.08 -87819
v 8127.69 -6504.08 -87819.7
v 8134.23 -6504.08 -87819.9
v 8140.77 -6504.08 -87819.7
v 8147.29 -6504.08 -87819
v 8153.75 -6504.08 -87818
v 8160.12 -6504.08 -87816.5
v 8166.38 -6504.08 -87814.6
v 8172.51 -6504.08 -87812.3
v 8178.47 -6504.08 -87809.6
v 8184.25 -6504.08 -87806.5
v 8189.8 -6504.08 -87803
v 8195.12 -6504.08 -87799.2
v 8200.18 -6504.08 -87795.1
v 8204.96 -6504.08 -87790.6
v 8209.44 -6504.08 -87785.8
v 8213.59 -6504.08 -87780.8
v 8217.4 -6504.08 -87775.4
v 8220.86 -6504.08 -87769.9
v 8223.94 -6504.08 -87764.1
v 8226.65 -6504.08 -87758.1
v 8228.95 -6504.08 -87752
v 8230.85 -6504.08 -87745.7
v 8232.34 -6504.08 -87739.4
v 8233.4 -6504.08 -87732.9
v 8234.04 -6504.08 -87726.4
v 8234.26 -6504.08 -87719.9
v 8234.04 -6504.08 -87713.3
v 8233.4 -6504.08 -87706.8
v 8232.34 -6504.08 -87700.3
v 8230.85 -6504.08 -87694
v 8228.95 -6504.08 -87687.7
v 8226.65 -6504.08 -87681.6
v 8223.94 -6504.08 -87675.6
v 8220.86 -6504.08 -87669.8
v 8217.4 -6504.08 -87664.3
v 8213.59 -6504.08 -87659
v 8209.44 -6504.08 -87653.9
v 8204.96 -6504.08 -87649.1
v 8200.18 -6504.08 -87644.7
v 8195.12 -6504.08 -87640.5
v 8189.8 -6504.08 -87636.7
v 8184.25 -6504.08 -87633.2
v 8178.47 -6504.08 -87630.1
v 8172.51 -6504.08 -87627.4
v 8166.38 -6504.08 -87625.1
v 8160.12 -6504.08 -87623.2
v 8153.75 -6504.08 -87621.8
v 8147.29 -6504.08 -87620.7
v 8140.77 -6504.08 -87620
v 8134.23 -6504.08 -87619.8
v 8127.69 -6504.08 -87620
v 8121.18 -6504.08 -87620.7
v 8114.72 -6504.08 -87621.8
v 8108.34 -6504.08 -87623.2
v 8102.08 -6504.08 -87625.1
v 8095.95 -6504.08 -87627.4
v 8089.99 -6504.08 -87630.1
v 8084.22 -6504.08 -87633.2
v 8078.66 -6504.08 -87636.7
v 8073.34 -6504.08 -87640.5
v 8068.28 -6504.08 -87644.7
v 8063.5 -6504.08 -87649.1
v 8059.03 -6504.08 -87653.9
v 8054.88 -6504.08 -87659
v 8051.06 -6504.08 -87664.3
v 8047.61 -6504.08 -87669.8
v 8044.52 -6504.08 -87675.6
v 8041.82 -6504.08 -87681.6
v 8039.51 -6504.08 -87687.7
v 8037.61 -6504.08 -87694
v 8036.13 -6504.08 -87700.3
v 8035.06 -6504.08 -87706.8
f 8314/1145/2 8315/1146/2 8316/1147/2 8317/1148/2 8318/1149/2 8319/1150/2 8320/1151/2 8321/1152/2 8322/1153/2 8323/1154/2 8324/1155/2 8325/1156/2 8326/1157/2 8327/1158/2 8328/1159/2 8329/1160/2 8330/1161/2 8331/1162/2 8332/1163/2 8333/1164/2 8334/1165/2 8335/1166/2 8336/1167/2 8337/1168/2 8338/1169/2 8339/1170/2 8340/1171/2 8341/1172/2 8342/1173/2 8343/1174/2 8344/1175/2 8345/1176/2 8346/1177/2 8347/1178/2 8348/1179/2 8349/1180/2 8350/1181/2 8351/1182/2 8352/1183/2 8353/1184/2 8354/1185/2 8355/1186/2 8356/1187/2 8357/1188/2 8358/1189/2 8359/1190/2 8360/1191/2 8361/1192/2 8362/1193/2 8363/1194/2 8364/1195/2 8365/1196/2 8366/1197/2 8367/1198/2 8368/1199/2 8369/1200/2 8370/1201/2 8371/1202/2 8372/1203/2 8373/1204/2 8374/1205/2 8375/1206/2 8376/1207/2 8377/1208/2 8378/1209/2 8379/1210/2 8380/1211/2 8381/1212/2 8382/1213/2 8383/1214/2 8384/1215/2 8385/1216/2 8386/1217/2 8387/1218/2 8388/1219/2 8389/1220/2 8390/1221/2 8391/1222/2 8392/1223/2 8393/1224/2 8394/1225/2 8395/1226/2 8396/1227/2 8397/1228/2 8398/1229/2 8399/1230/2 8400/1231/2 8401/1232/2 8402/1233/2 8403/1234/2 8404/1235/2 8405/1236/2 8406/1237/2 8407/1238/2 8408/1239/2 8409/1240/2 

g Mesh166 GC200_1_69 ____2_t3_dwg1 Model

v 269.174 -6504.08 -101469
v 269.121 -6504.08 -101471
v 269.174 -6504.08 -101472
v 269.335 -6504.08 -101474
v 269.601 -6504.08 -101476
v 269.973 -6504.08 -101477
v 270.448 -6504.08 -101479
v 271.024 -6504.08 -101480
v 271.7 -6504.08 -101482
v 272.471 -6504.08 -101483
v 273.335 -6504.08 -101485
v 274.288 -6504.08 -101486
v 275.326 -6504.08 -101487
v 276.445 -6504.08 -101488
v 277.639 -6504.08 -101490
v 278.904 -6504.08 -101491
v 280.234 -6504.08 -101492
v 281.624 -6504.08 -101492
v 283.067 -6504.08 -101493
v 284.558 -6504.08 -101494
v 286.089 -6504.08 -101494
v 287.655 -6504.08 -101495
v 289.249 -6504.08 -101495
v 290.863 -6504.08 -101496
v 292.492 -6504.08 -101496
v 294.127 -6504.08 -101496
v 295.763 -6504.08 -101496
v 297.391 -6504.08 -101496
v 299.006 -6504.08 -101495
v 300.6 -6504.08 -101495
v 302.166 -6504.08 -101494
v 303.697 -6504.08 -101494
v 305.188 -6504.08 -101493
v 306.631 -6504.08 -101492
v 308.02 -6504.08 -101492
v 309.351 -6504.08 -101491
v 310.616 -6504.08 -101490
v 311.81 -6504.08 -101488
v 312.928 -6504.08 -101487
v 313.967 -6504.08 -101486
v 314.92 -6504.08 -101485
v 315.784 -6504.08 -101483
v 316.555 -6504.08 -101482
v 317.231 -6504.08 -101480
v 317.807 -6504.08 -101479
v 318.282 -6504.08 -101477
v 318.654 -6504.08 -101476
v 318.92 -6504.08 -101474
v 319.081 -6504.08 -101472
v 319.134 -6504.08 -101471
v 319.081 -6504.08 -101469
v 318.92 -6504.08 -101468
v 318.654 -6504.08 -101466
v 318.282 -6504.08 -101464
v 317.807 -6504.08 -101463
v 317.231 -6504.08 -101461
v 316.555 -6504.08 -101460
v 315.784 -6504.08 -101458
v 314.92 -6504.08 -101457
v 313.967 -6504.08 -101456
v 312.928 -6504.08 -101454
v 311.81 -6504.08 -101453
v 310.616 -6504.08 -101452
v 309.351 -6504.08 -101451
v 308.02 -6504.08 -101450
v 306.631 -6504.08 -101449
v 305.188 -6504.08 -101448
v 303.697 -6504.08 -101448
v 302.166 -6504.08 -101447
v 300.6 -6504.08 -101447
v 299.006 -6504.08 -101446
v 297.391 -6504.08 -101446
v 295.763 -6504.08 -101446
v 294.127 -6504.08 -101446
v 292.492 -6504.08 -101446
v 290.863 -6504.08 -101446
v 289.249 -6504.08 -101446
v 287.655 -6504.08 -101447
v 286.089 -6504.08 -101447
v 284.558 -6504.08 -101448
v 283.067 -6504.08 -101448
v 281.624 -6504.08 -101449
v 280.234 -6504.08 -101450
v 278.904 -6504.08 -101451
v 277.639 -6504.08 -101452
v 276.445 -6504.08 -101453
v 275.326 -6504.08 -101454
v 274.288 -6504.08 -101456
v 273.335 -6504.08 -101457
v 272.471 -6504.08 -101458
v 271.7 -6504.08 -101460
v 271.024 -6504.08 -101461
v 270.448 -6504.08 -101463
v 269.973 -6504.08 -101464
v 269.601 -6504.08 -101466
v 269.335 -6504.08 -101468
f 8410/1145/2 8411/1146/2 8412/1147/2 8413/1148/2 8414/1149/2 8415/1150/2 8416/1151/2 8417/1152/2 8418/1153/2 8419/1154/2 8420/1155/2 8421/1156/2 8422/1157/2 8423/1158/2 8424/1159/2 8425/1160/2 8426/1161/2 8427/1162/2 8428/1163/2 8429/1164/2 8430/1165/2 8431/1166/2 8432/1167/2 8433/1168/2 8434/1169/2 8435/1170/2 8436/1171/2 8437/1172/2 8438/1173/2 8439/1174/2 8440/1175/2 8441/1176/2 8442/1177/2 8443/1178/2 8444/1179/2 8445/1180/2 8446/1181/2 8447/1182/2 8448/1183/2 8449/1184/2 8450/1185/2 8451/1186/2 8452/1187/2 8453/1188/2 8454/1189/2 8455/1190/2 8456/1191/2 8457/1192/2 8458/1193/2 8459/1194/2 8460/1195/2 8461/1196/2 8462/1197/2 8463/1198/2 8464/1199/2 8465/1200/2 8466/1201/2 8467/1202/2 8468/1203/2 8469/1204/2 8470/1205/2 8471/1206/2 8472/1207/2 8473/1208/2 8474/1209/2 8475/1210/2 8476/1211/2 8477/1212/2 8478/1213/2 8479/1214/2 8480/1215/2 8481/1216/2 8482/1217/2 8483/1218/2 8484/1219/2 8485/1220/2 8486/1221/2 8487/1222/2 8488/1223/2 8489/1224/2 8490/1225/2 8491/1226/2 8492/1227/2 8493/1228/2 8494/1229/2 8495/1230/2 8496/1231/2 8497/1232/2 8498/1233/2 8499/1234/2 8500/1235/2 8501/1236/2 8502/1237/2 8503/1238/2 8504/1239/2 8505/1240/2 

g Mesh167 GC200_1_70 ____2_t3_dwg1 Model

v 437.507 -6504.08 -84798.2
v 437.346 -6504.08 -84803.1
v 437.507 -6504.08 -84808.1
v 437.988 -6504.08 -84812.9
v 438.788 -6504.08 -84817.8
v 439.903 -6504.08 -84822.6
v 441.328 -6504.08 -84827.3
v 443.057 -6504.08 -84831.9
v 445.083 -6504.08 -84836.3
v 447.397 -6504.08 -84840.7
v 449.99 -6504.08 -84844.8
v 452.849 -6504.08 -84848.8
v 455.963 -6504.08 -84852.6
v 459.319 -6504.08 -84856.2
v 462.902 -6504.08 -84859.5
v 466.697 -6504.08 -84862.7
v 470.688 -6504.08 -84865.5
v 474.856 -6504.08 -84868.1
v 479.186 -6504.08 -84870.4
v 483.658 -6504.08 -84872.5
v 488.252 -6504.08 -84874.2
v 492.95 -6504.08 -84875.6
v 497.731 -6504.08 -84876.7
v 502.574 -6504.08 -84877.5
v 507.46 -6504.08 -84878
v 512.367 -6504.08 -84878.2
v 517.273 -6504.08 -84878
v 522.159 -6504.08 -84877.5
v 527.002 -6504.08 -84876.7
v 531.783 -6504.08 -84875.6
v 536.481 -6504.08 -84874.2
v 541.075 -6504.08 -84872.5
v 545.547 -6504.08 -84870.4
v 549.877 -6504.08 -84868.1
v 554.045 -6504.08 -84865.5
v 558.036 -6504.08 -84862.7
v 561.831 -6504.08 -84859.5
v 565.414 -6504.08 -84856.2
v 568.77 -6504.08 -84852.6
v 571.884 -6504.08 -84848.8
v 574.743 -6504.08 -84844.8
v 577.336 -6504.08 -84840.7
v 579.65 -6504.08 -84836.3
v 581.676 -6504.08 -84831.9
v 583.405 -6504.08 -84827.3
v 584.83 -6504.08 -84822.6
v 585.945 -6504.08 -84817.8
v 586.745 -6504.08 -84812.9
v 587.226 -6504.08 -84808.1
v 587.387 -6504.08 -84803.1
v 587.226 -6504.08 -84798.2
v 586.745 -6504.08 -84793.4
v 585.945 -6504.08 -84788.5
v 584.83 -6504.08 -84783.7
v 583.405 -6504.08 -84779
v 581.676 -6504.08 -84774.4
v 579.65 -6504.08 -84770
v 577.336 -6504.08 -84765.6
v 574.743 -6504.08 -84761.5
v 571.884 -6504.08 -84757.5
v 568.77 -6504.08 -84753.7
v 565.414 -6504.08 -84750.1
v 561.831 -6504.08 -84746.7
v 558.036 -6504.08 -84743.6
v 554.045 -6504.08 -84740.8
v 549.877 -6504.08 -84738.2
v 545.547 -6504.08 -84735.9
v 541.075 -6504.08 -84733.8
v 536.481 -6504.08 -84732.1
v 531.783 -6504.08 -84730.7
v 527.002 -6504.08 -84729.6
v 522.159 -6504.08 -84728.8
v 517.273 -6504.08 -84728.3
v 512.367 -6504.08 -84728.1
v 507.46 -6504.08 -84728.3
v 502.574 -6504.08 -84728.8
v 497.731 -6504.08 -84729.6
v 492.95 -6504.08 -84730.7
v 488.252 -6504.08 -84732.1
v 483.658 -6504.08 -84733.8
v 479.186 -6504.08 -84735.9
v 474.856 -6504.08 -84738.2
v 470.688 -6504.08 -84740.8
v 466.697 -6504.08 -84743.6
v 462.902 -6504.08 -84746.7
v 459.319 -6504.08 -84750.1
v 455.963 -6504.08 -84753.7
v 452.849 -6504.08 -84757.5
v 449.99 -6504.08 -84761.5
v 447.397 -6504.08 -84765.6
v 445.083 -6504.08 -84770
v 443.057 -6504.08 -84774.4
v 441.328 -6504.08 -84779
v 439.903 -6504.08 -84783.7
v 438.788 -6504.08 -84788.5
v 437.988 -6504.08 -84793.4
f 8506/1145/2 8507/1146/2 8508/1147/2 8509/1148/2 8510/1149/2 8511/1150/2 8512/1151/2 8513/1152/2 8514/1153/2 8515/1154/2 8516/1155/2 8517/1156/2 8518/1157/2 8519/1158/2 8520/1159/2 8521/1160/2 8522/1161/2 8523/1162/2 8524/1163/2 8525/1164/2 8526/1165/2 8527/1166/2 8528/1167/2 8529/1168/2 8530/1169/2 8531/1170/2 8532/1171/2 8533/1172/2 8534/1173/2 8535/1174/2 8536/1175/2 8537/1176/2 8538/1177/2 8539/1178/2 8540/1179/2 8541/1180/2 8542/1181/2 8543/1182/2 8544/1183/2 8545/1184/2 8546/1185/2 8547/1186/2 8548/1187/2 8549/1188/2 8550/1189/2 8551/1190/2 8552/1191/2 8553/1192/2 8554/1193/2 8555/1194/2 8556/1195/2 8557/1196/2 8558/1197/2 8559/1198/2 8560/1199/2 8561/1200/2 8562/1201/2 8563/1202/2 8564/1203/2 8565/1204/2 8566/1205/2 8567/1206/2 8568/1207/2 8569/1208/2 8570/1209/2 8571/1210/2 8572/1211/2 8573/1212/2 8574/1213/2 8575/1214/2 8576/1215/2 8577/1216/2 8578/1217/2 8579/1218/2 8580/1219/2 8581/1220/2 8582/1221/2 8583/1222/2 8584/1223/2 8585/1224/2 8586/1225/2 8587/1226/2 8588/1227/2 8589/1228/2 8590/1229/2 8591/1230/2 8592/1231/2 8593/1232/2 8594/1233/2 8595/1234/2 8596/1235/2 8597/1236/2 8598/1237/2 8599/1238/2 8600/1239/2 8601/1240/2 

g Mesh168 GC200_1_71 ____2_t3_dwg1 Model

v 2089.25 -6504.08 -85926
v 2089.09 -6504.08 -85930.9
v 2089.25 -6504.08 -85935.8
v 2089.73 -6504.08 -85940.7
v 2090.53 -6504.08 -85945.5
v 2091.65 -6504.08 -85950.3
v 2093.07 -6504.08 -85955
v 2094.8 -6504.08 -85959.6
v 2096.83 -6504.08 -85964.1
v 2099.14 -6504.08 -85968.4
v 2101.73 -6504.08 -85972.6
v 2104.59 -6504.08 -85976.6
v 2107.71 -6504.08 -85980.4
v 2111.06 -6504.08 -85983.9
v 2114.65 -6504.08 -85987.3
v 2118.44 -6504.08 -85990.4
v 2122.43 -6504.08 -85993.3
v 2126.6 -6504.08 -85995.9
v 2130.93 -6504.08 -85998.2
v 2135.4 -6504.08 -86000.2
v 2140 -6504.08 -86001.9
v 2144.69 -6504.08 -86003.4
v 2149.48 -6504.08 -86004.5
v 2154.32 -6504.08 -86005.3
v 2159.2 -6504.08 -86005.8
v 2164.11 -6504.08 -86005.9
v 2169.02 -6504.08 -86005.8
v 2173.9 -6504.08 -86005.3
v 2178.75 -6504.08 -86004.5
v 2183.53 -6504.08 -86003.4
v 2188.23 -6504.08 -86001.9
v 2192.82 -6504.08 -86000.2
v 2197.29 -6504.08 -85998.2
v 2201.62 -6504.08 -85995.9
v 2205.79 -6504.08 -85993.3
v 2209.78 -6504.08 -85990.4
v 2213.58 -6504.08 -85987.3
v 2217.16 -6504.08 -85983.9
v 2220.51 -6504.08 -85980.4
v 2223.63 -6504.08 -85976.6
v 2226.49 -6504.08 -85972.6
v 2229.08 -6504.08 -85968.4
v 2231.39 -6504.08 -85964.1
v 2233.42 -6504.08 -85959.6
v 2235.15 -6504.08 -85955
v 2236.57 -6504.08 -85950.3
v 2237.69 -6504.08 -85945.5
v 2238.49 -6504.08 -85940.7
v 2238.97 -6504.08 -85935.8
v 2239.13 -6504.08 -85930.9
v 2238.97 -6504.08 -85926
v 2238.49 -6504.08 -85921.1
v 2237.69 -6504.08 -85916.3
v 2236.57 -6504.08 -85911.5
v 2235.15 -6504.08 -85906.8
v 2233.42 -6504.08 -85902.2
v 2231.39 -6504.08 -85897.7
v 2229.08 -6504.08 -85893.4
v 2226.49 -6504.08 -85889.2
v 2223.63 -6504.08 -85885.2
v 2220.51 -6504.08 -85881.4
v 2217.16 -6504.08 -85877.8
v 2213.58 -6504.08 -85874.5
v 2209.78 -6504.08 -85871.4
v 2205.79 -6504.08 -85868.5
v 2201.62 -6504.08 -85865.9
v 2197.29 -6504.08 -85863.6
v 2192.82 -6504.08 -85861.6
v 2188.23 -6504.08 -85859.9
v 2183.53 -6504.08 -85858.4
v 2178.75 -6504.08 -85857.3
v 2173.9 -6504.08 -85856.5
v 2169.02 -6504.08 -85856
v 2164.11 -6504.08 -85855.9
v 2159.2 -6504.08 -85856
v 2154.32 -6504.08 -85856.5
v 2149.48 -6504.08 -85857.3
v 2144.69 -6504.08 -85858.4
v 2140 -6504.08 -85859.9
v 2135.4 -6504.08 -85861.6
v 2130.93 -6504.08 -85863.6
v 2126.6 -6504.08 -85865.9
v 2122.43 -6504.08 -85868.5
v 2118.44 -6504.08 -85871.4
v 2114.65 -6504.08 -85874.5
v 2111.06 -6504.08 -85877.8
v 2107.71 -6504.08 -85881.4
v 2104.59 -6504.08 -85885.2
v 2101.73 -6504.08 -85889.2
v 2099.14 -6504.08 -85893.4
v 2096.83 -6504.08 -85897.7
v 2094.8 -6504.08 -85902.2
v 2093.07 -6504.08 -85906.8
v 2091.65 -6504.08 -85911.5
v 2090.53 -6504.08 -85916.3
v 2089.73 -6504.08 -85921.1
f 8602/1145/2 8603/1146/2 8604/1147/2 8605/1148/2 8606/1149/2 8607/1150/2 8608/1151/2 8609/1152/2 8610/1153/2 8611/1154/2 8612/1155/2 8613/1156/2 8614/1157/2 8615/1158/2 8616/1159/2 8617/1160/2 8618/1161/2 8619/1162/2 8620/1163/2 8621/1164/2 8622/1165/2 8623/1166/2 8624/1167/2 8625/1168/2 8626/1169/2 8627/1170/2 8628/1171/2 8629/1172/2 8630/1173/2 8631/1174/2 8632/1175/2 8633/1176/2 8634/1177/2 8635/1178/2 8636/1179/2 8637/1180/2 8638/1181/2 8639/1182/2 8640/1183/2 8641/1184/2 8642/1185/2 8643/1186/2 8644/1187/2 8645/1188/2 8646/1189/2 8647/1190/2 8648/1191/2 8649/1192/2 8650/1193/2 8651/1194/2 8652/1195/2 8653/1196/2 8654/1197/2 8655/1198/2 8656/1199/2 8657/1200/2 8658/1201/2 8659/1202/2 8660/1203/2 8661/1204/2 8662/1205/2 8663/1206/2 8664/1207/2 8665/1208/2 8666/1209/2 8667/1210/2 8668/1211/2 8669/1212/2 8670/1213/2 8671/1214/2 8672/1215/2 8673/1216/2 8674/1217/2 8675/1218/2 8676/1219/2 8677/1220/2 8678/1221/2 8679/1222/2 8680/1223/2 8681/1224/2 8682/1225/2 8683/1226/2 8684/1227/2 8685/1228/2 8686/1229/2 8687/1230/2 8688/1231/2 8689/1232/2 8690/1233/2 8691/1234/2 8692/1235/2 8693/1236/2 8694/1237/2 8695/1238/2 8696/1239/2 8697/1240/2 

g Mesh169 GC200_1_72 ____2_t3_dwg1 Model

v 3741 -6504.08 -87053.7
v 3740.84 -6504.08 -87058.6
v 3741 -6504.08 -87063.5
v 3741.48 -6504.08 -87068.4
v 3742.28 -6504.08 -87073.3
v 3743.39 -6504.08 -87078.1
v 3744.82 -6504.08 -87082.8
v 3746.55 -6504.08 -87087.3
v 3748.57 -6504.08 -87091.8
v 3750.89 -6504.08 -87096.1
v 3753.48 -6504.08 -87100.3
v 3756.34 -6504.08 -87104.3
v 3759.45 -6504.08 -87108.1
v 3762.81 -6504.08 -87111.7
v 3766.39 -6504.08 -87115
v 3770.19 -6504.08 -87118.2
v 3774.18 -6504.08 -87121
v 3778.35 -6504.08 -87123.6
v 3782.67 -6504.08 -87125.9
v 3787.15 -6504.08 -87127.9
v 3791.74 -6504.08 -87129.7
v 3796.44 -6504.08 -87131.1
v 3801.22 -6504.08 -87132.2
v 3806.06 -6504.08 -87133
v 3810.95 -6504.08 -87133.5
v 3815.86 -6504.08 -87133.7
v 3820.76 -6504.08 -87133.5
v 3825.65 -6504.08 -87133
v 3830.49 -6504.08 -87132.2
v 3835.27 -6504.08 -87131.1
v 3839.97 -6504.08 -87129.7
v 3844.56 -6504.08 -87127.9
v 3849.04 -6504.08 -87125.9
v 3853.37 -6504.08 -87123.6
v 3857.53 -6504.08 -87121
v 3861.52 -6504.08 -87118.2
v 3865.32 -6504.08 -87115
v 3868.9 -6504.08 -87111.7
v 3872.26 -6504.08 -87108.1
v 3875.37 -6504.08 -87104.3
v 3878.23 -6504.08 -87100.3
v 3880.82 -6504.08 -87096.1
v 3883.14 -6504.08 -87091.8
v 3885.16 -6504.08 -87087.3
v 3886.89 -6504.08 -87082.8
v 3888.32 -6504.08 -87078.1
v 3889.43 -6504.08 -87073.3
v 3890.23 -6504.08 -87068.4
v 3890.71 -6504.08 -87063.5
v 3890.88 -6504.08 -87058.6
v 3890.71 -6504.08 -87053.7
v 3890.23 -6504.08 -87048.8
v 3889.43 -6504.08 -87044
v 3888.32 -6504.08 -87039.2
v 3886.89 -6504.08 -87034.5
v 3885.16 -6504.08 -87029.9
v 3883.14 -6504.08 -87025.5
v 3880.82 -6504.08 -87021.1
v 3878.23 -6504.08 -87017
v 3875.37 -6504.08 -87013
v 3872.26 -6504.08 -87009.2
v 3868.9 -6504.08 -87005.6
v 3865.32 -6504.08 -87002.2
v 3861.52 -6504.08 -86999.1
v 3857.53 -6504.08 -86996.3
v 3853.37 -6504.08 -86993.7
v 3849.04 -6504.08 -86991.4
v 3844.56 -6504.08 -86989.3
v 3839.97 -6504.08 -86987.6
v 3835.27 -6504.08 -86986.2
v 3830.49 -6504.08 -86985.1
v 3825.65 -6504.08 -86984.3
v 3820.76 -6504.08 -86983.8
v 3815.86 -6504.08 -86983.6
v 3810.95 -6504.08 -86983.8
v 3806.06 -6504.08 -86984.3
v 3801.22 -6504.08 -86985.1
v 3796.44 -6504.08 -86986.2
v 3791.74 -6504.08 -86987.6
v 3787.15 -6504.08 -86989.3
v 3782.67 -6504.08 -86991.4
v 3778.35 -6504.08 -86993.7
v 3774.18 -6504.08 -86996.3
v 3770.19 -6504.08 -86999.1
v 3766.39 -6504.08 -87002.2
v 3762.81 -6504.08 -87005.6
v 3759.45 -6504.08 -87009.2
v 3756.34 -6504.08 -87013
v 3753.48 -6504.08 -87017
v 3750.89 -6504.08 -87021.1
v 3748.57 -6504.08 -87025.5
v 3746.55 -6504.08 -87029.9
v 3744.82 -6504.08 -87034.5
v 3743.39 -6504.08 -87039.2
v 3742.28 -6504.08 -87044
v 3741.48 -6504.08 -87048.8
f 8698/1145/2 8699/1146/2 8700/1147/2 8701/1148/2 8702/1149/2 8703/1150/2 8704/1151/2 8705/1152/2 8706/1153/2 8707/1154/2 8708/1155/2 8709/1156/2 8710/1157/2 8711/1158/2 8712/1159/2 8713/1160/2 8714/1161/2 8715/1162/2 8716/1163/2 8717/1164/2 8718/1165/2 8719/1166/2 8720/1167/2 8721/1168/2 8722/1169/2 8723/1170/2 8724/1171/2 8725/1172/2 8726/1173/2 8727/1174/2 8728/1175/2 8729/1176/2 8730/1177/2 8731/1178/2 8732/1179/2 8733/1180/2 8734/1181/2 8735/1182/2 8736/1183/2 8737/1184/2 8738/1185/2 8739/1186/2 8740/1187/2 8741/1188/2 8742/1189/2 8743/1190/2 8744/1191/2 8745/1192/2 8746/1193/2 8747/1194/2 8748/1195/2 8749/1196/2 8750/1197/2 8751/1198/2 8752/1199/2 8753/1200/2 8754/1201/2 8755/1202/2 8756/1203/2 8757/1204/2 8758/1205/2 8759/1206/2 8760/1207/2 8761/1208/2 8762/1209/2 8763/1210/2 8764/1211/2 8765/1212/2 8766/1213/2 8767/1214/2 8768/1215/2 8769/1216/2 8770/1217/2 8771/1218/2 8772/1219/2 8773/1220/2 8774/1221/2 8775/1222/2 8776/1223/2 8777/1224/2 8778/1225/2 8779/1226/2 8780/1227/2 8781/1228/2 8782/1229/2 8783/1230/2 8784/1231/2 8785/1232/2 8786/1233/2 8787/1234/2 8788/1235/2 8789/1236/2 8790/1237/2 8791/1238/2 8792/1239/2 8793/1240/2 

g Mesh170 GC200_1_73 ____2_t3_dwg1 Model

v 5392.74 -6504.08 -88181.5
v 5392.58 -6504.08 -88186.4
v 5392.74 -6504.08 -88191.3
v 5393.22 -6504.08 -88196.2
v 5394.02 -6504.08 -88201
v 5395.14 -6504.08 -88205.8
v 5396.56 -6504.08 -88210.5
v 5398.29 -6504.08 -88215.1
v 5400.32 -6504.08 -88219.6
v 5402.63 -6504.08 -88223.9
v 5405.22 -6504.08 -88228.1
v 5408.08 -6504.08 -88232.1
v 5411.2 -6504.08 -88235.8
v 5414.55 -6504.08 -88239.4
v 5418.14 -6504.08 -88242.8
v 5421.93 -6504.08 -88245.9
v 5425.92 -6504.08 -88248.8
v 5430.09 -6504.08 -88251.4
v 5434.42 -6504.08 -88253.7
v 5438.89 -6504.08 -88255.7
v 5443.49 -6504.08 -88257.4
v 5448.18 -6504.08 -88258.8
v 5452.96 -6504.08 -88260
v 5457.81 -6504.08 -88260.8
v 5462.69 -6504.08 -88261.2
v 5467.6 -6504.08 -88261.4
v 5472.51 -6504.08 -88261.2
v 5477.39 -6504.08 -88260.8
v 5482.24 -6504.08 -88260
v 5487.02 -6504.08 -88258.8
v 5491.71 -6504.08 -88257.4
v 5496.31 -6504.08 -88255.7
v 5500.78 -6504.08 -88253.7
v 5505.11 -6504.08 -88251.4
v 5509.28 -6504.08 -88248.8
v 5513.27 -6504.08 -88245.9
v 5517.06 -6504.08 -88242.8
v 5520.65 -6504.08 -88239.4
v 5524 -6504.08 -88235.8
v 5527.12 -6504.08 -88232.1
v 5529.98 -6504.08 -88228.1
v 5532.57 -6504.08 -88223.9
v 5534.88 -6504.08 -88219.6
v 5536.91 -6504.08 -88215.1
v 5538.64 -6504.08 -88210.5
v 5540.06 -6504.08 -88205.8
v 5541.18 -6504.08 -88201
v 5541.98 -6504.08 -88196.2
v 5542.46 -6504.08 -88191.3
v 5542.62 -6504.08 -88186.4
v 5542.46 -6504.08 -88181.5
v 5541.98 -6504.08 -88176.6
v 5541.18 -6504.08 -88171.7
v 5540.06 -6504.08 -88167
v 5538.64 -6504.08 -88162.3
v 5536.91 -6504.08 -88157.7
v 5534.88 -6504.08 -88153.2
v 5532.57 -6504.08 -88148.9
v 5529.98 -6504.08 -88144.7
v 5527.12 -6504.08 -88140.7
v 5524 -6504.08 -88136.9
v 5520.65 -6504.08 -88133.3
v 5517.06 -6504.08 -88130
v 5513.27 -6504.08 -88126.9
v 5509.28 -6504.08 -88124
v 5505.11 -6504.08 -88121.4
v 5500.78 -6504.08 -88119.1
v 5496.31 -6504.08 -88117.1
v 5491.71 -6504.08 -88115.3
v 5487.02 -6504.08 -88113.9
v 5482.24 -6504.08 -88112.8
v 5477.39 -6504.08 -88112
v 5472.51 -6504.08 -88111.5
v 5467.6 -6504.08 -88111.4
v 5462.69 -6504.08 -88111.5
v 5457.81 -6504.08 -88112
v 5452.96 -6504.08 -88112.8
v 5448.18 -6504.08 -88113.9
v 5443.49 -6504.08 -88115.3
v 5438.89 -6504.08 -88117.1
v 5434.42 -6504.08 -88119.1
v 5430.09 -6504.08 -88121.4
v 5425.92 -6504.08 -88124
v 5421.93 -6504.08 -88126.9
v 5418.14 -6504.08 -88130
v 5414.55 -6504.08 -88133.3
v 5411.2 -6504.08 -88136.9
v 5408.08 -6504.08 -88140.7
v 5405.22 -6504.08 -88144.7
v 5402.63 -6504.08 -88148.9
v 5400.32 -6504.08 -88153.2
v 5398.29 -6504.08 -88157.7
v 5396.56 -6504.08 -88162.3
v 5395.14 -6504.08 -88167
v 5394.02 -6504.08 -88171.7
v 5393.22 -6504.08 -88176.6
f 8794/1145/2 8795/1146/2 8796/1147/2 8797/1148/2 8798/1149/2 8799/1150/2 8800/1151/2 8801/1152/2 8802/1153/2 8803/1154/2 8804/1155/2 8805/1156/2 8806/1157/2 8807/1158/2 8808/1159/2 8809/1160/2 8810/1161/2 8811/1162/2 8812/1163/2 8813/1164/2 8814/1165/2 8815/1166/2 8816/1167/2 8817/1168/2 8818/1169/2 8819/1170/2 8820/1171/2 8821/1172/2 8822/1173/2 8823/1174/2 8824/1175/2 8825/1176/2 8826/1177/2 8827/1178/2 8828/1179/2 8829/1180/2 8830/1181/2 8831/1182/2 8832/1183/2 8833/1184/2 8834/1185/2 8835/1186/2 8836/1187/2 8837/1188/2 8838/1189/2 8839/1190/2 8840/1191/2 8841/1192/2 8842/1193/2 8843/1194/2 8844/1195/2 8845/1196/2 8846/1197/2 8847/1198/2 8848/1199/2 8849/1200/2 8850/1201/2 8851/1202/2 8852/1203/2 8853/1204/2 8854/1205/2 8855/1206/2 8856/1207/2 8857/1208/2 8858/1209/2 8859/1210/2 8860/1211/2 8861/1212/2 8862/1213/2 8863/1214/2 8864/1215/2 8865/1216/2 8866/1217/2 8867/1218/2 8868/1219/2 8869/1220/2 8870/1221/2 8871/1222/2 8872/1223/2 8873/1224/2 8874/1225/2 8875/1226/2 8876/1227/2 8877/1228/2 8878/1229/2 8879/1230/2 8880/1231/2 8881/1232/2 8882/1233/2 8883/1234/2 8884/1235/2 8885/1236/2 8886/1237/2 8887/1238/2 8888/1239/2 8889/1240/2 

g Mesh171 GC200_1_74 ____2_t3_dwg1 Model

v 7044.48 -6504.08 -89309.2
v 7044.32 -6504.08 -89314.1
v 7044.48 -6504.08 -89319
v 7044.97 -6504.08 -89323.9
v 7045.77 -6504.08 -89328.8
v 7046.88 -6504.08 -89333.5
v 7048.31 -6504.08 -89338.2
v 7050.03 -6504.08 -89342.8
v 7052.06 -6504.08 -89347.3
v 7054.37 -6504.08 -89351.6
v 7056.97 -6504.08 -89355.8
v 7059.83 -6504.08 -89359.8
v 7062.94 -6504.08 -89363.6
v 7066.3 -6504.08 -89367.2
v 7069.88 -6504.08 -89370.5
v 7073.67 -6504.08 -89373.6
v 7077.67 -6504.08 -89376.5
v 7081.83 -6504.08 -89379.1
v 7086.16 -6504.08 -89381.4
v 7090.64 -6504.08 -89383.4
v 7095.23 -6504.08 -89385.2
v 7099.93 -6504.08 -89386.6
v 7104.71 -6504.08 -89387.7
v 7109.55 -6504.08 -89388.5
v 7114.44 -6504.08 -89389
v 7119.34 -6504.08 -89389.1
v 7124.25 -6504.08 -89389
v 7129.14 -6504.08 -89388.5
v 7133.98 -6504.08 -89387.7
v 7138.76 -6504.08 -89386.6
v 7143.46 -6504.08 -89385.2
v 7148.05 -6504.08 -89383.4
v 7152.52 -6504.08 -89381.4
v 7156.85 -6504.08 -89379.1
v 7161.02 -6504.08 -89376.5
v 7165.01 -6504.08 -89373.6
v 7168.81 -6504.08 -89370.5
v 7172.39 -6504.08 -89367.2
v 7175.75 -6504.08 -89363.6
v 7178.86 -6504.08 -89359.8
v 7181.72 -6504.08 -89355.8
v 7184.31 -6504.08 -89351.6
v 7186.63 -6504.08 -89347.3
v 7188.65 -6504.08 -89342.8
v 7190.38 -6504.08 -89338.2
v 7191.81 -6504.08 -89333.5
v 7192.92 -6504.08 -89328.8
v 7193.72 -6504.08 -89323.9
v 7194.2 -6504.08 -89319
v 7194.36 -6504.08 -89314.1
v 7194.2 -6504.08 -89309.2
v 7193.72 -6504.08 -89304.3
v 7192.92 -6504.08 -89299.5
v 7191.81 -6504.08 -89294.7
v 7190.38 -6504.08 -89290
v 7188.65 -6504.08 -89285.4
v 7186.63 -6504.08 -89280.9
v 7184.31 -6504.08 -89276.6
v 7181.72 -6504.08 -89272.5
v 7178.86 -6504.08 -89268.5
v 7175.75 -6504.08 -89264.7
v 7172.39 -6504.08 -89261.1
v 7168.81 -6504.08 -89257.7
v 7165.01 -6504.08 -89254.6
v 7161.02 -6504.08 -89251.8
v 7156.85 -6504.08 -89249.2
v 7152.52 -6504.08 -89246.8
v 7148.05 -6504.08 -89244.8
v 7143.46 -6504.08 -89243.1
v 7138.76 -6504.08 -89241.7
v 7133.98 -6504.08 -89240.6
v 7129.14 -6504.08 -89239.8
v 7124.25 -6504.08 -89239.3
v 7119.34 -6504.08 -89239.1
v 7114.44 -6504.08 -89239.3
v 7109.55 -6504.08 -89239.8
v 7104.71 -6504.08 -89240.6
v 7099.93 -6504.08 -89241.7
v 7095.23 -6504.08 -89243.1
v 7090.64 -6504.08 -89244.8
v 7086.16 -6504.08 -89246.8
v 7081.83 -6504.08 -89249.2
v 7077.67 -6504.08 -89251.8
v 7073.67 -6504.08 -89254.6
v 7069.88 -6504.08 -89257.7
v 7066.3 -6504.08 -89261.1
v 7062.94 -6504.08 -89264.7
v 7059.83 -6504.08 -89268.5
v 7056.97 -6504.08 -89272.5
v 7054.37 -6504.08 -89276.6
v 7052.06 -6504.08 -89280.9
v 7050.03 -6504.08 -89285.4
v 7048.31 -6504.08 -89290
v 7046.88 -6504.08 -89294.7
v 7045.77 -6504.08 -89299.5
v 7044.97 -6504.08 -89304.3
f 8890/1145/2 8891/1146/2 8892/1147/2 8893/1148/2 8894/1149/2 8895/1150/2 8896/1151/2 8897/1152/2 8898/1153/2 8899/1154/2 8900/1155/2 8901/1156/2 8902/1157/2 8903/1158/2 8904/1159/2 8905/1160/2 8906/1161/2 8907/1162/2 8908/1163/2 8909/1164/2 8910/1165/2 8911/1166/2 8912/1167/2 8913/1168/2 8914/1169/2 8915/1170/2 8916/1171/2 8917/1172/2 8918/1173/2 8919/1174/2 8920/1175/2 8921/1176/2 8922/1177/2 8923/1178/2 8924/1179/2 8925/1180/2 8926/1181/2 8927/1182/2 8928/1183/2 8929/1184/2 8930/1185/2 8931/1186/2 8932/1187/2 8933/1188/2 8934/1189/2 8935/1190/2 8936/1191/2 8937/1192/2 8938/1193/2 8939/1194/2 8940/1195/2 8941/1196/2 8942/1197/2 8943/1198/2 8944/1199/2 8945/1200/2 8946/1201/2 8947/1202/2 8948/1203/2 8949/1204/2 8950/1205/2 8951/1206/2 8952/1207/2 8953/1208/2 8954/1209/2 8955/1210/2 8956/1211/2 8957/1212/2 8958/1213/2 8959/1214/2 8960/1215/2 8961/1216/2 8962/1217/2 8963/1218/2 8964/1219/2 8965/1220/2 8966/1221/2 8967/1222/2 8968/1223/2 8969/1224/2 8970/1225/2 8971/1226/2 8972/1227/2 8973/1228/2 8974/1229/2 8975/1230/2 8976/1231/2 8977/1232/2 8978/1233/2 8979/1234/2 8980/1235/2 8981/1236/2 8982/1237/2 8983/1238/2 8984/1239/2 8985/1240/2 

g Mesh172 GC200_1_75 ____2_t3_dwg1 Model

v 8706.06 -6504.08 -90431
v 8705.9 -6504.08 -90435.9
v 8706.06 -6504.08 -90440.8
v 8706.54 -6504.08 -90445.7
v 8707.34 -6504.08 -90450.5
v 8708.46 -6504.08 -90455.3
v 8709.88 -6504.08 -90460
v 8711.61 -6504.08 -90464.6
v 8713.64 -6504.08 -90469.1
v 8715.95 -6504.08 -90473.4
v 8718.54 -6504.08 -90477.6
v 8721.4 -6504.08 -90481.6
v 8724.52 -6504.08 -90485.4
v 8727.87 -6504.08 -90489
v 8731.46 -6504.08 -90492.3
v 8735.25 -6504.08 -90495.4
v 8739.24 -6504.08 -90498.3
v 8743.41 -6504.08 -90500.9
v 8747.74 -6504.08 -90503.2
v 8752.21 -6504.08 -90505.2
v 8756.81 -6504.08 -90506.9
v 8761.5 -6504.08 -90508.4
v 8766.29 -6504.08 -90509.5
v 8771.13 -6504.08 -90510.3
v 8776.01 -6504.08 -90510.8
v 8780.92 -6504.08 -90510.9
v 8785.83 -6504.08 -90510.8
v 8790.71 -6504.08 -90510.3
v 8795.56 -6504.08 -90509.5
v 8800.34 -6504.08 -90508.4
v 8805.04 -6504.08 -90506.9
v 8809.63 -6504.08 -90505.2
v 8814.1 -6504.08 -90503.2
v 8818.43 -6504.08 -90500.9
v 8822.6 -6504.08 -90498.3
v 8826.59 -6504.08 -90495.4
v 8830.39 -6504.08 -90492.3
v 8833.97 -6504.08 -90489
v 8837.32 -6504.08 -90485.4
v 8840.44 -6504.08 -90481.6
v 8843.3 -6504.08 -90477.6
v 8845.89 -6504.08 -90473.4
v 8848.2 -6504.08 -90469.1
v 8850.23 -6504.08 -90464.6
v 8851.96 -6504.08 -90460
v 8853.38 -6504.08 -90455.3
v 8854.5 -6504.08 -90450.5
v 8855.3 -6504.08 -90445.7
v 8855.78 -6504.08 -90440.8
v 8855.94 -6504.08 -90435.9
v 8855.78 -6504.08 -90431
v 8855.3 -6504.08 -90426.1
v 8854.5 -6504.08 -90421.3
v 8853.38 -6504.08 -90416.5
v 8851.96 -6504.08 -90411.8
v 8850.23 -6504.08 -90407.2
v 8848.2 -6504.08 -90402.7
v 8845.89 -6504.08 -90398.4
v 8843.3 -6504.08 -90394.2
v 8840.44 -6504.08 -90390.2
v 8837.32 -6504.08 -90386.4
v 8833.97 -6504.08 -90382.9
v 8830.39 -6504.08 -90379.5
v 8826.59 -6504.08 -90376.4
v 8822.6 -6504.08 -90373.5
v 8818.43 -6504.08 -90370.9
v 8814.1 -6504.08 -90368.6
v 8809.63 -6504.08 -90366.6
v 8805.04 -6504.08 -90364.9
v 8800.34 -6504.08 -90363.4
v 8795.56 -6504.08 -90362.3
v 8790.71 -6504.08 -90361.5
v 8785.83 -6504.08 -90361
v 8780.92 -6504.08 -90360.9
v 8776.01 -6504.08 -90361
v 8771.13 -6504.08 -90361.5
v 8766.29 -6504.08 -90362.3
v 8761.5 -6504.08 -90363.4
v 8756.81 -6504.08 -90364.9
v 8752.21 -6504.08 -90366.6
v 8747.74 -6504.08 -90368.6
v 8743.41 -6504.08 -90370.9
v 8739.24 -6504.08 -90373.5
v 8735.25 -6504.08 -90376.4
v 8731.46 -6504.08 -90379.5
v 8727.87 -6504.08 -90382.9
v 8724.52 -6504.08 -90386.4
v 8721.4 -6504.08 -90390.2
v 8718.54 -6504.08 -90394.2
v 8715.95 -6504.08 -90398.4
v 8713.64 -6504.08 -90402.7
v 8711.61 -6504.08 -90407.2
v 8709.88 -6504.08 -90411.8
v 8708.46 -6504.08 -90416.5
v 8707.34 -6504.08 -90421.3
v 8706.54 -6504.08 -90426.1
f 8986/1145/2 8987/1146/2 8988/1147/2 8989/1148/2 8990/1149/2 8991/1150/2 8992/1151/2 8993/1152/2 8994/1153/2 8995/1154/2 8996/1155/2 8997/1156/2 8998/1157/2 8999/1158/2 9000/1159/2 9001/1160/2 9002/1161/2 9003/1162/2 9004/1163/2 9005/1164/2 9006/1165/2 9007/1166/2 9008/1167/2 9009/1168/2 9010/1169/2 9011/1170/2 9012/1171/2 9013/1172/2 9014/1173/2 9015/1174/2 9016/1175/2 9017/1176/2 9018/1177/2 9019/1178/2 9020/1179/2 9021/1180/2 9022/1181/2 9023/1182/2 9024/1183/2 9025/1184/2 9026/1185/2 9027/1186/2 9028/1187/2 9029/1188/2 9030/1189/2 9031/1190/2 9032/1191/2 9033/1192/2 9034/1193/2 9035/1194/2 9036/1195/2 9037/1196/2 9038/1197/2 9039/1198/2 9040/1199/2 9041/1200/2 9042/1201/2 9043/1202/2 9044/1203/2 9045/1204/2 9046/1205/2 9047/1206/2 9048/1207/2 9049/1208/2 9050/1209/2 9051/1210/2 9052/1211/2 9053/1212/2 9054/1213/2 9055/1214/2 9056/1215/2 9057/1216/2 9058/1217/2 9059/1218/2 9060/1219/2 9061/1220/2 9062/1221/2 9063/1222/2 9064/1223/2 9065/1224/2 9066/1225/2 9067/1226/2 9068/1227/2 9069/1228/2 9070/1229/2 9071/1230/2 9072/1231/2 9073/1232/2 9074/1233/2 9075/1234/2 9076/1235/2 9077/1236/2 9078/1237/2 9079/1238/2 9080/1239/2 9081/1240/2 

g Mesh173 GC200_1_76 ____2_t3_dwg1 Model

v 10363.8 -6504.08 -91550
v 10363.6 -6504.08 -91554.9
v 10363.8 -6504.08 -91559.8
v 10364.3 -6504.08 -91564.7
v 10365.1 -6504.08 -91569.5
v 10366.2 -6504.08 -91574.3
v 10367.6 -6504.08 -91579
v 10369.3 -6504.08 -91583.6
v 10371.4 -6504.08 -91588
v 10373.7 -6504.08 -91592.4
v 10376.3 -6504.08 -91596.5
v 10379.1 -6504.08 -91600.5
v 10382.2 -6504.08 -91604.3
v 10385.6 -6504.08 -91607.9
v 10389.2 -6504.08 -91611.3
v 10393 -6504.08 -91614.4
v 10397 -6504.08 -91617.2
v 10401.1 -6504.08 -91619.8
v 10405.5 -6504.08 -91622.1
v 10409.9 -6504.08 -91624.2
v 10414.5 -6504.08 -91625.9
v 10419.2 -6504.08 -91627.3
v 10424 -6504.08 -91628.4
v 10428.8 -6504.08 -91629.2
v 10433.7 -6504.08 -91629.7
v 10438.6 -6504.08 -91629.9
v 10443.5 -6504.08 -91629.7
v 10448.4 -6504.08 -91629.2
v 10453.3 -6504.08 -91628.4
v 10458.1 -6504.08 -91627.3
v 10462.8 -6504.08 -91625.9
v 10467.3 -6504.08 -91624.2
v 10471.8 -6504.08 -91622.1
v 10476.1 -6504.08 -91619.8
v 10480.3 -6504.08 -91617.2
v 10484.3 -6504.08 -91614.4
v 10488.1 -6504.08 -91611.3
v 10491.7 -6504.08 -91607.9
v 10495 -6504.08 -91604.3
v 10498.2 -6504.08 -91600.5
v 10501 -6504.08 -91596.5
v 10503.6 -6504.08 -91592.4
v 10505.9 -6504.08 -91588
v 10507.9 -6504.08 -91583.6
v 10509.7 -6504.08 -91579
v 10511.1 -6504.08 -91574.3
v 10512.2 -6504.08 -91569.5
v 10513 -6504.08 -91564.7
v 10513.5 -6504.08 -91559.8
v 10513.7 -6504.08 -91554.9
v 10513.5 -6504.08 -91550
v 10513 -6504.08 -91545.1
v 10512.2 -6504.08 -91540.2
v 10511.1 -6504.08 -91535.4
v 10509.7 -6504.08 -91530.7
v 10507.9 -6504.08 -91526.2
v 10505.9 -6504.08 -91521.7
v 10503.6 -6504.08 -91517.3
v 10501 -6504.08 -91513.2
v 10498.2 -6504.08 -91509.2
v 10495 -6504.08 -91505.4
v 10491.7 -6504.08 -91501.8
v 10488.1 -6504.08 -91498.5
v 10484.3 -6504.08 -91495.3
v 10480.3 -6504.08 -91492.5
v 10476.1 -6504.08 -91489.9
v 10471.8 -6504.08 -91487.6
v 10467.3 -6504.08 -91485.5
v 10462.8 -6504.08 -91483.8
v 10458.1 -6504.08 -91482.4
v 10453.3 -6504.08 -91481.3
v 10448.4 -6504.08 -91480.5
v 10443.5 -6504.08 -91480
v 10438.6 -6504.08 -91479.8
v 10433.7 -6504.08 -91480
v 10428.8 -6504.08 -91480.5
v 10424 -6504.08 -91481.3
v 10419.2 -6504.08 -91482.4
v 10414.5 -6504.08 -91483.8
v 10409.9 -6504.08 -91485.5
v 10405.5 -6504.08 -91487.6
v 10401.1 -6504.08 -91489.9
v 10397 -6504.08 -91492.5
v 10393 -6504.08 -91495.3
v 10389.2 -6504.08 -91498.5
v 10385.6 -6504.08 -91501.8
v 10382.2 -6504.08 -91505.4
v 10379.1 -6504.08 -91509.2
v 10376.3 -6504.08 -91513.2
v 10373.7 -6504.08 -91517.3
v 10371.4 -6504.08 -91521.7
v 10369.3 -6504.08 -91526.2
v 10367.6 -6504.08 -91530.7
v 10366.2 -6504.08 -91535.4
v 10365.1 -6504.08 -91540.2
v 10364.3 -6504.08 -91545.1
f 9082/1145/2 9083/1146/2 9084/1147/2 9085/1148/2 9086/1149/2 9087/1150/2 9088/1151/2 9089/1152/2 9090/1153/2 9091/1154/2 9092/1155/2 9093/1156/2 9094/1157/2 9095/1158/2 9096/1159/2 9097/1160/2 9098/1161/2 9099/1162/2 9100/1163/2 9101/1164/2 9102/1165/2 9103/1166/2 9104/1167/2 9105/1168/2 9106/1169/2 9107/1170/2 9108/1171/2 9109/1172/2 9110/1173/2 9111/1174/2 9112/1175/2 9113/1176/2 9114/1177/2 9115/1178/2 9116/1179/2 9117/1180/2 9118/1181/2 9119/1182/2 9120/1183/2 9121/1184/2 9122/1185/2 9123/1186/2 9124/1187/2 9125/1188/2 9126/1189/2 9127/1190/2 9128/1191/2 9129/1192/2 9130/1193/2 9131/1194/2 9132/1195/2 9133/1196/2 9134/1197/2 9135/1198/2 9136/1199/2 9137/1200/2 9138/1201/2 9139/1202/2 9140/1203/2 9141/1204/2 9142/1205/2 9143/1206/2 9144/1207/2 9145/1208/2 9146/1209/2 9147/1210/2 9148/1211/2 9149/1212/2 9150/1213/2 9151/1214/2 9152/1215/2 9153/1216/2 9154/1217/2 9155/1218/2 9156/1219/2 9157/1220/2 9158/1221/2 9159/1222/2 9160/1223/2 9161/1224/2 9162/1225/2 9163/1226/2 9164/1227/2 9165/1228/2 9166/1229/2 9167/1230/2 9168/1231/2 9169/1232/2 9170/1233/2 9171/1234/2 9172/1235/2 9173/1236/2 9174/1237/2 9175/1238/2 9176/1239/2 9177/1240/2 

g Mesh174 GC200_1_77 ____2_t3_dwg1 Model

v 12021.5 -6504.08 -92668.9
v 12021.3 -6504.08 -92673.8
v 12021.5 -6504.08 -92678.7
v 12022 -6504.08 -92683.6
v 12022.8 -6504.08 -92688.4
v 12023.9 -6504.08 -92693.2
v 12025.3 -6504.08 -92697.9
v 12027 -6504.08 -92702.5
v 12029.1 -6504.08 -92707
v 12031.4 -6504.08 -92711.3
v 12034 -6504.08 -92715.5
v 12036.8 -6504.08 -92719.5
v 12039.9 -6504.08 -92723.3
v 12043.3 -6504.08 -92726.9
v 12046.9 -6504.08 -92730.2
v 12050.7 -6504.08 -92733.3
v 12054.7 -6504.08 -92736.2
v 12058.8 -6504.08 -92738.8
v 12063.2 -6504.08 -92741.1
v 12067.6 -6504.08 -92743.1
v 12072.2 -6504.08 -92744.8
v 12076.9 -6504.08 -92746.3
v 12081.7 -6504.08 -92747.4
v 12086.6 -6504.08 -92748.2
v 12091.4 -6504.08 -92748.7
v 12096.4 -6504.08 -92748.8
v 12101.3 -6504.08 -92748.7
v 12106.1 -6504.08 -92748.2
v 12111 -6504.08 -92747.4
v 12115.8 -6504.08 -92746.3
v 12120.5 -6504.08 -92744.8
v 12125.1 -6504.08 -92743.1
v 12129.5 -6504.08 -92741.1
v 12133.9 -6504.08 -92738.8
v 12138 -6504.08 -92736.2
v 12142 -6504.08 -92733.3
v 12145.8 -6504.08 -92730.2
v 12149.4 -6504.08 -92726.9
v 12152.8 -6504.08 -92723.3
v 12155.9 -6504.08 -92719.5
v 12158.7 -6504.08 -92715.5
v 12161.3 -6504.08 -92711.3
v 12163.6 -6504.08 -92707
v 12165.7 -6504.08 -92702.5
v 12167.4 -6504.08 -92697.9
v 12168.8 -6504.08 -92693.2
v 12169.9 -6504.08 -92688.4
v 12170.7 -6504.08 -92683.6
v 12171.2 -6504.08 -92678.7
v 12171.4 -6504.08 -92673.8
v 12171.2 -6504.08 -92668.9
v 12170.7 -6504.08 -92664
v 12169.9 -6504.08 -92659.2
v 12168.8 -6504.08 -92654.4
v 12167.4 -6504.08 -92649.7
v 12165.7 -6504.08 -92645.1
v 12163.6 -6504.08 -92640.6
v 12161.3 -6504.08 -92636.3
v 12158.7 -6504.08 -92632.1
v 12155.9 -6504.08 -92628.1
v 12152.8 -6504.08 -92624.3
v 12149.4 -6504.08 -92620.8
v 12145.8 -6504.08 -92617.4
v 12142 -6504.08 -92614.3
v 12138 -6504.08 -92611.4
v 12133.9 -6504.08 -92608.8
v 12129.5 -6504.08 -92606.5
v 12125.1 -6504.08 -92604.5
v 12120.5 -6504.08 -92602.8
v 12115.8 -6504.08 -92601.3
v 12111 -6504.08 -92600.2
v 12106.1 -6504.08 -92599.4
v 12101.3 -6504.08 -92599
v 12096.4 -6504.08 -92598.8
v 12091.4 -6504.08 -92599
v 12086.6 -6504.08 -92599.4
v 12081.7 -6504.08 -92600.2
v 12076.9 -6504.08 -92601.3
v 12072.2 -6504.08 -92602.8
v 12067.6 -6504.08 -92604.5
v 12063.2 -6504.08 -92606.5
v 12058.8 -6504.08 -92608.8
v 12054.7 -6504.08 -92611.4
v 12050.7 -6504.08 -92614.3
v 12046.9 -6504.08 -92617.4
v 12043.3 -6504.08 -92620.8
v 12039.9 -6504.08 -92624.3
v 12036.8 -6504.08 -92628.1
v 12034 -6504.08 -92632.1
v 12031.4 -6504.08 -92636.3
v 12029.1 -6504.08 -92640.6
v 12027 -6504.08 -92645.1
v 12025.3 -6504.08 -92649.7
v 12023.9 -6504.08 -92654.4
v 12022.8 -6504.08 -92659.2
v 12022 -6504.08 -92664
f 9178/1145/2 9179/1146/2 9180/1147/2 9181/1148/2 9182/1149/2 9183/1150/2 9184/1151/2 9185/1152/2 9186/1153/2 9187/1154/2 9188/1155/2 9189/1156/2 9190/1157/2 9191/1158/2 9192/1159/2 9193/1160/2 9194/1161/2 9195/1162/2 9196/1163/2 9197/1164/2 9198/1165/2 9199/1166/2 9200/1167/2 9201/1168/2 9202/1169/2 9203/1170/2 9204/1171/2 9205/1172/2 9206/1173/2 9207/1174/2 9208/1175/2 9209/1176/2 9210/1177/2 9211/1178/2 9212/1179/2 9213/1180/2 9214/1181/2 9215/1182/2 9216/1183/2 9217/1184/2 9218/1185/2 9219/1186/2 9220/1187/2 9221/1188/2 9222/1189/2 9223/1190/2 9224/1191/2 9225/1192/2 9226/1193/2 9227/1194/2 9228/1195/2 9229/1196/2 9230/1197/2 9231/1198/2 9232/1199/2 9233/1200/2 9234/1201/2 9235/1202/2 9236/1203/2 9237/1204/2 9238/1205/2 9239/1206/2 9240/1207/2 9241/1208/2 9242/1209/2 9243/1210/2 9244/1211/2 9245/1212/2 9246/1213/2 9247/1214/2 9248/1215/2 9249/1216/2 9250/1217/2 9251/1218/2 9252/1219/2 9253/1220/2 9254/1221/2 9255/1222/2 9256/1223/2 9257/1224/2 9258/1225/2 9259/1226/2 9260/1227/2 9261/1228/2 9262/1229/2 9263/1230/2 9264/1231/2 9265/1232/2 9266/1233/2 9267/1234/2 9268/1235/2 9269/1236/2 9270/1237/2 9271/1238/2 9272/1239/2 9273/1240/2 

g Mesh175 GC200_1_78 ____2_t3_dwg1 Model

v 13679.2 -6504.08 -93787.9
v 13679 -6504.08 -93792.8
v 13679.2 -6504.08 -93797.7
v 13679.7 -6504.08 -93802.6
v 13680.5 -6504.08 -93807.4
v 13681.6 -6504.08 -93812.2
v 13683 -6504.08 -93816.9
v 13684.8 -6504.08 -93821.5
v 13686.8 -6504.08 -93825.9
v 13689.1 -6504.08 -93830.3
v 13691.7 -6504.08 -93834.4
v 13694.5 -6504.08 -93838.4
v 13697.7 -6504.08 -93842.2
v 13701 -6504.08 -93845.8
v 13704.6 -6504.08 -93849.2
v 13708.4 -6504.08 -93852.3
v 13712.4 -6504.08 -93855.1
v 13716.6 -6504.08 -93857.7
v 13720.9 -6504.08 -93860
v 13725.4 -6504.08 -93862.1
v 13730 -6504.08 -93863.8
v 13734.6 -6504.08 -93865.2
v 13739.4 -6504.08 -93866.3
v 13744.3 -6504.08 -93867.1
v 13749.2 -6504.08 -93867.6
v 13754.1 -6504.08 -93867.8
v 13759 -6504.08 -93867.6
v 13763.9 -6504.08 -93867.1
v 13768.7 -6504.08 -93866.3
v 13773.5 -6504.08 -93865.2
v 13778.2 -6504.08 -93863.8
v 13782.8 -6504.08 -93862.1
v 13787.2 -6504.08 -93860
v 13791.6 -6504.08 -93857.7
v 13795.7 -6504.08 -93855.1
v 13799.7 -6504.08 -93852.3
v 13803.5 -6504.08 -93849.2
v 13807.1 -6504.08 -93845.8
v 13810.5 -6504.08 -93842.2
v 13813.6 -6504.08 -93838.4
v 13816.4 -6504.08 -93834.4
v 13819 -6504.08 -93830.3
v 13821.3 -6504.08 -93825.9
v 13823.4 -6504.08 -93821.5
v 13825.1 -6504.08 -93816.9
v 13826.5 -6504.08 -93812.2
v 13827.6 -6504.08 -93807.4
v 13828.4 -6504.08 -93802.6
v 13828.9 -6504.08 -93797.7
v 13829.1 -6504.08 -93792.8
v 13828.9 -6504.08 -93787.9
v 13828.4 -6504.08 -93783
v 13827.6 -6504.08 -93778.1
v 13826.5 -6504.08 -93773.3
v 13825.1 -6504.08 -93768.6
v 13823.4 -6504.08 -93764.1
v 13821.3 -6504.08 -93759.6
v 13819 -6504.08 -93755.3
v 13816.4 -6504.08 -93751.1
v 13813.6 -6504.08 -93747.1
v 13810.5 -6504.08 -93743.3
v 13807.1 -6504.08 -93739.7
v 13803.5 -6504.08 -93736.4
v 13799.7 -6504.08 -93733.2
v 13795.7 -6504.08 -93730.4
v 13791.6 -6504.08 -93727.8
v 13787.2 -6504.08 -93725.5
v 13782.8 -6504.08 -93723.5
v 13778.2 -6504.08 -93721.7
v 13773.5 -6504.08 -93720.3
v 13768.7 -6504.08 -93719.2
v 13763.9 -6504.08 -93718.4
v 13759 -6504.08 -93717.9
v 13754.1 -6504.08 -93717.7
v 13749.2 -6504.08 -93717.9
v 13744.3 -6504.08 -93718.4
v 13739.4 -6504.08 -93719.2
v 13734.6 -6504.08 -93720.3
v 13730 -6504.08 -93721.7
v 13725.4 -6504.08 -93723.5
v 13720.9 -6504.08 -93725.5
v 13716.6 -6504.08 -93727.8
v 13712.4 -6504.08 -93730.4
v 13708.4 -6504.08 -93733.2
v 13704.6 -6504.08 -93736.4
v 13701 -6504.08 -93739.7
v 13697.7 -6504.08 -93743.3
v 13694.5 -6504.08 -93747.1
v 13691.7 -6504.08 -93751.1
v 13689.1 -6504.08 -93755.3
v 13686.8 -6504.08 -93759.6
v 13684.8 -6504.08 -93764.1
v 13683 -6504.08 -93768.6
v 13681.6 -6504.08 -93773.3
v 13680.5 -6504.08 -93778.1
v 13679.7 -6504.08 -93783
f 9274/1145/2 9275/1146/2 9276/1147/2 9277/1148/2 9278/1149/2 9279/1150/2 9280/1151/2 9281/1152/2 9282/1153/2 9283/1154/2 9284/1155/2 9285/1156/2 9286/1157/2 9287/1158/2 9288/1159/2 9289/1160/2 9290/1161/2 9291/1162/2 9292/1163/2 9293/1164/2 9294/1165/2 9295/1166/2 9296/1167/2 9297/1168/2 9298/1169/2 9299/1170/2 9300/1171/2 9301/1172/2 9302/1173/2 9303/1174/2 9304/1175/2 9305/1176/2 9306/1177/2 9307/1178/2 9308/1179/2 9309/1180/2 9310/1181/2 9311/1182/2 9312/1183/2 9313/1184/2 9314/1185/2 9315/1186/2 9316/1187/2 9317/1188/2 9318/1189/2 9319/1190/2 9320/1191/2 9321/1192/2 9322/1193/2 9323/1194/2 9324/1195/2 9325/1196/2 9326/1197/2 9327/1198/2 9328/1199/2 9329/1200/2 9330/1201/2 9331/1202/2 9332/1203/2 9333/1204/2 9334/1205/2 9335/1206/2 9336/1207/2 9337/1208/2 9338/1209/2 9339/1210/2 9340/1211/2 9341/1212/2 9342/1213/2 9343/1214/2 9344/1215/2 9345/1216/2 9346/1217/2 9347/1218/2 9348/1219/2 9349/1220/2 9350/1221/2 9351/1222/2 9352/1223/2 9353/1224/2 9354/1225/2 9355/1226/2 9356/1227/2 9357/1228/2 9358/1229/2 9359/1230/2 9360/1231/2 9361/1232/2 9362/1233/2 9363/1234/2 9364/1235/2 9365/1236/2 9366/1237/2 9367/1238/2 9368/1239/2 9369/1240/2 

g Mesh176 GC200_1_79 ____2_t3_dwg1 Model

v 15336.9 -6504.08 -94906.8
v 15336.8 -6504.08 -94911.7
v 15336.9 -6504.08 -94916.6
v 15337.4 -6504.08 -94921.5
v 15338.2 -6504.08 -94926.3
v 15339.3 -6504.08 -94931.1
v 15340.7 -6504.08 -94935.8
v 15342.5 -6504.08 -94940.4
v 15344.5 -6504.08 -94944.9
v 15346.8 -6504.08 -94949.2
v 15349.4 -6504.08 -94953.4
v 15352.3 -6504.08 -94957.4
v 15355.4 -6504.08 -94961.2
v 15358.7 -6504.08 -94964.8
v 15362.3 -6504.08 -94968.1
v 15366.1 -6504.08 -94971.2
v 15370.1 -6504.08 -94974.1
v 15374.3 -6504.08 -94976.7
v 15378.6 -6504.08 -94979
v 15383.1 -6504.08 -94981
v 15387.7 -6504.08 -94982.8
v 15392.4 -6504.08 -94984.2
v 15397.1 -6504.08 -94985.3
v 15402 -6504.08 -94986.1
v 15406.9 -6504.08 -94986.6
v 15411.8 -6504.08 -94986.7
v 15416.7 -6504.08 -94986.6
v 15421.6 -6504.08 -94986.1
v 15426.4 -6504.08 -94985.3
v 15431.2 -6504.08 -94984.2
v 15435.9 -6504.08 -94982.8
v 15440.5 -6504.08 -94981
v 15445 -6504.08 -94979
v 15449.3 -6504.08 -94976.7
v 15453.5 -6504.08 -94974.1
v 15457.4 -6504.08 -94971.2
v 15461.2 -6504.08 -94968.1
v 15464.8 -6504.08 -94964.8
v 15468.2 -6504.08 -94961.2
v 15471.3 -6504.08 -94957.4
v 15474.2 -6504.08 -94953.4
v 15476.7 -6504.08 -94949.2
v 15479.1 -6504.08 -94944.9
v 15481.1 -6504.08 -94940.4
v 15482.8 -6504.08 -94935.8
v 15484.2 -6504.08 -94931.1
v 15485.4 -6504.08 -94926.3
v 15486.2 -6504.08 -94921.5
v 15486.6 -6504.08 -94916.6
v 15486.8 -6504.08 -94911.7
v 15486.6 -6504.08 -94906.8
v 15486.2 -6504.08 -94901.9
v 15485.4 -6504.08 -94897.1
v 15484.2 -6504.08 -94892.3
v 15482.8 -6504.08 -94887.6
v 15481.1 -6504.08 -94883
v 15479.1 -6504.08 -94878.5
v 15476.7 -6504.08 -94874.2
v 15474.2 -6504.08 -94870
v 15471.3 -6504.08 -94866
v 15468.2 -6504.08 -94862.2
v 15464.8 -6504.08 -94858.7
v 15461.2 -6504.08 -94855.3
v 15457.4 -6504.08 -94852.2
v 15453.5 -6504.08 -94849.3
v 15449.3 -6504.08 -94846.7
v 15445 -6504.08 -94844.4
v 15440.5 -6504.08 -94842.4
v 15435.9 -6504.08 -94840.7
v 15431.2 -6504.08 -94839.2
v 15426.4 -6504.08 -94838.1
v 15421.6 -6504.08 -94837.3
v 15416.7 -6504.08 -94836.9
v 15411.8 -6504.08 -94836.7
v 15406.9 -6504.08 -94836.9
v 15402 -6504.08 -94837.3
v 15397.1 -6504.08 -94838.1
v 15392.4 -6504.08 -94839.2
v 15387.7 -6504.08 -94840.7
v 15383.1 -6504.08 -94842.4
v 15378.6 -6504.08 -94844.4
v 15374.3 -6504.08 -94846.7
v 15370.1 -6504.08 -94849.3
v 15366.1 -6504.08 -94852.2
v 15362.3 -6504.08 -94855.3
v 15358.7 -6504.08 -94858.7
v 15355.4 -6504.08 -94862.2
v 15352.3 -6504.08 -94866
v 15349.4 -6504.08 -94870
v 15346.8 -6504.08 -94874.2
v 15344.5 -6504.08 -94878.5
v 15342.5 -6504.08 -94883
v 15340.7 -6504.08 -94887.6
v 15339.3 -6504.08 -94892.3
v 15338.2 -6504.08 -94897.1
v 15337.4 -6504.08 -94901.9
f 9370/1145/2 9371/1146/2 9372/1147/2 9373/1148/2 9374/1149/2 9375/1150/2 9376/1151/2 9377/1152/2 9378/1153/2 9379/1154/2 9380/1155/2 9381/1156/2 9382/1157/2 9383/1158/2 9384/1159/2 9385/1160/2 9386/1161/2 9387/1162/2 9388/1163/2 9389/1164/2 9390/1165/2 9391/1166/2 9392/1167/2 9393/1168/2 9394/1169/2 9395/1170/2 9396/1171/2 9397/1172/2 9398/1173/2 9399/1174/2 9400/1175/2 9401/1176/2 9402/1177/2 9403/1178/2 9404/1179/2 9405/1180/2 9406/1181/2 9407/1182/2 9408/1183/2 9409/1184/2 9410/1185/2 9411/1186/2 9412/1187/2 9413/1188/2 9414/1189/2 9415/1190/2 9416/1191/2 9417/1192/2 9418/1193/2 9419/1194/2 9420/1195/2 9421/1196/2 9422/1197/2 9423/1198/2 9424/1199/2 9425/1200/2 9426/1201/2 9427/1202/2 9428/1203/2 9429/1204/2 9430/1205/2 9431/1206/2 9432/1207/2 9433/1208/2 9434/1209/2 9435/1210/2 9436/1211/2 9437/1212/2 9438/1213/2 9439/1214/2 9440/1215/2 9441/1216/2 9442/1217/2 9443/1218/2 9444/1219/2 9445/1220/2 9446/1221/2 9447/1222/2 9448/1223/2 9449/1224/2 9450/1225/2 9451/1226/2 9452/1227/2 9453/1228/2 9454/1229/2 9455/1230/2 9456/1231/2 9457/1232/2 9458/1233/2 9459/1234/2 9460/1235/2 9461/1236/2 9462/1237/2 9463/1238/2 9464/1239/2 9465/1240/2 

g Mesh177 GC200_1_80 ____2_t3_dwg1 Model

v 16994.6 -6504.08 -96025.8
v 16994.5 -6504.08 -96030.7
v 16994.6 -6504.08 -96035.6
v 16995.1 -6504.08 -96040.5
v 16995.9 -6504.08 -96045.3
v 16997 -6504.08 -96050.1
v 16998.5 -6504.08 -96054.8
v 17000.2 -6504.08 -96059.4
v 17002.2 -6504.08 -96063.8
v 17004.5 -6504.08 -96068.2
v 17007.1 -6504.08 -96072.3
v 17010 -6504.08 -96076.3
v 17013.1 -6504.08 -96080.1
v 17016.4 -6504.08 -96083.7
v 17020 -6504.08 -96087.1
v 17023.8 -6504.08 -96090.2
v 17027.8 -6504.08 -96093
v 17032 -6504.08 -96095.6
v 17036.3 -6504.08 -96097.9
v 17040.8 -6504.08 -96100
v 17045.4 -6504.08 -96101.7
v 17050.1 -6504.08 -96103.1
v 17054.9 -6504.08 -96104.2
v 17059.7 -6504.08 -96105
v 17064.6 -6504.08 -96105.5
v 17069.5 -6504.08 -96105.7
v 17074.4 -6504.08 -96105.5
v 17079.3 -6504.08 -96105
v 17084.1 -6504.08 -96104.2
v 17088.9 -6504.08 -96103.1
v 17093.6 -6504.08 -96101.7
v 17098.2 -6504.08 -96100
v 17102.7 -6504.08 -96097.9
v 17107 -6504.08 -96095.6
v 17111.2 -6504.08 -96093
v 17115.2 -6504.08 -96090.2
v 17119 -6504.08 -96087.1
v 17122.5 -6504.08 -96083.7
v 17125.9 -6504.08 -96080.1
v 17129 -6504.08 -96076.3
v 17131.9 -6504.08 -96072.3
v 17134.5 -6504.08 -96068.2
v 17136.8 -6504.08 -96063.8
v 17138.8 -6504.08 -96059.4
v 17140.5 -6504.08 -96054.8
v 17142 -6504.08 -96050.1
v 17143.1 -6504.08 -96045.3
v 17143.9 -6504.08 -96040.5
v 17144.4 -6504.08 -96035.6
v 17144.5 -6504.08 -96030.7
v 17144.4 -6504.08 -96025.8
v 17143.9 -6504.08 -96020.9
v 17143.1 -6504.08 -96016
v 17142 -6504.08 -96011.2
v 17140.5 -6504.08 -96006.6
v 17138.8 -6504.08 -96002
v 17136.8 -6504.08 -95997.5
v 17134.5 -6504.08 -95993.2
v 17131.9 -6504.08 -95989
v 17129 -6504.08 -95985
v 17125.9 -6504.08 -95981.2
v 17122.5 -6504.08 -95977.6
v 17119 -6504.08 -95974.3
v 17115.2 -6504.08 -95971.1
v 17111.2 -6504.08 -95968.3
v 17107 -6504.08 -95965.7
v 17102.7 -6504.08 -95963.4
v 17098.2 -6504.08 -95961.4
v 17093.6 -6504.08 -95959.6
v 17088.9 -6504.08 -95958.2
v 17084.1 -6504.08 -95957.1
v 17079.3 -6504.08 -95956.3
v 17074.4 -6504.08 -95955.8
v 17069.5 -6504.08 -95955.6
v 17064.6 -6504.08 -95955.8
v 17059.7 -6504.08 -95956.3
v 17054.9 -6504.08 -95957.1
v 17050.1 -6504.08 -95958.2
v 17045.4 -6504.08 -95959.6
v 17040.8 -6504.08 -95961.4
v 17036.3 -6504.08 -95963.4
v 17032 -6504.08 -95965.7
v 17027.8 -6504.08 -95968.3
v 17023.8 -6504.08 -95971.1
v 17020 -6504.08 -95974.3
v 17016.4 -6504.08 -95977.6
v 17013.1 -6504.08 -95981.2
v 17010 -6504.08 -95985
v 17007.1 -6504.08 -95989
v 17004.5 -6504.08 -95993.2
v 17002.2 -6504.08 -95997.5
v 17000.2 -6504.08 -96002
v 16998.5 -6504.08 -96006.6
v 16997 -6504.08 -96011.2
v 16995.9 -6504.08 -96016
v 16995.1 -6504.08 -96020.9
f 9466/1145/2 9467/1146/2 9468/1147/2 9469/1148/2 9470/1149/2 9471/1150/2 9472/1151/2 9473/1152/2 9474/1153/2 9475/1154/2 9476/1155/2 9477/1156/2 9478/1157/2 9479/1158/2 9480/1159/2 9481/1160/2 9482/1161/2 9483/1162/2 9484/1163/2 9485/1164/2 9486/1165/2 9487/1166/2 9488/1167/2 9489/1168/2 9490/1169/2 9491/1170/2 9492/1171/2 9493/1172/2 9494/1173/2 9495/1174/2 9496/1175/2 9497/1176/2 9498/1177/2 9499/1178/2 9500/1179/2 9501/1180/2 9502/1181/2 9503/1182/2 9504/1183/2 9505/1184/2 9506/1185/2 9507/1186/2 9508/1187/2 9509/1188/2 9510/1189/2 9511/1190/2 9512/1191/2 9513/1192/2 9514/1193/2 9515/1194/2 9516/1195/2 9517/1196/2 9518/1197/2 9519/1198/2 9520/1199/2 9521/1200/2 9522/1201/2 9523/1202/2 9524/1203/2 9525/1204/2 9526/1205/2 9527/1206/2 9528/1207/2 9529/1208/2 9530/1209/2 9531/1210/2 9532/1211/2 9533/1212/2 9534/1213/2 9535/1214/2 9536/1215/2 9537/1216/2 9538/1217/2 9539/1218/2 9540/1219/2 9541/1220/2 9542/1221/2 9543/1222/2 9544/1223/2 9545/1224/2 9546/1225/2 9547/1226/2 9548/1227/2 9549/1228/2 9550/1229/2 9551/1230/2 9552/1231/2 9553/1232/2 9554/1233/2 9555/1234/2 9556/1235/2 9557/1236/2 9558/1237/2 9559/1238/2 9560/1239/2 9561/1240/2 

g Mesh178 GC200_1_81 ____2_t3_dwg1 Model

v 18652.3 -6504.08 -97144.7
v 18652.2 -6504.08 -97149.6
v 18652.3 -6504.08 -97154.5
v 18652.8 -6504.08 -97159.4
v 18653.6 -6504.08 -97164.3
v 18654.7 -6504.08 -97169
v 18656.2 -6504.08 -97173.7
v 18657.9 -6504.08 -97178.3
v 18659.9 -6504.08 -97182.8
v 18662.2 -6504.08 -97187.1
v 18664.8 -6504.08 -97191.3
v 18667.7 -6504.08 -97195.3
v 18670.8 -6504.08 -97199.1
v 18674.2 -6504.08 -97202.7
v 18677.7 -6504.08 -97206
v 18681.5 -6504.08 -97209.1
v 18685.5 -6504.08 -97212
v 18689.7 -6504.08 -97214.6
v 18694 -6504.08 -97216.9
v 18698.5 -6504.08 -97218.9
v 18703.1 -6504.08 -97220.7
v 18707.8 -6504.08 -97222.1
v 18712.6 -6504.08 -97223.2
v 18717.4 -6504.08 -97224
v 18722.3 -6504.08 -97224.5
v 18727.2 -6504.08 -97224.6
v 18732.1 -6504.08 -97224.5
v 18737 -6504.08 -97224
v 18741.8 -6504.08 -97223.2
v 18746.6 -6504.08 -97222.1
v 18751.3 -6504.08 -97220.7
v 18755.9 -6504.08 -97218.9
v 18760.4 -6504.08 -97216.9
v 18764.7 -6504.08 -97214.6
v 18768.9 -6504.08 -97212
v 18772.9 -6504.08 -97209.1
v 18776.7 -6504.08 -97206
v 18780.3 -6504.08 -97202.7
v 18783.6 -6504.08 -97199.1
v 18786.7 -6504.08 -97195.3
v 18789.6 -6504.08 -97191.3
v 18792.2 -6504.08 -97187.1
v 18794.5 -6504.08 -97182.8
v 18796.5 -6504.08 -97178.3
v 18798.2 -6504.08 -97173.7
v 18799.7 -6504.08 -97169
v 18800.8 -6504.08 -97164.3
v 18801.6 -6504.08 -97159.4
v 18802.1 -6504.08 -97154.5
v 18802.2 -6504.08 -97149.6
v 18802.1 -6504.08 -97144.7
v 18801.6 -6504.08 -97139.8
v 18800.8 -6504.08 -97135
v 18799.7 -6504.08 -97130.2
v 18798.2 -6504.08 -97125.5
v 18796.5 -6504.08 -97120.9
v 18794.5 -6504.08 -97116.4
v 18792.2 -6504.08 -97112.1
v 18789.6 -6504.08 -97107.9
v 18786.7 -6504.08 -97103.9
v 18783.6 -6504.08 -97100.2
v 18780.3 -6504.08 -97096.6
v 18776.7 -6504.08 -97093.2
v 18772.9 -6504.08 -97090.1
v 18768.9 -6504.08 -97087.2
v 18764.7 -6504.08 -97084.6
v 18760.4 -6504.08 -97082.3
v 18755.9 -6504.08 -97080.3
v 18751.3 -6504.08 -97078.6
v 18746.6 -6504.08 -97077.2
v 18741.8 -6504.08 -97076
v 18737 -6504.08 -97075.2
v 18732.1 -6504.08 -97074.8
v 18727.2 -6504.08 -97074.6
v 18722.3 -6504.08 -97074.8
v 18717.4 -6504.08 -97075.2
v 18712.6 -6504.08 -97076
v 18707.8 -6504.08 -97077.2
v 18703.1 -6504.08 -97078.6
v 18698.5 -6504.08 -97080.3
v 18694 -6504.08 -97082.3
v 18689.7 -6504.08 -97084.6
v 18685.5 -6504.08 -97087.2
v 18681.5 -6504.08 -97090.1
v 18677.7 -6504.08 -97093.2
v 18674.2 -6504.08 -97096.6
v 18670.8 -6504.08 -97100.2
v 18667.7 -6504.08 -97103.9
v 18664.8 -6504.08 -97107.9
v 18662.2 -6504.08 -97112.1
v 18659.9 -6504.08 -97116.4
v 18657.9 -6504.08 -97120.9
v 18656.2 -6504.08 -97125.5
v 18654.7 -6504.08 -97130.2
v 18653.6 -6504.08 -97135
v 18652.8 -6504.08 -97139.8
f 9562/1145/2 9563/1146/2 9564/1147/2 9565/1148/2 9566/1149/2 9567/1150/2 9568/1151/2 9569/1152/2 9570/1153/2 9571/1154/2 9572/1155/2 9573/1156/2 9574/1157/2 9575/1158/2 9576/1159/2 9577/1160/2 9578/1161/2 9579/1162/2 9580/1163/2 9581/1164/2 9582/1165/2 9583/1166/2 9584/1167/2 9585/1168/2 9586/1169/2 9587/1170/2 9588/1171/2 9589/1172/2 9590/1173/2 9591/1174/2 9592/1175/2 9593/1176/2 9594/1177/2 9595/1178/2 9596/1179/2 9597/1180/2 9598/1181/2 9599/1182/2 9600/1183/2 9601/1184/2 9602/1185/2 9603/1186/2 9604/1187/2 9605/1188/2 9606/1189/2 9607/1190/2 9608/1191/2 9609/1192/2 9610/1193/2 9611/1194/2 9612/1195/2 9613/1196/2 9614/1197/2 9615/1198/2 9616/1199/2 9617/1200/2 9618/1201/2 9619/1202/2 9620/1203/2 9621/1204/2 9622/1205/2 9623/1206/2 9624/1207/2 9625/1208/2 9626/1209/2 9627/1210/2 9628/1211/2 9629/1212/2 9630/1213/2 9631/1214/2 9632/1215/2 9633/1216/2 9634/1217/2 9635/1218/2 9636/1219/2 9637/1220/2 9638/1221/2 9639/1222/2 9640/1223/2 9641/1224/2 9642/1225/2 9643/1226/2 9644/1227/2 9645/1228/2 9646/1229/2 9647/1230/2 9648/1231/2 9649/1232/2 9650/1233/2 9651/1234/2 9652/1235/2 9653/1236/2 9654/1237/2 9655/1238/2 9656/1239/2 9657/1240/2 

g Mesh179 GC200_1_82 ____2_t3_dwg1 Model

v 20310.1 -6504.08 -98263.7
v 20309.9 -6504.08 -98268.6
v 20310.1 -6504.08 -98273.5
v 20310.5 -6504.08 -98278.4
v 20311.3 -6504.08 -98283.2
v 20312.5 -6504.08 -98288
v 20313.9 -6504.08 -98292.7
v 20315.6 -6504.08 -98297.3
v 20317.6 -6504.08 -98301.7
v 20320 -6504.08 -98306.1
v 20322.5 -6504.08 -98310.2
v 20325.4 -6504.08 -98314.2
v 20328.5 -6504.08 -98318
v 20331.9 -6504.08 -98321.6
v 20335.5 -6504.08 -98325
v 20339.3 -6504.08 -98328.1
v 20343.2 -6504.08 -98330.9
v 20347.4 -6504.08 -98333.5
v 20351.7 -6504.08 -98335.9
v 20356.2 -6504.08 -98337.9
v 20360.8 -6504.08 -98339.6
v 20365.5 -6504.08 -98341
v 20370.3 -6504.08 -98342.1
v 20375.1 -6504.08 -98342.9
v 20380 -6504.08 -98343.4
v 20384.9 -6504.08 -98343.6
v 20389.8 -6504.08 -98343.4
v 20394.7 -6504.08 -98342.9
v 20399.6 -6504.08 -98342.1
v 20404.3 -6504.08 -98341
v 20409 -6504.08 -98339.6
v 20413.6 -6504.08 -98337.9
v 20418.1 -6504.08 -98335.9
v 20422.4 -6504.08 -98333.5
v 20426.6 -6504.08 -98330.9
v 20430.6 -6504.08 -98328.1
v 20434.4 -6504.08 -98325
v 20438 -6504.08 -98321.6
v 20441.3 -6504.08 -98318
v 20444.4 -6504.08 -98314.2
v 20447.3 -6504.08 -98310.2
v 20449.9 -6504.08 -98306.1
v 20452.2 -6504.08 -98301.7
v 20454.2 -6504.08 -98297.3
v 20456 -6504.08 -98292.7
v 20457.4 -6504.08 -98288
v 20458.5 -6504.08 -98283.2
v 20459.3 -6504.08 -98278.4
v 20459.8 -6504.08 -98273.5
v 20459.9 -6504.08 -98268.6
v 20459.8 -6504.08 -98263.7
v 20459.3 -6504.08 -98258.8
v 20458.5 -6504.08 -98253.9
v 20457.4 -6504.08 -98249.2
v 20456 -6504.08 -98244.5
v 20454.2 -6504.08 -98239.9
v 20452.2 -6504.08 -98235.4
v 20449.9 -6504.08 -98231.1
v 20447.3 -6504.08 -98226.9
v 20444.4 -6504.08 -98222.9
v 20441.3 -6504.08 -98219.1
v 20438 -6504.08 -98215.5
v 20434.4 -6504.08 -98212.2
v 20430.6 -6504.08 -98209.1
v 20426.6 -6504.08 -98206.2
v 20422.4 -6504.08 -98203.6
v 20418.1 -6504.08 -98201.3
v 20413.6 -6504.08 -98199.3
v 20409 -6504.08 -98197.5
v 20404.3 -6504.08 -98196.1
v 20399.6 -6504.08 -98195
v 20394.7 -6504.08 -98194.2
v 20389.8 -6504.08 -98193.7
v 20384.9 -6504.08 -98193.5
v 20380 -6504.08 -98193.7
v 20375.1 -6504.08 -98194.2
v 20370.3 -6504.08 -98195
v 20365.5 -6504.08 -98196.1
v 20360.8 -6504.08 -98197.5
v 20356.2 -6504.08 -98199.3
v 20351.7 -6504.08 -98201.3
v 20347.4 -6504.08 -98203.6
v 20343.2 -6504.08 -98206.2
v 20339.3 -6504.08 -98209.1
v 20335.5 -6504.08 -98212.2
v 20331.9 -6504.08 -98215.5
v 20328.5 -6504.08 -98219.1
v 20325.4 -6504.08 -98222.9
v 20322.5 -6504.08 -98226.9
v 20320 -6504.08 -98231.1
v 20317.6 -6504.08 -98235.4
v 20315.6 -6504.08 -98239.9
v 20313.9 -6504.08 -98244.5
v 20312.5 -6504.08 -98249.2
v 20311.3 -6504.08 -98253.9
v 20310.5 -6504.08 -98258.8
f 9658/1145/2 9659/1146/2 9660/1147/2 9661/1148/2 9662/1149/2 9663/1150/2 9664/1151/2 9665/1152/2 9666/1153/2 9667/1154/2 9668/1155/2 9669/1156/2 9670/1157/2 9671/1158/2 9672/1159/2 9673/1160/2 9674/1161/2 9675/1162/2 9676/1163/2 9677/1164/2 9678/1165/2 9679/1166/2 9680/1167/2 9681/1168/2 9682/1169/2 9683/1170/2 9684/1171/2 9685/1172/2 9686/1173/2 9687/1174/2 9688/1175/2 9689/1176/2 9690/1177/2 9691/1178/2 9692/1179/2 9693/1180/2 9694/1181/2 9695/1182/2 9696/1183/2 9697/1184/2 9698/1185/2 9699/1186/2 9700/1187/2 9701/1188/2 9702/1189/2 9703/1190/2 9704/1191/2 9705/1192/2 9706/1193/2 9707/1194/2 9708/1195/2 9709/1196/2 9710/1197/2 9711/1198/2 9712/1199/2 9713/1200/2 9714/1201/2 9715/1202/2 9716/1203/2 9717/1204/2 9718/1205/2 9719/1206/2 9720/1207/2 9721/1208/2 9722/1209/2 9723/1210/2 9724/1211/2 9725/1212/2 9726/1213/2 9727/1214/2 9728/1215/2 9729/1216/2 9730/1217/2 9731/1218/2 9732/1219/2 9733/1220/2 9734/1221/2 9735/1222/2 9736/1223/2 9737/1224/2 9738/1225/2 9739/1226/2 9740/1227/2 9741/1228/2 9742/1229/2 9743/1230/2 9744/1231/2 9745/1232/2 9746/1233/2 9747/1234/2 9748/1235/2 9749/1236/2 9750/1237/2 9751/1238/2 9752/1239/2 9753/1240/2 

g Mesh180 GC200_1_83 ____2_t3_dwg1 Model

v 21967.8 -6504.08 -99382.6
v 21967.6 -6504.08 -99387.5
v 21967.8 -6504.08 -99392.4
v 21968.3 -6504.08 -99397.3
v 21969.1 -6504.08 -99402.2
v 21970.2 -6504.08 -99406.9
v 21971.6 -6504.08 -99411.6
v 21973.3 -6504.08 -99416.2
v 21975.4 -6504.08 -99420.7
v 21977.7 -6504.08 -99425
v 21980.3 -6504.08 -99429.2
v 21983.1 -6504.08 -99433.2
v 21986.2 -6504.08 -99437
v 21989.6 -6504.08 -99440.6
v 21993.2 -6504.08 -99443.9
v 21997 -6504.08 -99447
v 22001 -6504.08 -99449.9
v 22005.1 -6504.08 -99452.5
v 22009.5 -6504.08 -99454.8
v 22013.9 -6504.08 -99456.8
v 22018.5 -6504.08 -99458.6
v 22023.2 -6504.08 -99460
v 22028 -6504.08 -99461.1
v 22032.8 -6504.08 -99461.9
v 22037.7 -6504.08 -99462.4
v 22042.6 -6504.08 -99462.5
v 22047.5 -6504.08 -99462.4
v 22052.4 -6504.08 -99461.9
v 22057.3 -6504.08 -99461.1
v 22062.1 -6504.08 -99460
v 22066.8 -6504.08 -99458.6
v 22071.3 -6504.08 -99456.8
v 22075.8 -6504.08 -99454.8
v 22080.1 -6504.08 -99452.5
v 22084.3 -6504.08 -99449.9
v 22088.3 -6504.08 -99447
v 22092.1 -6504.08 -99443.9
v 22095.7 -6504.08 -99440.6
v 22099 -6504.08 -99437
v 22102.2 -6504.08 -99433.2
v 22105 -6504.08 -99429.2
v 22107.6 -6504.08 -99425
v 22109.9 -6504.08 -99420.7
v 22111.9 -6504.08 -99416.2
v 22113.7 -6504.08 -99411.6
v 22115.1 -6504.08 -99406.9
v 22116.2 -6504.08 -99402.2
v 22117 -6504.08 -99397.3
v 22117.5 -6504.08 -99392.4
v 22117.7 -6504.08 -99387.5
v 22117.5 -6504.08 -99382.6
v 22117 -6504.08 -99377.7
v 22116.2 -6504.08 -99372.9
v 22115.1 -6504.08 -99368.1
v 22113.7 -6504.08 -99363.4
v 22111.9 -6504.08 -99358.8
v 22109.9 -6504.08 -99354.3
v 22107.6 -6504.08 -99350
v 22105 -6504.08 -99345.8
v 22102.2 -6504.08 -99341.9
v 22099 -6504.08 -99338.1
v 22095.7 -6504.08 -99334.5
v 22092.1 -6504.08 -99331.1
v 22088.3 -6504.08 -99328
v 22084.3 -6504.08 -99325.1
v 22080.1 -6504.08 -99322.6
v 22075.8 -6504.08 -99320.2
v 22071.3 -6504.08 -99318.2
v 22066.8 -6504.08 -99316.5
v 22062.1 -6504.08 -99315.1
v 22057.3 -6504.08 -99313.9
v 22052.4 -6504.08 -99313.1
v 22047.5 -6504.08 -99312.7
v 22042.6 -6504.08 -99312.5
v 22037.7 -6504.08 -99312.7
v 22032.8 -6504.08 -99313.1
v 22028 -6504.08 -99313.9
v 22023.2 -6504.08 -99315.1
v 22018.5 -6504.08 -99316.5
v 22013.9 -6504.08 -99318.2
v 22009.5 -6504.08 -99320.2
v 22005.1 -6504.08 -99322.6
v 22001 -6504.08 -99325.1
v 21997 -6504.08 -99328
v 21993.2 -6504.08 -99331.1
v 21989.6 -6504.08 -99334.5
v 21986.2 -6504.08 -99338.1
v 21983.1 -6504.08 -99341.9
v 21980.3 -6504.08 -99345.8
v 21977.7 -6504.08 -99350
v 21975.4 -6504.08 -99354.3
v 21973.3 -6504.08 -99358.8
v 21971.6 -6504.08 -99363.4
v 21970.2 -6504.08 -99368.1
v 21969.1 -6504.08 -99372.9
v 21968.3 -6504.08 -99377.7
f 9754/1145/2 9755/1146/2 9756/1147/2 9757/1148/2 9758/1149/2 9759/1150/2 9760/1151/2 9761/1152/2 9762/1153/2 9763/1154/2 9764/1155/2 9765/1156/2 9766/1157/2 9767/1158/2 9768/1159/2 9769/1160/2 9770/1161/2 9771/1162/2 9772/1163/2 9773/1164/2 9774/1165/2 9775/1166/2 9776/1167/2 9777/1168/2 9778/1169/2 9779/1170/2 9780/1171/2 9781/1172/2 9782/1173/2 9783/1174/2 9784/1175/2 9785/1176/2 9786/1177/2 9787/1178/2 9788/1179/2 9789/1180/2 9790/1181/2 9791/1182/2 9792/1183/2 9793/1184/2 9794/1185/2 9795/1186/2 9796/1187/2 9797/1188/2 9798/1189/2 9799/1190/2 9800/1191/2 9801/1192/2 9802/1193/2 9803/1194/2 9804/1195/2 9805/1196/2 9806/1197/2 9807/1198/2 9808/1199/2 9809/1200/2 9810/1201/2 9811/1202/2 9812/1203/2 9813/1204/2 9814/1205/2 9815/1206/2 9816/1207/2 9817/1208/2 9818/1209/2 9819/1210/2 9820/1211/2 9821/1212/2 9822/1213/2 9823/1214/2 9824/1215/2 9825/1216/2 9826/1217/2 9827/1218/2 9828/1219/2 9829/1220/2 9830/1221/2 9831/1222/2 9832/1223/2 9833/1224/2 9834/1225/2 9835/1226/2 9836/1227/2 9837/1228/2 9838/1229/2 9839/1230/2 9840/1231/2 9841/1232/2 9842/1233/2 9843/1234/2 9844/1235/2 9845/1236/2 9846/1237/2 9847/1238/2 9848/1239/2 9849/1240/2 

g Mesh181 GC200_1_84 ____2_t3_dwg1 Model

v 23625.5 -6504.08 -100502
v 23625.3 -6504.08 -100506
v 23625.5 -6504.08 -100511
v 23626 -6504.08 -100516
v 23626.8 -6504.08 -100521
v 23627.9 -6504.08 -100526
v 23629.3 -6504.08 -100531
v 23631 -6504.08 -100535
v 23633.1 -6504.08 -100540
v 23635.4 -6504.08 -100544
v 23638 -6504.08 -100548
v 23640.8 -6504.08 -100552
v 23644 -6504.08 -100556
v 23647.3 -6504.08 -100560
v 23650.9 -6504.08 -100563
v 23654.7 -6504.08 -100566
v 23658.7 -6504.08 -100569
v 23662.8 -6504.08 -100571
v 23667.2 -6504.08 -100574
v 23671.6 -6504.08 -100576
v 23676.2 -6504.08 -100578
v 23680.9 -6504.08 -100579
v 23685.7 -6504.08 -100580
v 23690.6 -6504.08 -100581
v 23695.4 -6504.08 -100581
v 23700.4 -6504.08 -100581
v 23705.3 -6504.08 -100581
v 23710.1 -6504.08 -100581
v 23715 -6504.08 -100580
v 23719.8 -6504.08 -100579
v 23724.5 -6504.08 -100578
v 23729.1 -6504.08 -100576
v 23733.5 -6504.08 -100574
v 23737.9 -6504.08 -100571
v 23742 -6504.08 -100569
v 23746 -6504.08 -100566
v 23749.8 -6504.08 -100563
v 23753.4 -6504.08 -100560
v 23756.8 -6504.08 -100556
v 23759.9 -6504.08 -100552
v 23762.7 -6504.08 -100548
v 23765.3 -6504.08 -100544
v 23767.6 -6504.08 -100540
v 23769.7 -6504.08 -100535
v 23771.4 -6504.08 -100531
v 23772.8 -6504.08 -100526
v 23773.9 -6504.08 -100521
v 23774.7 -6504.08 -100516
v 23775.2 -6504.08 -100511
v 23775.4 -6504.08 -100506
v 23775.2 -6504.08 -100502
v 23774.7 -6504.08 -100497
v 23773.9 -6504.08 -100492
v 23772.8 -6504.08 -100487
v 23771.4 -6504.08 -100482
v 23769.7 -6504.08 -100478
v 23767.6 -6504.08 -100473
v 23765.3 -6504.08 -100469
v 23762.7 -6504.08 -100465
v 23759.9 -6504.08 -100461
v 23756.8 -6504.08 -100457
v 23753.4 -6504.08 -100453
v 23749.8 -6504.08 -100450
v 23746 -6504.08 -100447
v 23742 -6504.08 -100444
v 23737.9 -6504.08 -100442
v 23733.5 -6504.08 -100439
v 23729.1 -6504.08 -100437
v 23724.5 -6504.08 -100435
v 23719.8 -6504.08 -100434
v 23715 -6504.08 -100433
v 23710.1 -6504.08 -100432
v 23705.3 -6504.08 -100432
v 23700.4 -6504.08 -100431
v 23695.4 -6504.08 -100432
v 23690.6 -6504.08 -100432
v 23685.7 -6504.08 -100433
v 23680.9 -6504.08 -100434
v 23676.2 -6504.08 -100435
v 23671.6 -6504.08 -100437
v 23667.2 -6504.08 -100439
v 23662.8 -6504.08 -100442
v 23658.7 -6504.08 -100444
v 23654.7 -6504.08 -100447
v 23650.9 -6504.08 -100450
v 23647.3 -6504.08 -100453
v 23644 -6504.08 -100457
v 23640.8 -6504.08 -100461
v 23638 -6504.08 -100465
v 23635.4 -6504.08 -100469
v 23633.1 -6504.08 -100473
v 23631 -6504.08 -100478
v 23629.3 -6504.08 -100482
v 23627.9 -6504.08 -100487
v 23626.8 -6504.08 -100492
v 23626 -6504.08 -100497
f 9850/1145/2 9851/1146/2 9852/1147/2 9853/1148/2 9854/1149/2 9855/1150/2 9856/1151/2 9857/1152/2 9858/1153/2 9859/1154/2 9860/1155/2 9861/1156/2 9862/1157/2 9863/1158/2 9864/1159/2 9865/1160/2 9866/1161/2 9867/1162/2 9868/1163/2 9869/1164/2 9870/1165/2 9871/1166/2 9872/1167/2 9873/1168/2 9874/1169/2 9875/1170/2 9876/1171/2 9877/1172/2 9878/1173/2 9879/1174/2 9880/1175/2 9881/1176/2 9882/1177/2 9883/1178/2 9884/1179/2 9885/1180/2 9886/1181/2 9887/1182/2 9888/1183/2 9889/1184/2 9890/1185/2 9891/1186/2 9892/1187/2 9893/1188/2 9894/1189/2 9895/1190/2 9896/1191/2 9897/1192/2 9898/1193/2 9899/1194/2 9900/1195/2 9901/1196/2 9902/1197/2 9903/1198/2 9904/1199/2 9905/1200/2 9906/1201/2 9907/1202/2 9908/1203/2 9909/1204/2 9910/1205/2 9911/1206/2 9912/1207/2 9913/1208/2 9914/1209/2 9915/1210/2 9916/1211/2 9917/1212/2 9918/1213/2 9919/1214/2 9920/1215/2 9921/1216/2 9922/1217/2 9923/1218/2 9924/1219/2 9925/1220/2 9926/1221/2 9927/1222/2 9928/1223/2 9929/1224/2 9930/1225/2 9931/1226/2 9932/1227/2 9933/1228/2 9934/1229/2 9935/1230/2 9936/1231/2 9937/1232/2 9938/1233/2 9939/1234/2 9940/1235/2 9941/1236/2 9942/1237/2 9943/1238/2 9944/1239/2 9945/1240/2 

g Mesh182 ____2_t3_dwg1 Model

v 6249.83 -6504.08 -90159.7
vt -244.034 3673.1
v 22628.1 -6504.08 -101532
vt -888.849 4120.84
v 22713.7 -6504.08 -101409
vt -892.218 4115.99
v 6334.38 -6504.08 -90035.8
vt -247.363 3668.22
v 348.394 -6504.08 -86022.3
vt -11.6943 3510.21
v 264.86 -6504.08 -86146.9
vt -8.40556 3515.11
f 9946/1241/2 9947/1242/2 9948/1243/2 9949/1244/2 9950/1245/2 9951/1246/2 

g Mesh183 ____2_t3_dwg1 Model

v 156656 -6504.08 -30663.9
vt -6165.53 1330.74
v 156749 -6504.08 -30971.5
vt -6169.2 1342.85
v 156821 -6504.08 -30949.8
vt -6172.02 1342
v 156728 -6504.08 -30643.1
vt -6168.36 1329.92
v 156543 -6504.08 -29966.9
vt -6161.09 1303.3
v 156372 -6504.08 -29270.1
vt -6154.36 1275.87
v 156215 -6504.08 -28552.8
vt -6148.18 1247.63
v 156072 -6504.08 -27814.9
vt -6142.55 1218.58
v 155943 -6504.08 -27056.6
vt -6137.47 1188.72
v 155828 -6504.08 -26277.2
vt -6132.94 1158.04
v 155710 -6504.08 -25503.9
vt -6128.31 1127.59
v 155574 -6504.08 -24764.6
vt -6122.94 1098.48
v 155419 -6504.08 -24059.7
vt -6116.86 1070.74
v 155246 -6504.08 -23389.4
vt -6110.04 1044.34
v 155055 -6504.08 -22753.4
vt -6102.49 1019.31
v 154844 -6504.08 -22151.9
vt -6094.21 995.625
v 154616 -6504.08 -21584.9
vt -6085.2 973.3
v 154368 -6504.08 -21052.8
vt -6075.47 952.353
v 154123 -6504.08 -20558.5
vt -6065.83 932.89
v 153900 -6504.08 -20103.6
vt -6057.05 914.984
v 153699 -6504.08 -19687.8
vt -6049.13 898.613
v 153520 -6504.08 -19311.1
vt -6042.07 883.78
v 153362 -6504.08 -18973.4
vt -6035.86 870.485
v 153227 -6504.08 -18674.8
vt -6030.52 858.729
v 153113 -6504.08 -18415.3
vt -6026.04 848.513
v 153021 -6504.08 -18194.8
vt -6022.42 839.832
v 152931 -6504.08 -17972.9
vt -6018.89 831.096
v 152825 -6504.08 -17709.6
vt -6014.7 820.731
v 152701 -6504.08 -17405.2
vt -6009.85 808.745
v 152562 -6504.08 -17059.6
vt -6004.34 795.138
v 152405 -6504.08 -16672.8
vt -5998.17 779.91
v 152232 -6504.08 -16244.8
vt -5991.35 763.061
v 152042 -6504.08 -15775.7
vt -5983.87 744.591
v 151835 -6504.08 -15265.7
vt -5975.73 724.514
v 151629 -6504.08 -14727.9
vt -5967.63 703.341
v 151441 -6504.08 -14174.6
vt -5960.22 681.556
v 151271 -6504.08 -13605.4
vt -5953.52 659.147
v 151118 -6504.08 -13020.3
vt -5947.5 636.112
v 150983 -6504.08 -12419.4
vt -5942.19 612.452
v 150866 -6504.08 -11802.5
vt -5937.57 588.167
v 150766 -6504.08 -11169.8
vt -5933.65 563.257
v 150684 -6504.08 -10520.7
vt -5930.42 537.703
v 150605 -6504.08 -9867.19
vt -5927.32 511.974
v 150515 -6504.08 -9221.93
vt -5923.77 486.57
v 150414 -6504.08 -8585.38
vt -5919.78 461.509
v 150301 -6504.08 -7957.55
vt -5915.34 436.791
v 150177 -6504.08 -7338.43
vt -5910.47 412.416
v 150042 -6504.08 -6728.03
vt -5905.15 388.385
v 149896 -6504.08 -6126.35
vt -5899.39 364.697
v 149739 -6504.08 -5533.63
vt -5893.2 341.361
v 149569 -6504.08 -4917.68
vt -5886.53 317.111
v 149388 -6504.08 -4245.85
vt -5879.38 290.661
v 149193 -6504.08 -3517.92
vt -5871.74 262.002
v 148987 -6504.08 -2733.89
vt -5863.6 231.135
v 148767 -6504.08 -1893.75
vt -5854.96 198.059
v 148536 -6504.08 -997.523
vt -5845.83 162.774
v 148291 -6504.08 -45.1948
vt -5836.21 125.281
v 148034 -6504.08 963.748
vt -5826.09 85.5587
v 147730 -6504.08 2034.37
vt -5814.13 43.4082
v 147381 -6504.08 3066.61
vt -5800.38 2.76876
v 147310 -6504.08 3042.57
vt -5797.58 3.71529
v 147659 -6504.08 2012.1
vt -5811.31 44.2851
v 147962 -6504.08 944.249
vt -5823.24 86.3264
v 148219 -6504.08 -63.773
vt -5833.35 126.012
v 148463 -6504.08 -1016.23
vt -5842.98 163.511
v 148695 -6504.08 -1912.62
vt -5852.1 198.801
v 148914 -6504.08 -2752.92
vt -5860.74 231.884
v 149121 -6504.08 -3537.15
vt -5868.88 262.76
v 149315 -6504.08 -4265.31
vt -5876.53 291.427
v 149497 -6504.08 -4937.4
vt -5883.69 317.887
v 149666 -6504.08 -5553.19
vt -5890.35 342.131
v 149823 -6504.08 -6144.84
vt -5896.53 365.424
v 149969 -6504.08 -6745
vt -5902.28 389.053
v 150104 -6504.08 -7353.89
vt -5907.58 413.025
v 150227 -6504.08 -7971.52
vt -5912.44 437.341
v 150340 -6504.08 -8597.9
vt -5916.87 462.001
v 150441 -6504.08 -9233.01
vt -5920.85 487.006
v 150531 -6504.08 -9876.87
vt -5924.39 512.355
v 150610 -6504.08 -10529.9
vt -5927.49 538.065
v 150692 -6504.08 -11180.3
vt -5930.72 563.671
v 150792 -6504.08 -11815.4
vt -5934.66 588.673
v 150910 -6504.08 -12434.6
vt -5939.3 613.052
v 151045 -6504.08 -13038
vt -5944.63 636.809
v 151198 -6504.08 -13625.6
vt -5950.67 659.943
v 151370 -6504.08 -14197.4
vt -5957.41 682.455
v 151559 -6504.08 -14753.4
vt -5964.85 704.344
v 151765 -6504.08 -15293.2
vt -5972.99 725.597
v 151972 -6504.08 -15803.8
vt -5981.13 745.7
v 152162 -6504.08 -16273
vt -5988.61 764.17
v 152335 -6504.08 -16700.9
vt -5995.44 781.018
v 152492 -6504.08 -17087.7
vt -6001.6 796.246
v 152632 -6504.08 -17433.3
vt -6007.11 809.852
v 152755 -6504.08 -17737.7
vt -6011.96 821.838
v 152862 -6504.08 -18001
vt -6016.15 832.202
v 152951 -6504.08 -18223.3
vt -6019.69 840.954
v 153044 -6504.08 -18444.8
vt -6023.33 849.675
v 153158 -6504.08 -18705.3
vt -6027.83 859.933
v 153294 -6504.08 -19004.7
vt -6033.18 871.72
v 153452 -6504.08 -19343.1
vt -6039.4 885.039
v 153632 -6504.08 -19720.3
vt -6046.47 899.891
v 153833 -6504.08 -20136.5
vt -6054.39 916.276
v 154056 -6504.08 -20591.6
vt -6063.18 934.196
v 154301 -6504.08 -21085.3
vt -6072.81 953.631
v 154547 -6504.08 -21614.7
vt -6082.5 974.476
v 154774 -6504.08 -22178.4
vt -6091.45 996.665
v 154983 -6504.08 -22776.6
vt -6099.68 1020.22
v 155174 -6504.08 -23409.6
vt -6107.19 1045.14
v 155347 -6504.08 -24077.2
vt -6113.98 1071.42
v 155501 -6504.08 -24779.4
vt -6120.05 1099.07
v 155636 -6504.08 -25516.3
vt -6125.39 1128.08
v 155754 -6504.08 -26288.3
vt -6130.01 1158.47
v 155869 -6504.08 -27068.3
vt -6134.55 1189.18
v 155998 -6504.08 -27828.3
vt -6139.65 1219.11
v 156142 -6504.08 -28567.9
vt -6145.29 1248.22
v 156299 -6504.08 -29287
vt -6151.49 1276.53
v 156470 -6504.08 -29985.7
vt -6158.23 1304.04
f 9952/1247/2 9953/1248/2 9954/1249/2 9955/1250/2 9956/1251/2 9957/1252/2 9958/1253/2 9959/1254/2 9960/1255/2 9961/1256/2 9962/1257/2 9963/1258/2 9964/1259/2 9965/1260/2 9966/1261/2 9967/1262/2 9968/1263/2 9969/1264/2 9970/1265/2 9971/1266/2 9972/1267/2 9973/1268/2 9974/1269/2 9975/1270/2 9976/1271/2 9977/1272/2 9978/1273/2 9979/1274/2 9980/1275/2 9981/1276/2 9982/1277/2 9983/1278/2 9984/1279/2 9985/1280/2 9986/1281/2 9987/1282/2 9988/1283/2 9989/1284/2 9990/1285/2 9991/1286/2 9992/1287/2 9993/1288/2 9994/1289/2 9995/1290/2 9996/1291/2 9997/1292/2 9998/1293/2 9999/1294/2 10000/1295/2 10001/1296/2 10002/1297/2 10003/1298/2 10004/1299/2 10005/1300/2 10006/1301/2 10007/1302/2 10008/1303/2 10009/1304/2 10010/1305/2 10011/1306/2 10012/1307/2 10013/1308/2 10014/1309/2 10015/1310/2 10016/1311/2 10017/1312/2 10018/1313/2 10019/1314/2 10020/1315/2 10021/1316/2 10022/1317/2 10023/1318/2 10024/1319/2 10025/1320/2 10026/1321/2 10027/1322/2 10028/1323/2 10029/1324/2 10030/1325/2 10031/1326/2 10032/1327/2 10033/1328/2 10034/1329/2 10035/1330/2 10036/1331/2 10037/1332/2 10038/1333/2 10039/1334/2 10040/1335/2 10041/1336/2 10042/1337/2 10043/1338/2 10044/1339/2 10045/1340/2 10046/1341/2 10047/1342/2 10048/1343/2 10049/1344/2 10050/1345/2 10051/1346/2 10052/1347/2 10053/1348/2 10054/1349/2 10055/1350/2 10056/1351/2 10057/1352/2 10058/1353/2 10059/1354/2 10060/1355/2 10061/1356/2 10062/1357/2 10063/1358/2 10064/1359/2 10065/1360/2 10066/1361/2 10067/1362/2 

g Mesh184 ____2_t3_dwg1 Model

v 89108 -6504.08 -3932.92
vt -3506.17 278.341
v 89516.8 -6504.08 -3655.2
vt -3522.26 267.407
v 90085 -6504.08 -3476.51
vt -3544.63 260.372
v 90055 -6504.08 -3381.12
vt -3543.45 256.616
v 89472.7 -6504.08 -3564.21
vt -3520.53 263.825
v 89036.8 -6504.08 -3860.39
vt -3503.36 275.485
v 79915.5 -6504.08 -16757.9
vt -3144.26 783.26
v 74099.5 -6504.08 -24864.8
vt -2915.28 1102.43
v 68551.1 -6504.08 -32732.8
vt -2696.84 1412.19
v 68632.9 -6504.08 -32790.4
vt -2700.06 1414.46
v 74181 -6504.08 -24922.8
vt -2918.49 1104.71
v 79997 -6504.08 -16815.9
vt -3147.46 785.544
f 10068/1363/2 10069/1364/2 10070/1365/2 10071/1366/2 10072/1367/2 10073/1368/2 10074/1369/2 10075/1370/2 10076/1371/2 10077/1372/2 10078/1373/2 10079/1374/2 

g Mesh185 ____2_t3_dwg1 Model

v 81572.6 -6504.08 1789.64
vt -3209.5 53.0432
v 81938.1 -6504.08 -131.558
vt -3223.89 128.681
v 82036.4 -6504.08 -112.869
vt -3227.76 127.945
v 81672.1 -6504.08 1802.01
vt -3213.41 52.5561
v 81597.2 -6504.08 3057.57
vt -3210.47 3.12483
v 81497.4 -6504.08 3051.62
vt -3206.54 3.35922
f 10080/1375/2 10081/1376/2 10082/1377/2 10083/1378/2 10084/1379/2 10085/1380/2 

g Mesh186 ____2_t3_dwg1 Model

usemtl _auto_3
v 156463 -6504.08 -39744.2
vt -6157.93 1688.23
v 156713 -6504.08 -40532.9
vt -6167.8 1719.29
v 156856 -6504.08 -40487.5
vt -6173.42 1717.5
v 156605 -6504.08 -39697.1
vt -6163.54 1686.38
v 156291 -6504.08 -38780.4
vt -6151.17 1650.29
v 155975 -6504.08 -37928.8
vt -6138.71 1616.76
v 155656 -6504.08 -37142.4
vt -6126.16 1585.8
v 155334 -6504.08 -36421.2
vt -6113.51 1557.41
v 155011 -6504.08 -35765
vt -6100.76 1531.57
v 154686 -6504.08 -35175.8
vt -6087.96 1508.38
v 154375 -6504.08 -34604.2
vt -6075.75 1485.87
v 154094 -6504.08 -33996.9
vt -6064.68 1461.96
v 153841 -6504.08 -33351.9
vt -6054.71 1436.57
v 153616 -6504.08 -32669.2
vt -6045.85 1409.69
v 153419 -6504.08 -31948.7
vt -6038.09 1381.33
v 153250 -6504.08 -31190.5
vt -6031.44 1351.47
v 153109 -6504.08 -30394.5
vt -6025.89 1320.13
v 152996 -6504.08 -29559.4
vt -6021.45 1287.26
v 152881 -6504.08 -28697.4
vt -6016.93 1253.32
v 152734 -6504.08 -27823.7
vt -6011.13 1218.92
v 152555 -6504.08 -26939.4
vt -6004.09 1184.11
v 152344 -6504.08 -26044.7
vt -5995.78 1148.89
v 152101 -6504.08 -25139.6
vt -5986.21 1113.25
v 151826 -6504.08 -24224
vt -5975.39 1077.2
v 151520 -6504.08 -23297.9
vt -5963.32 1040.74
v 151181 -6504.08 -22361.6
vt -5949.99 1003.88
v 150836 -6504.08 -21463.7
vt -5936.39 968.527
v 150509 -6504.08 -20652.3
vt -5923.51 936.585
v 150199 -6504.08 -19927.3
vt -5911.34 908.04
v 149908 -6504.08 -19288.4
vt -5899.88 882.889
v 149635 -6504.08 -18735.6
vt -5889.12 861.125
v 149379 -6504.08 -18268.6
vt -5879.06 842.737
v 149141 -6504.08 -17886.9
vt -5869.66 827.71
v 148921 -6504.08 -17592.9
vt -5861 816.137
v 148717 -6504.08 -17334.9
vt -5852.97 805.979
v 148522 -6504.08 -17056.2
vt -5845.29 795.004
v 148334 -6504.08 -16753.9
vt -5837.89 783.106
v 148153 -6504.08 -16428.3
vt -5830.76 770.284
v 147979 -6504.08 -16079.1
vt -5823.91 756.539
v 147812 -6504.08 -15706.6
vt -5817.34 741.87
v 147652 -6504.08 -15310.5
vt -5811.05 726.278
v 147499 -6504.08 -14890.6
vt -5805.04 709.747
v 147353 -6504.08 -14460.8
vt -5799.28 692.823
v 147212 -6504.08 -14035.5
vt -5793.74 676.082
v 147078 -6504.08 -13615.4
vt -5788.45 659.54
v 146949 -6504.08 -13200.3
vt -5783.39 643.198
v 146827 -6504.08 -12790.3
vt -5778.56 627.056
v 146710 -6504.08 -12385.4
vt -5773.97 611.114
v 146600 -6504.08 -11985.5
vt -5769.62 595.372
v 146495 -6504.08 -11590.4
vt -5765.5 579.815
v 146387 -6504.08 -11182.2
vt -5761.27 563.746
v 146268 -6504.08 -10744.1
vt -5756.56 546.497
v 146137 -6504.08 -10276.3
vt -5751.4 528.081
v 145994 -6504.08 -9778.96
vt -5745.78 508.5
v 145840 -6504.08 -9251.95
vt -5739.69 487.752
v 145673 -6504.08 -8695.31
vt -5733.15 465.837
v 145495 -6504.08 -8109.01
vt -5726.14 442.754
v 145306 -6504.08 -7492.87
vt -5718.68 418.496
v 145107 -6504.08 -6866.51
vt -5710.84 393.837
v 144901 -6504.08 -6249.93
vt -5702.74 369.562
v 144689 -6504.08 -5643.31
vt -5694.38 345.679
v 144470 -6504.08 -5046.65
vt -5685.76 322.189
v 144244 -6504.08 -4459.97
vt -5676.88 299.091
v 144012 -6504.08 -3883.24
vt -5667.73 276.385
v 143773 -6504.08 -3316.48
vt -5658.32 254.072
v 143527 -6504.08 -2760.01
vt -5648.65 232.163
v 143283 -6504.08 -2217.08
vt -5639.03 210.788
v 143046 -6504.08 -1690.33
vt -5629.73 190.05
v 142819 -6504.08 -1179.46
vt -5620.75 169.937
v 142599 -6504.08 -684.45
vt -5612.1 150.448
v 142387 -6504.08 -205.317
vt -5603.77 131.585
v 142184 -6504.08 257.942
vt -5595.76 113.346
v 141989 -6504.08 705.327
vt -5588.08 95.7328
v 141801 -6504.08 1137.23
vt -5580.71 78.7288
v 141607 -6504.08 1575.72
vt -5573.05 61.4652
v 141390 -6504.08 2042.1
vt -5564.5 43.1039
v 141150 -6504.08 2535.98
vt -5555.06 23.6599
v 140888 -6504.08 3057.38
vt -5544.75 3.13232
v 140872 -6504.08 3089.09
vt -5544.11 1.884
v 140738 -6504.08 3020.1
vt -5538.86 4.60006
v 140754 -6504.08 2989.21
vt -5539.49 5.81597
v 141015 -6504.08 2469.57
vt -5549.77 26.2742
v 141254 -6504.08 1977.71
vt -5559.16 45.6392
v 141470 -6504.08 1513.63
vt -5567.67 63.9097
v 141664 -6504.08 1076.98
vt -5575.3 81.1009
v 141851 -6504.08 645.508
vt -5582.66 98.0879
v 142046 -6504.08 197.796
vt -5590.35 115.714
v 142250 -6504.08 -265.767
vt -5598.37 133.965
v 142462 -6504.08 -745.183
vt -5606.7 152.839
v 142681 -6504.08 -1240.45
vt -5615.36 172.338
v 142910 -6504.08 -1751.58
vt -5624.34 192.461
v 143146 -6504.08 -2278.56
vt -5633.64 213.209
v 143390 -6504.08 -2821.08
vt -5643.26 234.568
v 143635 -6504.08 -3375.91
vt -5652.9 256.411
v 143873 -6504.08 -3940.41
vt -5662.27 278.636
v 144104 -6504.08 -4514.92
vt -5671.38 301.254
v 144329 -6504.08 -5099.43
vt -5680.23 324.266
v 144548 -6504.08 -5693.93
vt -5688.83 347.672
v 144759 -6504.08 -6298.44
vt -5697.16 371.472
v 144964 -6504.08 -6912.95
vt -5705.23 395.665
v 145163 -6504.08 -7537.64
vt -5713.04 420.259
v 145352 -6504.08 -8152.86
vt -5720.5 444.48
v 145530 -6504.08 -8738.55
vt -5727.49 467.539
v 145696 -6504.08 -9294.52
vt -5734.03 489.427
v 145850 -6504.08 -9820.76
vt -5740.1 510.146
v 145993 -6504.08 -10317.3
vt -5745.72 529.694
v 146123 -6504.08 -10784
vt -5750.87 548.07
v 146243 -6504.08 -11221.1
vt -5755.56 565.276
v 146350 -6504.08 -11628.7
vt -5759.79 581.324
v 146455 -6504.08 -12024.7
vt -5763.92 596.915
v 146566 -6504.08 -12426.1
vt -5768.29 612.718
v 146683 -6504.08 -12832.5
vt -5772.9 628.719
v 146806 -6504.08 -13244
vt -5777.74 644.917
v 146935 -6504.08 -13660.4
vt -5782.81 661.314
v 147070 -6504.08 -14081.9
vt -5788.13 677.909
v 147211 -6504.08 -14508.5
vt -5793.68 694.701
v 147358 -6504.08 -14940.5
vt -5799.47 711.708
v 147512 -6504.08 -15364.2
vt -5805.54 728.392
v 147674 -6504.08 -15765.3
vt -5811.91 744.182
v 147843 -6504.08 -16143.3
vt -5818.57 759.064
v 148020 -6504.08 -16498.2
vt -5825.53 773.037
v 148204 -6504.08 -16830.1
vt -5832.8 786.102
v 148397 -6504.08 -17138.8
vt -5840.36 798.259
v 148596 -6504.08 -17424.5
vt -5848.23 809.506
v 148802 -6504.08 -17684.4
vt -5856.32 819.739
v 149017 -6504.08 -17971.7
vt -5864.79 831.05
v 149250 -6504.08 -18344.4
vt -5873.96 845.722
v 149502 -6504.08 -18804.9
vt -5883.88 863.853
v 149773 -6504.08 -19352.8
vt -5894.55 885.423
v 150062 -6504.08 -19987.8
vt -5905.94 910.423
v 150370 -6504.08 -20709.8
vt -5918.06 938.848
v 150696 -6504.08 -21518.6
vt -5930.9 970.691
v 151041 -6504.08 -22414
vt -5944.45 1005.94
v 151378 -6504.08 -23347
vt -5957.74 1042.68
v 151683 -6504.08 -24269.1
vt -5969.76 1078.98
v 151957 -6504.08 -25180.6
vt -5980.53 1114.86
v 152199 -6504.08 -26081.4
vt -5990.05 1150.33
v 152409 -6504.08 -26971.5
vt -5998.32 1185.37
v 152587 -6504.08 -27851
vt -6005.33 1220
v 152733 -6504.08 -28719.8
vt -6011.09 1254.2
v 152848 -6504.08 -29579.3
vt -6015.6 1288.04
v 152961 -6504.08 -30417.6
vt -6020.06 1321.04
v 153103 -6504.08 -31219.9
vt -6025.65 1352.63
v 153273 -6504.08 -31984.9
vt -6032.36 1382.75
v 153472 -6504.08 -32712.5
vt -6040.19 1411.4
v 153700 -6504.08 -33402.9
vt -6049.16 1438.58
v 153956 -6504.08 -34055.9
vt -6059.25 1464.28
v 154241 -6504.08 -34671.5
vt -6070.47 1488.52
v 154554 -6504.08 -35247.8
vt -6082.78 1511.21
v 154878 -6504.08 -35834.4
vt -6095.53 1534.31
v 155199 -6504.08 -36484.9
vt -6108.16 1559.91
v 155518 -6504.08 -37201.1
vt -6120.72 1588.11
v 155835 -6504.08 -37983.1
vt -6133.2 1618.9
v 156150 -6504.08 -38830.8
vt -6145.61 1652.27
f 10086/1381/2 10087/1382/2 10088/1383/2 10089/1384/2 10090/1385/2 10091/1386/2 10092/1387/2 10093/1388/2 10094/1389/2 10095/1390/2 10096/1391/2 10097/1392/2 10098/1393/2 10099/1394/2 10100/1395/2 10101/1396/2 10102/1397/2 10103/1398/2 10104/1399/2 10105/1400/2 10106/1401/2 10107/1402/2 10108/1403/2 10109/1404/2 10110/1405/2 10111/1406/2 10112/1407/2 10113/1408/2 10114/1409/2 10115/1410/2 10116/1411/2 10117/1412/2 10118/1413/2 10119/1414/2 10120/1415/2 10121/1416/2 10122/1417/2 10123/1418/2 10124/1419/2 10125/1420/2 10126/1421/2 10127/1422/2 10128/1423/2 10129/1424/2 10130/1425/2 10131/1426/2 10132/1427/2 10133/1428/2 10134/1429/2 10135/1430/2 10136/1431/2 10137/1432/2 10138/1433/2 10139/1434/2 10140/1435/2 10141/1436/2 10142/1437/2 10143/1438/2 10144/1439/2 10145/1440/2 10146/1441/2 10147/1442/2 10148/1443/2 10149/1444/2 10150/1445/2 10151/1446/2 10152/1447/2 10153/1448/2 10154/1449/2 10155/1450/2 10156/1451/2 10157/1452/2 10158/1453/2 10159/1454/2 10160/1455/2 10161/1456/2 10162/1457/2 10163/1458/2 10164/1459/2 10165/1460/2 10166/1461/2 10167/1462/2 10168/1463/2 10169/1464/2 10170/1465/2 10171/1466/2 10172/1467/2 10173/1468/2 10174/1469/2 10175/1470/2 10176/1471/2 10177/1472/2 10178/1473/2 10179/1474/2 10180/1475/2 10181/1476/2 10182/1477/2 10183/1478/2 10184/1479/2 10185/1480/2 10186/1481/2 10187/1482/2 10188/1483/2 10189/1484/2 10190/1485/2 10191/1486/2 10192/1487/2 10193/1488/2 10194/1489/2 10195/1490/2 10196/1491/2 10197/1492/2 10198/1493/2 10199/1494/2 10200/1495/2 10201/1496/2 10202/1497/2 10203/1498/2 10204/1499/2 10205/1500/2 10206/1501/2 10207/1502/2 10208/1503/2 10209/1504/2 10210/1505/2 10211/1506/2 10212/1507/2 10213/1508/2 10214/1509/2 10215/1510/2 10216/1511/2 10217/1512/2 10218/1513/2 10219/1514/2 10220/1515/2 10221/1516/2 10222/1517/2 10223/1518/2 10224/1519/2 10225/1520/2 10226/1521/2 10227/1522/2 10228/1523/2 10229/1524/2 10230/1525/2 10231/1526/2 10232/1527/2 10233/1528/2 10234/1529/2 10235/1530/2 10236/1531/2 10237/1532/2 10238/1533/2 10239/1534/2 

g Mesh187 ____2_t3_dwg1 Model

usemtl _auto_
v 120008 -6504.08 -77982.2
vt -4722.69 3193.67
v 97418.1 -6504.08 -70821.9
vt -3833.33 2911.76
v 97368.4 -6504.08 -70911
vt -3831.38 2915.27
v 119997 -6504.08 -78083.8
vt -4722.29 3197.67
v 121146 -6504.08 -77963.6
vt -4767.52 3192.94
v 121413 -6504.08 -76961.1
vt -4778.03 3153.46
v 122081 -6504.08 -71701.5
vt -4804.31 2946.39
v 121982 -6504.08 -71688.9
vt -4800.41 2945.9
v 121315 -6504.08 -76941.8
vt -4774.16 3152.71
v 121068 -6504.08 -77871.3
vt -4764.42 3189.3
f 10240/1535/2 10241/1536/2 10242/1537/2 10243/1538/2 10244/1539/2 10245/1540/2 10246/1541/2 10247/1542/2 10248/1543/2 10249/1544/2 

v 97223.5 -6504.08 -70760.2
vt -3825.67 2909.34
v 97173.9 -6504.08 -70849.4
vt -3823.72 2912.85
f 10241/1536/2 10250/1545/2 10251/1546/2 10242/1537/2 

usemtl _auto_1
v 97525.9 -6504.08 -70216.6
vt -3837.58 2887.93
v 97727.9 -6504.08 -70265
vt -3845.53 2889.84
v 97526.5 -6504.08 -64890
vt -3837.61 2678.22
v 97394.1 -6504.08 -65682
vt -3832.39 2709.41
v 97361.1 -6504.08 -65816
vt -3831.09 2714.68
f 10252/1547/2 10250/1545/2 10241/1536/2 10253/1548/2 10254/1549/2 10255/1550/2 10256/1551/2 

v 97512.4 -6504.08 -64511.5
vt -3837.05 2663.32
v 97488.4 -6504.08 -64534.5
vt -3836.11 2664.23
v 97697.5 -6504.08 -70114
vt -3844.34 2883.89
v 97626.9 -6504.08 -70240.8
vt -3841.56 2888.89
v 96060.1 -6504.08 -73057.3
vt -3779.87 2999.77
v 95456.5 -6504.08 -74141.9
vt -3756.11 3042.47
v 94393.3 -6504.08 -76230.7
vt -3714.25 3124.71
v 92493.3 -6504.08 -79962.8
vt -3639.45 3271.64
v 92493.3 -6504.08 -79962.8
vt -3639.44 3271.64
v 90529.3 -6504.08 -82162.5
vt -3562.12 3358.24
v 92493.3 -6504.08 -79962.8
v 95456.5 -6504.08 -74141.9
vt -3756.11 3042.48
v 97626.9 -6504.08 -70240.8
v 97410.7 -6504.08 -64469.4
vt -3833.05 2661.67
v 66421.4 -6504.08 -38550.4
vt -2612.99 1641.23
v 66452.4 -6504.08 -38706.6
vt -2614.21 1647.39
v 97312.5 -6504.08 -64517.6
vt -3829.18 2663.57
f 10254/1549/2 10257/1552/2 10258/1553/2 10259/1554/2 10260/1555/2 10261/1556/2 10262/1557/2 10263/1558/2 10264/1559/2 10265/1560/2 10266/1561/2 10267/1559/2 10268/1562/2 10269/1555/2 10270/1563/2 10271/1564/2 10272/1565/2 10273/1566/2 10256/1551/2 10255/1550/2 

v 96317.9 -6504.08 -63425.1
vt -3790.02 2620.55
v 66468.9 -6504.08 -38459.7
vt -2614.86 1637.66
v 92493.3 -6504.08 -79962.8
v 97626.9 -6504.08 -70240.8
v 97509 -6504.08 -64421.3
vt -3836.91 2659.77
f 10274/1567/2 10275/1568/2 10271/1564/2 10270/1563/2 10260/1555/2 10268/1562/2 10264/1559/2 10266/1561/2 10265/1560/2 10276/1559/2 10263/1558/2 10262/1557/2 10261/1556/2 10277/1555/2 10259/1554/2 10258/1553/2 10257/1552/2 10278/1569/2 

v 66390.4 -6504.08 -38394.1
vt -2611.77 1635.08
f 10279/1570/2 10271/1564/2 10275/1568/2

v 61868.1 -6504.08 -47239.6
vt -2433.73 1983.33
f 10279/1570/2 10280/1571/2 10271/1564/2

v 57147.7 -6504.08 -56032.5
vt -2247.89 2329.51
v 57246.2 -6504.08 -56059.9
vt -2251.77 2330.58
f 10281/1572/2 10282/1573/2 10280/1571/2 10279/1570/2 

v 57058.4 -6504.08 -59252.5
vt -2244.37 2456.28
f 10281/1572/2 10283/1574/2 10282/1573/2

v 56976.5 -6504.08 -60643.3
vt -2241.15 2511.03
f 10281/1572/2 10284/1575/2 10283/1574/2

v 56768.8 -6504.08 -62471.5
vt -2232.97 2583.01
v 56809.1 -6504.08 -63941.5
vt -2234.56 2640.88
v 56853.8 -6504.08 -63949.3
vt -2236.32 2641.19
v 56885.7 -6504.08 -63088.8
vt -2237.57 2607.31
v 56868.8 -6504.08 -62473.1
vt -2236.91 2583.07
f 10285/1576/2 10286/1577/2 10287/1578/2 10288/1579/2 10289/1580/2 10284/1575/2 10281/1572/2 

v 56828.2 -6504.08 -64637.2
vt -2235.31 2668.27
f 10290/1581/2 10287/1578/2 10286/1577/2

v 56872.8 -6504.08 -63952.6
vt -2237.06 2641.32
f 10290/1581/2 10291/1582/2 10287/1578/2

v 56902.7 -6504.08 -67356.2
vt -2238.24 2775.32
v 57019 -6504.08 -68017.2
vt -2242.82 2801.34
v 57018.2 -6504.08 -67925
vt -2242.79 2797.71
v 56928 -6504.08 -64634.5
vt -2239.24 2668.17
v 56988.6 -6504.08 -64648.1
vt -2241.62 2668.7
v 56988.6 -6504.08 -64648.1
v 56988.6 -6504.08 -64648.1
v 56928.2 -6504.08 -64634.5
v 56898.6 -6504.08 -63556
vt -2238.08 2625.71
v 56898.5 -6504.08 -63556.7
vt -2238.08 2625.73
f 10290/1581/2 10292/1583/2 10293/1584/2 10294/1585/2 10295/1586/2 10296/1587/2 10297/1587/2 10298/1587/2 10299/1586/2 10300/1588/2 10301/1589/2 10291/1582/2 

v 57025.6 -6504.08 -68747.1
vt -2243.08 2830.08
v 56941.2 -6504.08 -68761.5
vt -2239.76 2830.65
f 10302/1590/2 10293/1584/2 10292/1583/2 10303/1591/2 

v 57065.8 -6504.08 -73020.7
vt -2244.66 2998.33
v 57047.8 -6504.08 -69003.8
vt -2243.95 2840.19
v 57064.1 -6504.08 -73007.4
vt -2244.6 2997.81
f 10304/1592/2 10305/1593/2 10294/1585/2 10293/1584/2 10302/1590/2 10306/1594/2 

v 57109.1 -6504.08 -73362.3
vt -2246.37 3011.78
v 57167.2 -6504.08 -73359.5
vt -2248.65 3011.67
f 10305/1593/2 10304/1592/2 10307/1595/2 10308/1596/2 

usemtl _auto_
v 57067.4 -6504.08 -73364.4
vt -2244.72 3011.86
f 10304/1592/2 10309/1597/2 10307/1595/2

f 10304/1592/2 10306/1594/2 10309/1597/2

v 57055.8 -6504.08 -72941.3
vt -2244.27 2995.21
f 10310/1598/2 10309/1597/2 10306/1594/2

v 56436.2 -6504.08 -68844.3
vt -2219.88 2833.91
v 57143.5 -6504.08 -74430.2
vt -2247.72 3053.82
v 56535.7 -6504.08 -68833.6
vt -2223.79 2833.49
v 56097 -6504.08 -63858.2
vt -2206.52 2637.61
v 56017.5 -6504.08 -61755.6
vt -2203.39 2554.82
v 55900.1 -6504.08 -59241.1
vt -2198.77 2455.83
v 56382.2 -6504.08 -55596.4
vt -2217.75 2312.34
v 57043.8 -6504.08 -53639.3
vt -2243.8 2235.29
v 57432.3 -6504.08 -52682.7
vt -2259.09 2197.62
v 66586.9 -6504.08 -36140
vt -2619.51 1546.34
v 68634.7 -6504.08 -32787.7
vt -2700.13 1414.36
v 68549.3 -6504.08 -32735.6
vt -2696.77 1412.3
v 66500.4 -6504.08 -36089.7
vt -2616.1 1544.36
v 57341.9 -6504.08 -52639.5
vt -2255.53 2195.92
v 56950 -6504.08 -53604.5
vt -2240.11 2233.91
v 56284.3 -6504.08 -55573.6
vt -2213.9 2311.44
v 55799.8 -6504.08 -59236.8
vt -2194.82 2455.66
v 55917.6 -6504.08 -61759.8
vt -2199.46 2554.99
v 55997.2 -6504.08 -63864.5
vt -2202.59 2637.85
f 10311/1599/2 10312/1600/2 10309/1597/2 10310/1598/2 10313/1601/2 10314/1602/2 10315/1603/2 10316/1604/2 10317/1605/2 10318/1606/2 10319/1607/2 10320/1608/2 10321/1609/2 10322/1610/2 10323/1611/2 10324/1612/2 10325/1613/2 10326/1614/2 10327/1615/2 10328/1616/2 10329/1617/2 

usemtl _auto_1
v 57829.5 -6504.08 -82630.1
vt -2274.73 3376.65
v 57829.4 -6504.08 -82628.9
vt -2274.73 3376.61
v 58391.3 -6504.08 -91898.3
vt -2296.85 3741.55
f 10330/1618/2 10331/1619/2 10308/1596/2 10307/1595/2 10309/1597/2 10312/1600/2 10332/1620/2 

v 58522 -6504.08 -91796.1
vt -2301.99 3737.52
v 57569 -6504.08 -77791
vt -2264.48 3186.14
v 57505.9 -6504.08 -77292
vt -2261.99 3166.5
v 58486.3 -6504.08 -91824.1
vt -2300.59 3738.62
f 10333/1621/2 10334/1622/2 10335/1623/2 10331/1619/2 10330/1618/2 10336/1624/2 

usemtl _auto_
v 57451.9 -6504.08 -76070.2
vt -2259.87 3118.39
v 57413.3 -6504.08 -75764.8
vt -2258.34 3106.37
f 10337/1625/2 10338/1626/2 10335/1623/2 10334/1622/2 

usemtl _auto_1
v 57267.2 -6504.08 -73354.5
vt -2252.59 3011.47
f 10339/1627/2 10338/1626/2 10337/1625/2

v 57167.2 -6504.08 -73359.5
vt -2248.66 3011.67
f 10340/1628/2 10308/1596/2 10331/1619/2 10335/1623/2 10338/1626/2 10339/1627/2 

v 57047.8 -6504.08 -69001
vt -2243.95 2840.08
f 10341/1629/2 10305/1593/2 10308/1596/2 10340/1628/2 

v 57018.2 -6504.08 -67921.3
vt -2242.79 2797.57
f 10305/1593/2 10341/1629/2 10342/1630/2 10294/1585/2 

v 57046.6 -6504.08 -68743.5
vt -2243.91 2829.94
v 57044 -6504.08 -68159
vt -2243.8 2806.93
v 57028.3 -6504.08 -64657.1
vt -2243.19 2669.06
f 10296/1587/2 10342/1630/2 10341/1629/2 10343/1631/2 10344/1632/2 10345/1633/2 

f 10342/1630/2 10296/1587/2 10295/1586/2 10294/1585/2 

v 57140.4 -6504.08 -68727.6
vt -2247.6 2829.31
f 10343/1631/2 10341/1629/2 10340/1628/2 10339/1627/2 10346/1634/2 

v 57139.7 -6504.08 -68702.9
vt -2247.57 2828.34
f 10344/1632/2 10343/1631/2 10346/1634/2 10347/1635/2 

v 57028.8 -6504.08 -64657.2
vt -2243.21 2669.06
f 10345/1633/2 10344/1632/2 10347/1635/2 10348/1636/2 

v 57028.3 -6504.08 -64657
vt -2243.19 2669.05
v 57028.8 -6504.08 -64657.2
v 57028.8 -6504.08 -64657.1
v 57028.3 -6504.08 -64657
f 10349/1637/2 10345/1633/2 10348/1636/2 10350/1636/2 10351/1636/2 10352/1637/2 

f 10297/1587/2 10296/1587/2 10345/1633/2 10349/1637/2 10352/1637/2 10298/1587/2 

v 57028.1 -6504.08 -64631.7
vt -2243.18 2668.06
v 57010.2 -6504.08 -63976.7
vt -2242.47 2642.27
v 56982.5 -6504.08 -63971.9
vt -2241.38 2642.08
f 10353/1638/2 10354/1639/2 10355/1640/2 10298/1587/2 10352/1637/2 

v 56968.9 -6504.08 -62474.6
vt -2240.85 2583.13
f 10356/1641/2 10355/1640/2 10354/1639/2

f 10356/1641/2 10300/1588/2 10299/1586/2 10298/1587/2 10355/1640/2 

v 56976.4 -6504.08 -60645
vt -2241.15 2511.1
v 56885.7 -6504.08 -63088
vt -2237.57 2607.28
v 57058.3 -6504.08 -59253.7
vt -2244.37 2456.32
f 10357/1642/2 10358/1643/2 10300/1588/2 10356/1641/2 10359/1644/2 

v 56868.9 -6504.08 -62473.1
f 10358/1643/2 10357/1642/2 10360/1580/2

f 10357/1642/2 10284/1575/2 10289/1580/2 10288/1579/2 10358/1643/2 10360/1580/2 

f 10359/1644/2 10283/1574/2 10284/1575/2 10357/1642/2 

v 57257.3 -6504.08 -56062.9
vt -2252.2 2330.7
v 57244.7 -6504.08 -56087.1
vt -2251.71 2331.65
f 10361/1645/2 10282/1573/2 10283/1574/2 10359/1644/2 10362/1646/2 

v 61601 -6504.08 -47762.1
vt -2423.21 2003.9
f 10363/1647/2 10280/1571/2 10282/1573/2 10361/1645/2 

f 10363/1647/2 10271/1564/2 10280/1571/2

v 57344.8 -6504.08 -56087.2
vt -2255.65 2331.66
f 10272/1565/2 10271/1564/2 10363/1647/2 10364/1648/2 

f 10364/1648/2 10363/1647/2 10361/1645/2

f 10364/1648/2 10361/1645/2 10362/1646/2 10359/1644/2 10356/1641/2 

f 10358/1643/2 10288/1579/2 10301/1589/2 10300/1588/2 

f 10288/1579/2 10287/1578/2 10291/1582/2 10301/1589/2 

f 10353/1638/2 10352/1637/2 10351/1636/2

usemtl _auto_
f 10312/1600/2 10335/1623/2 10338/1626/2 10307/1595/2 10309/1597/2 

v 57473.1 -6504.08 -76237
vt -2260.7 3124.96
v 57603.5 -6504.08 -78063.5
vt -2265.83 3196.87
f 10365/1649/2 10337/1625/2 10334/1622/2 10366/1650/2 

v 58933 -6504.08 -91286.5
vt -2318.17 3717.46
v 58954.3 -6504.08 -91936.8
vt -2319.01 3743.06
v 59055.4 -6504.08 -91969.7
vt -2322.99 3744.36
v 59032.9 -6504.08 -91283.4
vt -2322.11 3717.34
v 59002.9 -6504.08 -90296.7
vt -2320.93 3678.49
v 58030.6 -6504.08 -80640.3
vt -2282.65 3298.32
v 57931.2 -6504.08 -80651.6
vt -2278.74 3298.76
v 58903 -6504.08 -90303.2
vt -2316.99 3678.75
f 10367/1651/2 10368/1652/2 10369/1653/2 10370/1654/2 10371/1655/2 10372/1656/2 10365/1649/2 10366/1650/2 10373/1657/2 10374/1658/2 

v 58956.3 -6504.08 -92000.1
vt -2319.09 3745.55
v 59057.4 -6504.08 -92032.2
vt -2323.07 3746.82
f 10368/1652/2 10375/1659/2 10376/1660/2 10369/1653/2 

v 58956.6 -6504.08 -92009.4
vt -2319.11 3745.92
v 59057.8 -6504.08 -92044
vt -2323.09 3747.28
f 10375/1659/2 10377/1661/2 10378/1662/2 10376/1660/2 

usemtl _auto_1
v 58590.8 -6504.08 -91884.1
vt -2304.7 3740.99
f 10379/1663/2 10377/1661/2 10375/1659/2

usemtl _auto_
v 59062.3 -6504.08 -92182.3
vt -2323.27 3752.72
v 58961.2 -6504.08 -92149.4
vt -2319.29 3751.43
f 10380/1664/2 10378/1662/2 10377/1661/2 10381/1665/2 

v 59254 -6504.08 -98031.9
vt -2330.81 3983.02
v 59157.9 -6504.08 -98154.1
vt -2327.03 3987.83
v 59849.3 -6504.08 -98009.8
vt -2354.25 3982.15
v 59564.7 -6504.08 -101467
vt -2343.04 4118.25
v 59664.4 -6504.08 -101475
vt -2346.97 4118.58
v 59960 -6504.08 -97884.5
vt -2358.61 3977.22
f 10382/1666/2 10380/1664/2 10381/1665/2 10383/1667/2 10384/1668/2 10385/1669/2 10386/1670/2 10387/1671/2 

usemtl _auto_1
v 60153.3 -6504.08 -92380.1
vt -2366.22 3760.51
v 60151.7 -6504.08 -92418.6
vt -2366.15 3762.03
f 10388/1672/2 10376/1660/2 10378/1662/2 10389/1673/2 

v 66860.4 -6504.08 -94509.3
vt -2630.28 3844.34
v 60907.3 -6504.08 -92677.4
vt -2395.9 3772.22
v 66961.2 -6504.08 -94647.3
vt -2634.25 3849.77
f 10390/1674/2 10388/1672/2 10389/1673/2 10391/1675/2 10392/1676/2 

v 67062.1 -6504.08 -94785.3
vt -2638.22 3855.2
f 10393/1677/2 10392/1676/2 10391/1675/2

v 67051.3 -6504.08 -93024
vt -2637.79 3785.86
v 66973.7 -6504.08 -93000.9
vt -2634.74 3784.96
v 66952.8 -6504.08 -93278.5
vt -2633.92 3795.88
f 10393/1677/2 10394/1678/2 10395/1679/2 10396/1680/2 10392/1676/2 

v 67045.3 -6504.08 -92047.7
vt -2637.56 3747.43
f 10397/1681/2 10395/1679/2 10394/1678/2

v 66944.5 -6504.08 -91910.8
vt -2633.59 3742.04
v 66944.5 -6504.08 -91910.7
vt -2633.59 3742.03
f 10398/1682/2 10399/1683/2 10396/1680/2 10395/1679/2 10397/1681/2 

v 74836.5 -6504.08 -94417.3
vt -2944.3 3840.72
v 81924.7 -6504.08 -96573.1
vt -3223.36 3925.59
v 81927.1 -6504.08 -96564.4
vt -3223.45 3925.25
v 66943.8 -6504.08 -91805.6
vt -2633.56 3737.9
f 10400/1684/2 10401/1685/2 10402/1686/2 10403/1687/2 10399/1683/2 10398/1682/2 

v 81900.9 -6504.08 -96661
vt -3222.42 3929.05
f 10400/1684/2 10404/1688/2 10401/1685/2

v 82647.3 -6504.08 -97002.9
vt -3251.81 3942.51
v 82685.3 -6504.08 -96910.1
vt -3253.31 3938.86
f 10405/1689/2 10406/1690/2 10404/1688/2 10400/1684/2 10397/1681/2 

v 82742.9 -6504.08 -97033.3
vt -3255.57 3943.71
f 10407/1691/2 10406/1690/2 10405/1689/2

v 84929.2 -6504.08 -91434.5
vt -3341.65 3723.28
f 10407/1691/2 10408/1692/2 10406/1690/2

v 87287.6 -6504.08 -85943.3
vt -3434.5 3507.09
v 87201.6 -6504.08 -85889.5
vt -3431.11 3504.98
f 10409/1693/2 10410/1694/2 10408/1692/2 10407/1691/2 

v 88871.1 -6504.08 -84019.6
vt -3496.84 3431.36
f 10409/1693/2 10411/1695/2 10410/1694/2

v 90603.9 -6504.08 -82229.1
vt -3565.06 3360.87
f 10412/1696/2 10266/1561/2 10411/1695/2 10409/1693/2 

v 96664.4 -6504.08 -72176.6
vt -3803.66 2965.1
v 96489.6 -6504.08 -72079.3
vt -3796.78 2961.27
v 95368.2 -6504.08 -74094.9
vt -3752.63 3040.63
v 94368.5 -6504.08 -76058.8
vt -3713.27 3117.94
v 93885.8 -6504.08 -77007
vt -3694.27 3155.27
v 92410 -6504.08 -79905.9
vt -3636.17 3269.4
v 90471 -6504.08 -82077.6
vt -3559.83 3354.9
v 92576.5 -6504.08 -80019.8
vt -3642.72 3273.89
v 94064 -6504.08 -77097.7
vt -3701.28 3158.85
v 94546.8 -6504.08 -76149.6
vt -3720.29 3121.52
v 95544.8 -6504.08 -74189
vt -3759.58 3044.33
f 10413/1697/2 10242/1537/2 10251/1546/2 10414/1698/2 10415/1699/2 10416/1700/2 10417/1701/2 10418/1702/2 10419/1703/2 10266/1561/2 10412/1696/2 10420/1704/2 10421/1705/2 10422/1706/2 10423/1707/2 

v 90454.7 -6504.08 -82095.9
vt -3559.19 3355.62
f 10424/1708/2 10266/1561/2 10419/1703/2

f 10424/1708/2 10411/1695/2 10266/1561/2

v 87115.5 -6504.08 -85835.7
vt -3427.72 3502.86
f 10425/1709/2 10410/1694/2 10411/1695/2 10424/1708/2 

f 10425/1709/2 10408/1692/2 10410/1694/2

v 82627.8 -6504.08 -96786.9
vt -3251.04 3934.01
f 10426/1710/2 10406/1690/2 10408/1692/2 10425/1709/2 

f 10426/1710/2 10401/1685/2 10404/1688/2 10406/1690/2 

f 10426/1710/2 10402/1686/2 10401/1685/2

f 10397/1681/2 10400/1684/2 10398/1682/2

v 66843.6 -6504.08 -91773.8
vt -2629.62 3736.64
f 10427/1711/2 10399/1683/2 10403/1687/2

v 66844.3 -6504.08 -91878.9
vt -2629.64 3740.78
f 10427/1711/2 10428/1712/2 10399/1683/2

v 66850.9 -6504.08 -92964.4
vt -2629.9 3783.52
f 10396/1680/2 10399/1683/2 10428/1712/2 10429/1713/2 10390/1674/2 

f 10390/1674/2 10392/1676/2 10396/1680/2

v 58486.2 -6504.08 -91824.1
f 10430/1624/2 10336/1624/2 10330/1618/2 10332/1620/2 

f 10306/1594/2 10302/1590/2 10303/1591/2 10310/1598/2 

usemtl _auto_
v 95845.6 -6504.08 -70428.4
vt -3771.43 2896.27
v 95875.8 -6504.08 -70333
vt -3772.62 2892.52
f 10431/1714/2 10251/1546/2 10250/1545/2 10432/1715/2 

g Mesh188 ____2_t3_dwg1 Model

v 265.009 -6504.08 -100099
vt -8.41141 4064.42
v 2414.46 -6504.08 -101533
vt -93.0354 4120.87
v 2497.69 -6504.08 -101408
vt -96.3124 4115.96
v 348.246 -6504.08 -99974.6
vt -11.6884 4059.51
f 10433/1716/2 10434/1717/2 10435/1718/2 10436/1719/2 

g Mesh189 ____2_t3_dwg1 Model

v 156726 -6504.08 -51349.3
vt -6168.29 2145.13
v 156750 -6504.08 -51414.2
vt -6169.22 2147.68
v 156820 -6504.08 -51388.6
vt -6172 2146.67
v 156796 -6504.08 -51323.6
vt -6171.07 2144.12
v 156579 -6504.08 -50729.7
vt -6162.52 2120.73
v 156373 -6504.08 -50168.1
vt -6154.41 2098.62
v 156175 -6504.08 -49629.4
vt -6146.6 2077.42
v 155981 -6504.08 -49104.5
vt -6138.95 2056.75
v 155791 -6504.08 -48593.3
vt -6131.46 2036.62
v 155605 -6504.08 -48095.8
vt -6124.15 2017.04
v 155423 -6504.08 -47612
vt -6117 1997.99
v 155246 -6504.08 -47142
vt -6110.01 1979.49
v 155072 -6504.08 -46685.7
vt -6103.19 1961.52
v 154903 -6504.08 -46243.2
vt -6096.54 1944.1
v 154733 -6504.08 -45790.5
vt -6089.82 1926.28
v 154554 -6504.08 -45303.5
vt -6082.79 1907.1
v 154368 -6504.08 -44782
vt -6075.44 1886.57
v 154173 -6504.08 -44226
vt -6067.79 1864.68
v 153971 -6504.08 -43635.5
vt -6059.82 1841.43
v 153761 -6504.08 -43010.5
vt -6051.54 1816.83
v 153542 -6504.08 -42351.1
vt -6042.95 1790.87
v 153316 -6504.08 -41656.9
vt -6034.05 1763.54
v 153085 -6504.08 -40971.6
vt -6024.95 1736.56
v 152852 -6504.08 -40339.1
vt -6015.78 1711.66
v 152617 -6504.08 -39759.7
vt -6006.53 1688.84
v 152381 -6504.08 -39233.3
vt -5997.22 1668.12
v 152142 -6504.08 -38759.9
vt -5987.82 1649.48
v 151902 -6504.08 -38339.5
vt -5978.36 1632.93
v 151659 -6504.08 -37971.9
vt -5968.8 1618.46
v 151416 -6504.08 -37659.5
vt -5959.23 1606.16
v 151181 -6504.08 -37318.3
vt -5949.98 1592.73
v 150958 -6504.08 -36860
vt -5941.21 1574.68
v 150747 -6504.08 -36282.6
vt -5932.91 1551.95
v 150549 -6504.08 -35586.3
vt -5925.09 1524.54
v 150363 -6504.08 -34771.4
vt -5917.76 1492.46
v 150189 -6504.08 -33838.2
vt -5910.93 1455.71
v 150028 -6504.08 -32786.6
vt -5904.59 1414.31
v 149880 -6504.08 -31616.5
vt -5898.75 1368.25
v 149736 -6504.08 -30435.1
vt -5893.08 1321.73
v 149588 -6504.08 -29349.9
vt -5887.26 1279.01
v 149436 -6504.08 -28361.2
vt -5881.3 1240.09
v 149281 -6504.08 -27469.1
vt -5875.19 1204.96
v 149122 -6504.08 -26673.5
vt -5868.93 1173.64
v 148959 -6504.08 -25974.3
vt -5862.52 1146.11
v 148793 -6504.08 -25371.3
vt -5855.95 1122.37
v 148622 -6504.08 -24864.8
vt -5849.24 1102.43
v 148437 -6504.08 -24407.3
vt -5841.94 1084.42
v 148226 -6504.08 -23951.2
vt -5833.63 1066.46
v 147989 -6504.08 -23496.3
vt -5824.32 1048.55
v 147727 -6504.08 -23042.7
vt -5813.99 1030.69
v 147439 -6504.08 -22590.3
vt -5802.66 1012.88
v 147125 -6504.08 -22139.1
vt -5790.31 995.12
v 146786 -6504.08 -21689.2
vt -5776.96 977.406
v 146422 -6504.08 -21241.1
vt -5762.61 959.767
v 146052 -6504.08 -20774.1
vt -5748.07 941.378
v 145697 -6504.08 -20265.6
vt -5734.07 921.36
v 145354 -6504.08 -19715
vt -5720.58 899.682
v 145025 -6504.08 -19122.2
vt -5707.61 876.344
v 144708 -6504.08 -18487.3
vt -5695.15 851.347
v 144405 -6504.08 -17810.2
vt -5683.21 824.69
v 144115 -6504.08 -17091
vt -5671.79 796.374
v 143838 -6504.08 -16329.4
vt -5660.88 766.391
v 143573 -6504.08 -15550.9
vt -5650.45 735.742
v 143318 -6504.08 -14781.3
vt -5640.43 705.444
v 143075 -6504.08 -14020.9
vt -5630.85 675.506
v 142842 -6504.08 -13269.6
vt -5621.69 645.929
v 142620 -6504.08 -12527.5
vt -5612.96 616.711
v 142410 -6504.08 -11794.5
vt -5604.65 587.853
v 142209 -6504.08 -11070.7
vt -5596.78 559.355
v 142020 -6504.08 -10355.7
vt -5589.32 531.205
v 141829 -6504.08 -9649.66
vt -5581.79 503.41
v 141622 -6504.08 -8953.46
vt -5573.67 476
v 141402 -6504.08 -8267.36
vt -5564.97 448.988
v 141166 -6504.08 -7591.37
vt -5555.69 422.375
v 140915 -6504.08 -6925.5
vt -5545.83 396.159
v 140650 -6504.08 -6269.74
vt -5535.39 370.342
v 140370 -6504.08 -5624.09
vt -5524.37 344.922
v 140076 -6504.08 -4989.14
vt -5512.78 319.925
v 139759 -6504.08 -4288.8
vt -5500.3 292.352
v 139411 -6504.08 -3445.81
vt -5486.59 259.163
v 139031 -6504.08 -2459.66
vt -5471.63 220.339
v 138620 -6504.08 -1330.43
vt -5455.44 175.881
v 138177 -6504.08 -58.1832
vt -5438.01 125.792
v 137703 -6504.08 1357.06
vt -5419.34 70.0739
v 137197 -6504.08 2915.28
vt -5399.44 8.72666
v 137149 -6504.08 3065.88
vt -5397.56 2.7976
v 137078 -6504.08 3043.3
vt -5394.75 3.68646
v 137126 -6504.08 2892.42
vt -5396.62 9.62675
v 137631 -6504.08 1333.58
vt -5416.54 70.9986
v 138106 -6504.08 -82.4222
vt -5435.21 126.747
v 138549 -6504.08 -1355.59
vt -5452.66 176.871
v 138961 -6504.08 -2485.97
vt -5468.87 221.375
v 139341 -6504.08 -3473.61
vt -5483.84 260.258
v 139690 -6504.08 -4318.59
vt -5497.59 293.525
v 140008 -6504.08 -5020.38
vt -5510.09 321.154
v 140302 -6504.08 -5654.78
vt -5521.67 346.131
v 140581 -6504.08 -6298.72
vt -5532.66 371.483
v 140845 -6504.08 -6952.76
vt -5543.08 397.232
v 141095 -6504.08 -7616.93
vt -5552.91 423.381
v 141330 -6504.08 -8291.21
vt -5562.17 449.927
v 141551 -6504.08 -8975.61
vt -5570.85 476.872
v 141757 -6504.08 -9670.13
vt -5578.94 504.215
v 141948 -6504.08 -10375.1
vt -5586.47 531.969
v 142137 -6504.08 -11090.3
vt -5593.92 560.126
v 142337 -6504.08 -11814.9
vt -5601.81 588.655
v 142548 -6504.08 -12548.6
vt -5610.12 617.542
v 142770 -6504.08 -13291.5
vt -5618.86 646.788
v 143003 -6504.08 -14043.5
vt -5628.03 676.393
v 143247 -6504.08 -14804.5
vt -5637.63 706.358
v 143502 -6504.08 -15574.8
vt -5647.65 736.681
v 143767 -6504.08 -16354.3
vt -5658.1 767.371
v 144045 -6504.08 -17117.8
vt -5669.03 797.431
v 144336 -6504.08 -17839.6
vt -5680.49 825.847
v 144640 -6504.08 -18519.3
vt -5692.48 852.61
v 144958 -6504.08 -19157.2
vt -5704.99 877.721
v 145289 -6504.08 -19753
vt -5718.03 901.18
v 145634 -6504.08 -20306.9
vt -5731.6 922.987
v 145992 -6504.08 -20818.9
vt -5745.7 943.142
v 146363 -6504.08 -21288.1
vt -5760.31 961.614
v 146727 -6504.08 -21735.4
vt -5774.63 979.226
v 147064 -6504.08 -22183.1
vt -5787.92 996.852
v 147376 -6504.08 -22631.8
vt -5800.2 1014.52
v 147663 -6504.08 -23081.6
vt -5811.47 1032.23
v 147923 -6504.08 -23532.4
vt -5821.73 1049.97
v 148158 -6504.08 -23984.2
vt -5830.98 1067.76
v 148368 -6504.08 -24437.1
vt -5839.23 1085.59
v 148552 -6504.08 -24890.8
vt -5846.47 1103.46
v 148721 -6504.08 -25393.3
vt -5853.13 1123.24
v 148887 -6504.08 -25992.8
vt -5859.65 1146.84
v 149049 -6504.08 -26689.4
vt -5866.04 1174.26
v 149207 -6504.08 -27482.9
vt -5872.28 1205.51
v 149362 -6504.08 -28373.3
vt -5878.38 1240.56
v 149514 -6504.08 -29360.6
vt -5884.34 1279.43
v 149661 -6504.08 -30444.7
vt -5890.15 1322.11
v 149805 -6504.08 -31625.8
vt -5895.82 1368.61
v 149954 -6504.08 -32797
vt -5901.67 1414.72
v 150115 -6504.08 -33850.7
vt -5908.02 1456.21
v 150289 -6504.08 -34786.6
vt -5914.87 1493.05
v 150476 -6504.08 -35604.9
vt -5922.23 1525.27
v 150676 -6504.08 -36305.8
vt -5930.1 1552.86
v 150889 -6504.08 -36889.4
vt -5938.49 1575.84
v 151116 -6504.08 -37356.2
vt -5947.42 1594.22
v 151355 -6504.08 -37703.9
vt -5956.85 1607.91
v 151598 -6504.08 -38015.7
vt -5966.4 1620.18
v 151838 -6504.08 -38378.8
vt -5975.84 1634.48
v 152076 -6504.08 -38795.4
vt -5985.22 1650.88
v 152313 -6504.08 -39265.6
vt -5994.55 1669.39
v 152548 -6504.08 -39789.2
vt -6003.82 1690
v 152782 -6504.08 -40366.2
vt -6013.02 1712.72
v 153014 -6504.08 -40996.5
vt -6022.17 1737.54
v 153245 -6504.08 -41680.5
vt -6031.25 1764.47
v 153471 -6504.08 -42374.5
vt -6040.15 1791.79
v 153689 -6504.08 -43034.2
vt -6048.74 1817.76
v 153900 -6504.08 -43659.6
vt -6057.02 1842.38
v 154102 -6504.08 -44250.5
vt -6065 1865.65
v 154297 -6504.08 -44807
vt -6072.66 1887.56
v 154484 -6504.08 -45329
vt -6080.01 1908.11
v 154662 -6504.08 -45816.7
vt -6087.05 1927.31
v 154833 -6504.08 -46269.8
vt -6093.78 1945.15
v 155002 -6504.08 -46712.4
vt -6100.43 1962.57
v 155175 -6504.08 -47168.6
vt -6107.25 1980.53
v 155353 -6504.08 -47638.5
vt -6114.23 1999.03
v 155534 -6504.08 -48122.1
vt -6121.38 2018.07
v 155720 -6504.08 -48619.5
vt -6128.7 2037.65
v 155910 -6504.08 -49130.6
vt -6136.18 2057.78
v 156105 -6504.08 -49655.4
vt -6143.83 2078.44
v 156303 -6504.08 -50193.9
vt -6151.64 2099.64
v 156509 -6504.08 -50755.5
vt -6159.75 2121.75
f 10437/1720/2 10438/1721/2 10439/1722/2 10440/1723/2 10441/1724/2 10442/1725/2 10443/1726/2 10444/1727/2 10445/1728/2 10446/1729/2 10447/1730/2 10448/1731/2 10449/1732/2 10450/1733/2 10451/1734/2 10452/1735/2 10453/1736/2 10454/1737/2 10455/1738/2 10456/1739/2 10457/1740/2 10458/1741/2 10459/1742/2 10460/1743/2 10461/1744/2 10462/1745/2 10463/1746/2 10464/1747/2 10465/1748/2 10466/1749/2 10467/1750/2 10468/1751/2 10469/1752/2 10470/1753/2 10471/1754/2 10472/1755/2 10473/1756/2 10474/1757/2 10475/1758/2 10476/1759/2 10477/1760/2 10478/1761/2 10479/1762/2 10480/1763/2 10481/1764/2 10482/1765/2 10483/1766/2 10484/1767/2 10485/1768/2 10486/1769/2 10487/1770/2 10488/1771/2 10489/1772/2 10490/1773/2 10491/1774/2 10492/1775/2 10493/1776/2 10494/1777/2 10495/1778/2 10496/1779/2 10497/1780/2 10498/1781/2 10499/1782/2 10500/1783/2 10501/1784/2 10502/1785/2 10503/1786/2 10504/1787/2 10505/1788/2 10506/1789/2 10507/1790/2 10508/1791/2 10509/1792/2 10510/1793/2 10511/1794/2 10512/1795/2 10513/1796/2 10514/1797/2 10515/1798/2 10516/1799/2 10517/1800/2 10518/1801/2 10519/1802/2 10520/1803/2 10521/1804/2 10522/1805/2 10523/1806/2 10524/1807/2 10525/1808/2 10526/1809/2 10527/1810/2 10528/1811/2 10529/1812/2 10530/1813/2 10531/1814/2 10532/1815/2 10533/1816/2 10534/1817/2 10535/1818/2 10536/1819/2 10537/1820/2 10538/1821/2 10539/1822/2 10540/1823/2 10541/1824/2 10542/1825/2 10543/1826/2 10544/1827/2 10545/1828/2 10546/1829/2 10547/1830/2 10548/1831/2 10549/1832/2 10550/1833/2 10551/1834/2 10552/1835/2 10553/1836/2 10554/1837/2 10555/1838/2 10556/1839/2 10557/1840/2 10558/1841/2 10559/1842/2 10560/1843/2 10561/1844/2 10562/1845/2 10563/1846/2 10564/1847/2 10565/1848/2 10566/1849/2 10567/1850/2 10568/1851/2 10569/1852/2 10570/1853/2 10571/1854/2 10572/1855/2 10573/1856/2 10574/1857/2 10575/1858/2 10576/1859/2 10577/1860/2 10578/1861/2 10579/1862/2 10580/1863/2 10581/1864/2 10582/1865/2 10583/1866/2 10584/1867/2 10585/1868/2 10586/1869/2 10587/1870/2 10588/1871/2 10589/1872/2 10590/1873/2 10591/1874/2 10592/1875/2 10593/1876/2 10594/1877/2 10595/1878/2 10596/1879/2 10597/1880/2 10598/1881/2 10599/1882/2 10600/1883/2 10601/1884/2 10602/1885/2 10603/1886/2 10604/1887/2 

g Mesh190 ____2_t3_dwg1 Model

v 124490 -6504.08 -48494.6
vt -4899.15 2032.74
v 125291 -6504.08 -55164.3
vt -4930.68 2295.33
v 125390 -6504.08 -55152.4
vt -4934.59 2294.86
v 124589 -6504.08 -48481.7
vt -4903.05 2032.23
v 123565 -6504.08 -41168.8
vt -4862.75 1744.32
v 123126 -6504.08 -38556.7
vt -4845.46 1641.48
v 121696 -6504.08 -30862.6
vt -4789.16 1338.56
v 121327 -6504.08 -29978.2
vt -4774.64 1303.75
v 120270 -6504.08 -26394.4
vt -4733 1162.65
v 119168 -6504.08 -23550.5
vt -4689.62 1050.69
v 118582 -6504.08 -22415.7
vt -4666.55 1006.01
v 117566 -6504.08 -20868.2
vt -4626.58 945.086
v 115898 -6504.08 -18765.3
vt -4560.89 862.293
v 113538 -6504.08 -16414.6
vt -4467.99 769.744
v 112283 -6504.08 -15242.1
vt -4418.56 723.583
v 110697 -6504.08 -13985.3
vt -4356.13 674.103
v 108887 -6504.08 -12523.5
vt -4284.87 616.554
v 101715 -6504.08 -7598.83
vt -4002.5 422.668
v 91782.8 -6504.08 -1308.82
vt -3611.47 175.03
v 91370.1 -6504.08 -894.796
vt -3595.23 158.73
v 91007 -6504.08 -245.228
vt -3580.93 133.156
v 90521.6 -6504.08 1051.32
vt -3561.82 82.1111
v 89769.1 -6504.08 3072.04
vt -3532.19 2.55505
v 89675.4 -6504.08 3037.14
vt -3528.5 3.92901
v 90427.9 -6504.08 1016.34
vt -3558.13 83.4883
v 90916 -6504.08 -287.398
vt -3577.35 134.816
v 91289.6 -6504.08 -955.629
vt -3592.05 161.125
v 91719.9 -6504.08 -1387.33
vt -3609 178.121
v 101660 -6504.08 -7682.32
vt -4000.33 425.955
v 108827 -6504.08 -12603.8
vt -4282.51 619.713
v 110635 -6504.08 -14063.4
vt -4353.67 677.177
v 112218 -6504.08 -15317.9
vt -4415.99 726.57
v 113469 -6504.08 -16486.5
vt -4465.26 772.578
v 115823 -6504.08 -18832
vt -4557.95 864.92
v 117485 -6504.08 -20926.9
vt -4623.38 947.394
v 118495 -6504.08 -22466.2
vt -4663.15 1008
v 119077 -6504.08 -23591.6
vt -4686.03 1052.3
v 120175 -6504.08 -26426.7
vt -4729.27 1163.92
v 121233 -6504.08 -30011.7
vt -4770.92 1305.07
v 121600 -6504.08 -30891.3
vt -4785.37 1339.7
v 123027 -6504.08 -38574.2
vt -4841.58 1642.17
v 123466 -6504.08 -41184.1
vt -4858.85 1744.92
f 10605/1888/2 10606/1889/2 10607/1890/2 10608/1891/2 10609/1892/2 10610/1893/2 10611/1894/2 10612/1895/2 10613/1896/2 10614/1897/2 10615/1898/2 10616/1899/2 10617/1900/2 10618/1901/2 10619/1902/2 10620/1903/2 10621/1904/2 10622/1905/2 10623/1906/2 10624/1907/2 10625/1908/2 10626/1909/2 10627/1910/2 10628/1911/2 10629/1912/2 10630/1913/2 10631/1914/2 10632/1915/2 10633/1916/2 10634/1917/2 10635/1918/2 10636/1919/2 10637/1920/2 10638/1921/2 10639/1922/2 10640/1923/2 10641/1924/2 10642/1925/2 10643/1926/2 10644/1927/2 10645/1928/2 10646/1929/2 

g Mesh191 ____2_t3_dwg1 Model

v 156574 -6504.08 -35391.9
vt -6162.29 1516.88
v 156750 -6504.08 -35843.4
vt -6169.23 1534.66
v 156820 -6504.08 -35816.1
vt -6171.98 1533.59
v 156643 -6504.08 -35364
vt -6165.03 1515.79
v 156320 -6504.08 -34579.9
vt -6152.33 1484.91
v 156012 -6504.08 -33873.2
vt -6140.17 1457.09
v 155724 -6504.08 -33206.1
vt -6128.86 1430.83
v 155465 -6504.08 -32539.4
vt -6118.66 1404.58
v 155234 -6504.08 -31872.8
vt -6109.56 1378.33
v 155031 -6504.08 -31206.1
vt -6101.57 1352.09
v 154856 -6504.08 -30539.4
vt -6094.68 1325.84
v 154709 -6504.08 -29872.7
vt -6088.89 1299.59
v 154590 -6504.08 -29205.9
vt -6084.2 1273.34
v 154499 -6504.08 -28538.5
vt -6080.61 1247.07
v 154413 -6504.08 -27874.3
vt -6077.24 1220.91
v 154311 -6504.08 -27218.2
vt -6073.2 1195.09
v 154191 -6504.08 -26571.1
vt -6068.49 1169.61
v 154055 -6504.08 -25932.8
vt -6063.12 1144.48
v 153901 -6504.08 -25303.4
vt -6057.09 1119.7
v 153731 -6504.08 -24682.8
vt -6050.39 1095.27
v 153544 -6504.08 -24071.2
vt -6043.03 1071.19
v 153340 -6504.08 -23468.5
vt -6035 1047.46
v 153119 -6504.08 -22862.1
vt -6026.29 1023.58
v 152880 -6504.08 -22239
vt -6016.87 999.051
v 152622 -6504.08 -21599
vt -6006.73 973.857
v 152346 -6504.08 -20942.3
vt -5995.87 948.002
v 152053 -6504.08 -20268.8
vt -5984.3 921.486
v 151740 -6504.08 -19578.5
vt -5972.01 894.308
v 151410 -6504.08 -18871.4
vt -5959.01 866.468
v 151062 -6504.08 -18147.6
vt -5945.3 837.972
v 150721 -6504.08 -17445.2
vt -5931.89 810.322
v 150414 -6504.08 -16802.3
vt -5919.8 785.009
v 150141 -6504.08 -16218.6
vt -5909.04 762.028
v 149901 -6504.08 -15694.1
vt -5899.59 741.381
v 149695 -6504.08 -15229
vt -5891.47 723.069
v 149522 -6504.08 -14823.2
vt -5884.67 707.094
v 149383 -6504.08 -14476.9
vt -5879.19 693.459
v 149277 -6504.08 -14189.9
vt -5875.03 682.158
v 149190 -6504.08 -13933.6
vt -5871.59 672.068
v 149106 -6504.08 -13680
vt -5868.29 662.085
v 149026 -6504.08 -13429.5
vt -5865.13 652.222
v 148949 -6504.08 -13182
vt -5862.12 642.478
v 148876 -6504.08 -12937.5
vt -5859.24 632.853
v 148807 -6504.08 -12696.1
vt -5856.5 623.346
v 148741 -6504.08 -12457.6
vt -5853.91 613.959
v 148678 -6504.08 -12222.2
vt -5851.46 604.692
v 148610 -6504.08 -11949
vt -5848.75 593.934
v 148524 -6504.08 -11597
vt -5845.39 580.077
v 148422 -6504.08 -11166.3
vt -5841.38 563.121
v 148304 -6504.08 -10657
vt -5836.72 543.068
v 148169 -6504.08 -10069
vt -5831.42 519.918
v 148018 -6504.08 -9402.32
vt -5825.46 493.671
v 147850 -6504.08 -8657.03
vt -5818.86 464.329
v 147666 -6504.08 -7832.95
vt -5811.61 431.885
v 147466 -6504.08 -6967.87
vt -5803.73 397.827
v 147250 -6504.08 -6099.9
vt -5795.24 363.655
v 147020 -6504.08 -5229.2
vt -5786.15 329.375
v 146774 -6504.08 -4355.76
vt -5776.47 294.988
v 146512 -6504.08 -3479.59
vt -5766.18 260.493
v 146236 -6504.08 -2600.69
vt -5755.28 225.891
v 145944 -6504.08 -1719.06
vt -5743.79 191.181
v 145636 -6504.08 -834.538
vt -5731.69 156.357
v 145298 -6504.08 69.3836
vt -5718.39 120.77
v 144915 -6504.08 1008.88
vt -5703.28 83.7817
v 144485 -6504.08 1983.81
vt -5686.38 45.3989
v 144010 -6504.08 2994.17
vt -5667.68 5.62102
v 143972 -6504.08 3071.31
vt -5666.16 2.58398
v 143905 -6504.08 3037.88
vt -5663.52 3.90008
v 143943 -6504.08 2961.49
vt -5665.02 6.9074
v 144417 -6504.08 1952.73
vt -5683.69 46.6223
v 144846 -6504.08 979.588
vt -5700.56 84.9351
v 145229 -6504.08 42.0694
vt -5715.64 121.845
v 145566 -6504.08 -859.979
vt -5728.91 157.359
v 145873 -6504.08 -1743.16
vt -5740.99 192.13
v 146164 -6504.08 -2623.74
vt -5752.47 226.799
v 146441 -6504.08 -3501.57
vt -5763.35 261.359
v 146702 -6504.08 -4376.65
vt -5773.63 295.811
v 146947 -6504.08 -5248.97
vt -5783.31 330.154
v 147178 -6504.08 -6118.54
vt -5792.38 364.389
v 147393 -6504.08 -6985.36
vt -5800.85 398.516
v 147593 -6504.08 -7849.58
vt -5808.73 432.54
v 147777 -6504.08 -8673.44
vt -5815.98 464.976
v 147945 -6504.08 -9418.85
vt -5822.58 494.322
v 148096 -6504.08 -10085.6
vt -5828.54 520.574
v 148231 -6504.08 -10673.8
vt -5833.85 543.731
v 148349 -6504.08 -11183.4
vt -5838.51 563.795
v 148451 -6504.08 -11614.5
vt -5842.52 580.764
v 148537 -6504.08 -11967
vt -5845.88 594.643
v 148606 -6504.08 -12241
vt -5848.6 605.43
v 148668 -6504.08 -12477.2
vt -5851.06 614.73
v 148734 -6504.08 -12716.4
vt -5853.66 624.148
v 148804 -6504.08 -12958.6
vt -5856.41 633.684
v 148877 -6504.08 -13203.8
vt -5859.29 643.337
v 148954 -6504.08 -13452
vt -5862.32 653.109
v 149035 -6504.08 -13703.2
vt -5865.48 662.999
v 149119 -6504.08 -13957.4
vt -5868.79 673.007
v 149206 -6504.08 -14214.9
vt -5872.24 683.144
v 149313 -6504.08 -14503.9
vt -5876.43 694.52
v 149453 -6504.08 -14851.9
vt -5881.94 708.223
v 149626 -6504.08 -15258.9
vt -5888.76 724.246
v 149833 -6504.08 -15724.9
vt -5896.9 742.594
v 150073 -6504.08 -16250.1
vt -5906.36 763.269
v 150347 -6504.08 -16834.3
vt -5917.13 786.271
v 150654 -6504.08 -17477.7
vt -5929.23 811.602
v 150994 -6504.08 -18180.2
vt -5942.64 839.257
v 151342 -6504.08 -18903.5
vt -5956.34 867.733
v 151672 -6504.08 -19609.8
vt -5969.33 895.541
v 151984 -6504.08 -20299.3
vt -5981.6 922.685
v 152278 -6504.08 -20971.8
vt -5993.16 949.165
v 152553 -6504.08 -21627.6
vt -6004 974.98
v 152810 -6504.08 -22266.4
vt -6014.12 1000.13
v 153049 -6504.08 -22888.4
vt -6023.53 1024.62
v 153270 -6504.08 -23493.4
vt -6032.22 1048.44
v 153473 -6504.08 -24094.2
vt -6040.22 1072.09
v 153659 -6504.08 -24703.7
vt -6047.55 1096.09
v 153829 -6504.08 -25322.2
vt -6054.23 1120.44
v 153982 -6504.08 -25949.5
vt -6060.24 1145.14
v 154117 -6504.08 -26585.7
vt -6065.59 1170.18
v 154237 -6504.08 -27230.8
vt -6070.28 1195.58
v 154339 -6504.08 -27884.9
vt -6074.31 1221.33
v 154425 -6504.08 -28548.4
vt -6077.68 1247.45
v 154516 -6504.08 -29217.6
vt -6081.28 1273.8
v 154636 -6504.08 -29887.3
vt -6085.99 1300.17
v 154783 -6504.08 -30557
vt -6091.81 1326.53
v 154959 -6504.08 -31226.5
vt -6098.73 1352.89
v 155163 -6504.08 -31896
vt -6106.75 1379.25
v 155395 -6504.08 -32565.3
vt -6115.89 1405.6
v 155655 -6504.08 -33234.5
vt -6126.13 1431.95
v 155943 -6504.08 -33903.1
vt -6137.47 1458.27
v 156251 -6504.08 -34609.2
vt -6149.61 1486.07
f 10647/1930/2 10648/1931/2 10649/1932/2 10650/1933/2 10651/1934/2 10652/1935/2 10653/1936/2 10654/1937/2 10655/1938/2 10656/1939/2 10657/1940/2 10658/1941/2 10659/1942/2 10660/1943/2 10661/1944/2 10662/1945/2 10663/1946/2 10664/1947/2 10665/1948/2 10666/1949/2 10667/1950/2 10668/1951/2 10669/1952/2 10670/1953/2 10671/1954/2 10672/1955/2 10673/1956/2 10674/1957/2 10675/1958/2 10676/1959/2 10677/1960/2 10678/1961/2 10679/1962/2 10680/1963/2 10681/1964/2 10682/1965/2 10683/1966/2 10684/1967/2 10685/1968/2 10686/1969/2 10687/1970/2 10688/1971/2 10689/1972/2 10690/1973/2 10691/1974/2 10692/1975/2 10693/1976/2 10694/1977/2 10695/1978/2 10696/1979/2 10697/1980/2 10698/1981/2 10699/1982/2 10700/1983/2 10701/1984/2 10702/1985/2 10703/1986/2 10704/1987/2 10705/1988/2 10706/1989/2 10707/1990/2 10708/1991/2 10709/1992/2 10710/1993/2 10711/1994/2 10712/1995/2 10713/1996/2 10714/1997/2 10715/1998/2 10716/1999/2 10717/2000/2 10718/2001/2 10719/2002/2 10720/2003/2 10721/2004/2 10722/2005/2 10723/2006/2 10724/2007/2 10725/2008/2 10726/2009/2 10727/2010/2 10728/2011/2 10729/2012/2 10730/2013/2 10731/2014/2 10732/2015/2 10733/2016/2 10734/2017/2 10735/2018/2 10736/2019/2 10737/2020/2 10738/2021/2 10739/2022/2 10740/2023/2 10741/2024/2 10742/2025/2 10743/2026/2 10744/2027/2 10745/2028/2 10746/2029/2 10747/2030/2 10748/2031/2 10749/2032/2 10750/2033/2 10751/2034/2 10752/2035/2 10753/2036/2 10754/2037/2 10755/2038/2 10756/2039/2 10757/2040/2 10758/2041/2 10759/2042/2 10760/2043/2 10761/2044/2 10762/2045/2 10763/2046/2 10764/2047/2 10765/2048/2 10766/2049/2 10767/2050/2 10768/2051/2 10769/2052/2 10770/2053/2 10771/2054/2 10772/2055/2 10773/2056/2 10774/2057/2 10775/2058/2 10776/2059/2 

g Mesh192 ____2_t3_dwg1 Model

usemtl _auto_3
v 156668 -6504.08 -9736.28
vt -6166.01 506.82
v 156710 -6504.08 -10123.2
vt -6167.67 522.054
v 156859 -6504.08 -10106.9
vt -6173.54 521.412
v 156817 -6504.08 -9719.02
vt -6171.87 506.14
v 156698 -6504.08 -8747.76
vt -6167.2 467.902
v 156556 -6504.08 -7673.87
vt -6161.59 425.622
v 156389 -6504.08 -6497.3
vt -6155.04 379.301
v 156199 -6504.08 -5218.03
vt -6147.56 328.936
v 155986 -6504.08 -3835.97
vt -6139.14 274.524
v 155761 -6504.08 -2446.83
vt -6130.29 219.833
v 155538 -6504.08 -1146.46
vt -6121.5 168.638
v 155316 -6504.08 65.1012
vt -6112.78 120.939
v 155096 -6504.08 1187.89
vt -6104.12 76.7342
v 154878 -6504.08 2221.94
vt -6095.53 36.0235
v 154683 -6504.08 3071.35
vt -6087.87 2.58233
v 154537 -6504.08 3037.84
vt -6082.11 3.90172
v 154731 -6504.08 2189.69
vt -6089.76 37.2932
v 154949 -6504.08 1157.98
vt -6098.34 77.9117
v 155169 -6504.08 37.1933
vt -6106.98 122.037
v 155390 -6504.08 -1172.64
vt -6115.69 169.669
v 155613 -6504.08 -2471.5
vt -6124.47 220.805
v 155837 -6504.08 -3859.41
vt -6133.31 275.447
v 156051 -6504.08 -5240.51
vt -6141.72 329.821
v 156241 -6504.08 -6518.81
vt -6149.2 380.148
v 156407 -6504.08 -7694.23
vt -6155.74 426.424
v 156549 -6504.08 -8766.73
vt -6161.34 468.649
f 10777/2060/2 10778/2061/2 10779/2062/2 10780/2063/2 10781/2064/2 10782/2065/2 10783/2066/2 10784/2067/2 10785/2068/2 10786/2069/2 10787/2070/2 10788/2071/2 10789/2072/2 10790/2073/2 10791/2074/2 10792/2075/2 10793/2076/2 10794/2077/2 10795/2078/2 10796/2079/2 10797/2080/2 10798/2081/2 10799/2082/2 10800/2083/2 10801/2084/2 10802/2085/2 

g Mesh193 ____2_t3_dwg1 Model

usemtl _auto_
v 16392.3 -6504.08 -23836.8
vt -643.345 1061.96
v 31657.1 -6504.08 -31136.6
vt -1244.32 1349.35
v 31700.2 -6504.08 -31046.3
vt -1246.02 1345.8
v 16433.2 -6504.08 -23745.5
vt -644.954 1058.36
v 13865.5 -6504.08 -22673.2
vt -543.866 1016.15
v 8616.17 -6504.08 -21064.2
vt -337.197 952.802
v 4746.25 -6504.08 -20286
vt -184.838 922.164
v 2915.27 -6504.08 -20001
vt -112.752 910.943
v 310.352 -6504.08 -19806.4
vt -10.1966 903.283
v 302.903 -6504.08 -19906.2
vt -9.90331 907.209
v 2903.84 -6504.08 -20100.4
vt -112.302 914.857
v 4728.7 -6504.08 -20384.5
vt -184.147 926.04
v 8591.6 -6504.08 -21161.3
vt -336.23 956.623
v 13831.5 -6504.08 -22767.4
vt -542.527 1019.86
f 10803/2086/2 10804/2087/2 10805/2088/2 10806/2089/2 10807/2090/2 10808/2091/2 10809/2092/2 10810/2093/2 10811/2094/2 10812/2095/2 10813/2096/2 10814/2097/2 10815/2098/2 10816/2099/2 

g Mesh194 ____2_t3_dwg1 Model

v 156700 -6504.08 -23796.2
vt -6167.29 1060.36
v 156748 -6504.08 -23987.9
vt -6169.18 1067.91
v 156821 -6504.08 -23969.7
vt -6172.04 1067.19
v 156773 -6504.08 -23777.3
vt -6170.15 1059.61
v 156568 -6504.08 -23019
vt -6162.08 1029.76
v 156351 -6504.08 -22274.1
vt -6153.55 1000.44
v 156123 -6504.08 -21542.6
vt -6144.55 971.635
v 155882 -6504.08 -20824.4
vt -6135.08 943.36
v 155630 -6504.08 -20119.6
vt -6125.15 915.612
v 155366 -6504.08 -19428.2
vt -6114.75 888.39
v 155090 -6504.08 -18751
vt -6103.9 861.73
v 154800 -6504.08 -17970.3
vt -6092.48 830.992
v 154492 -6504.08 -16966.3
vt -6080.35 791.467
v 154166 -6504.08 -15738.5
vt -6067.5 743.126
v 153821 -6504.08 -14286.9
vt -6053.94 685.98
v 153459 -6504.08 -12611.9
vt -6039.67 620.032
v 153078 -6504.08 -10713.3
vt -6024.68 545.285
v 152680 -6504.08 -8591.27
vt -6008.99 461.74
v 152263 -6504.08 -6245.71
vt -5992.59 369.396
v 151855 -6504.08 -3909.23
vt -5976.52 277.408
v 151481 -6504.08 -1814.61
vt -5961.82 194.943
v 151143 -6504.08 38.0614
vt -5948.48 122.003
v 150839 -6504.08 1648.8
vt -5936.52 58.588
v 150570 -6504.08 3017.65
vt -5925.93 4.69628
v 150561 -6504.08 3062.23
vt -5925.56 2.94153
v 150487 -6504.08 3046.96
vt -5922.67 3.54252
v 150496 -6504.08 3002.79
vt -5923.03 5.28155
v 150765 -6504.08 1634.62
vt -5933.62 59.1464
v 151069 -6504.08 24.3669
vt -5945.58 122.542
v 151408 -6504.08 -1827.94
vt -5958.91 195.468
v 151781 -6504.08 -3922.27
vt -5973.61 277.922
v 152189 -6504.08 -6258.73
vt -5989.68 369.908
v 152606 -6504.08 -8604.75
vt -6006.09 462.271
v 153005 -6504.08 -10727.6
vt -6021.79 545.847
v 153385 -6504.08 -12627.2
vt -6036.78 620.634
v 153748 -6504.08 -14303.5
vt -6051.06 686.633
v 154093 -6504.08 -15756.8
vt -6064.63 743.846
v 154420 -6504.08 -16987
vt -6077.51 792.279
v 154729 -6504.08 -17994.3
vt -6089.68 831.94
v 155020 -6504.08 -18778.2
vt -6101.14 862.801
v 155296 -6504.08 -19455.7
vt -6112 889.474
v 155560 -6504.08 -20145.6
vt -6122.38 916.637
v 155812 -6504.08 -20849
vt -6132.29 944.327
v 156052 -6504.08 -21565.7
vt -6141.74 972.544
v 156280 -6504.08 -22295.8
vt -6150.72 1001.29
v 156496 -6504.08 -23039.3
vt -6159.24 1030.56
f 10817/2100/2 10818/2101/2 10819/2102/2 10820/2103/2 10821/2104/2 10822/2105/2 10823/2106/2 10824/2107/2 10825/2108/2 10826/2109/2 10827/2110/2 10828/2111/2 10829/2112/2 10830/2113/2 10831/2114/2 10832/2115/2 10833/2116/2 10834/2117/2 10835/2118/2 10836/2119/2 10837/2120/2 10838/2121/2 10839/2122/2 10840/2123/2 10841/2124/2 10842/2125/2 10843/2126/2 10844/2127/2 10845/2128/2 10846/2129/2 10847/2130/2 10848/2131/2 10849/2132/2 10850/2133/2 10851/2134/2 10852/2135/2 10853/2136/2 10854/2137/2 10855/2138/2 10856/2139/2 10857/2140/2 10858/2141/2 10859/2142/2 10860/2143/2 10861/2144/2 10862/2145/2 

g Mesh195 ____2_t3_dwg1 Model

v 156748 -6504.08 -46577.8
vt -6169.16 1957.27
v 156750 -6504.08 -46582.2
vt -6169.23 1957.45
v 156820 -6504.08 -46555.5
vt -6171.99 1956.4
v 156818 -6504.08 -46551.4
vt -6171.93 1956.23
v 156682 -6504.08 -46185.4
vt -6166.57 1941.83
v 156518 -6504.08 -45725.2
vt -6160.1 1923.71
v 156325 -6504.08 -45170.7
vt -6152.52 1901.87
v 156105 -6504.08 -44521.7
vt -6143.84 1876.33
v 155856 -6504.08 -43778.5
vt -6134.05 1847.07
v 155579 -6504.08 -42941
vt -6123.15 1814.09
v 155274 -6504.08 -42009.3
vt -6111.14 1777.41
v 154941 -6504.08 -40983.1
vt -6098.03 1737.01
v 154603 -6504.08 -39961.4
vt -6084.7 1696.79
v 154282 -6504.08 -39043.4
vt -6072.06 1660.64
v 153978 -6504.08 -38229
vt -6060.11 1628.58
v 153692 -6504.08 -37518.4
vt -6048.85 1600.6
v 153423 -6504.08 -36911.3
vt -6038.27 1576.7
v 153172 -6504.08 -36407.6
vt -6028.37 1556.87
v 152937 -6504.08 -36007
vt -6019.13 1541.1
v 152721 -6504.08 -35711.9
vt -6010.62 1529.48
v 152522 -6504.08 -35422.6
vt -6002.77 1518.09
v 152333 -6504.08 -35034.8
vt -5995.36 1502.82
v 152155 -6504.08 -34545.6
vt -5988.33 1483.57
v 151987 -6504.08 -33955.6
vt -5981.7 1460.34
v 151829 -6504.08 -33265
vt -5975.49 1433.15
v 151682 -6504.08 -32474
vt -5969.7 1402
v 151545 -6504.08 -31582.6
vt -5964.32 1366.91
v 151419 -6504.08 -30590.6
vt -5959.37 1327.85
v 151290 -6504.08 -29569.1
vt -5954.27 1287.64
v 151143 -6504.08 -28590.2
vt -5948.47 1249.1
v 150977 -6504.08 -27654.4
vt -5941.97 1212.26
v 150794 -6504.08 -26761.5
vt -5934.77 1177.1
v 150594 -6504.08 -25911.6
vt -5926.86 1143.64
v 150375 -6504.08 -25104.6
vt -5918.25 1111.87
v 150138 -6504.08 -24340.6
vt -5908.94 1081.79
v 149884 -6504.08 -23619.7
vt -5898.92 1053.41
v 149619 -6504.08 -22942.5
vt -5888.48 1026.75
v 149350 -6504.08 -22309.2
vt -5877.9 1001.82
v 149077 -6504.08 -21719.6
vt -5867.16 978.604
v 148801 -6504.08 -21173.8
vt -5856.28 957.114
v 148520 -6504.08 -20671.6
vt -5845.24 937.345
v 148236 -6504.08 -20213.2
vt -5834.04 919.297
v 147948 -6504.08 -19798.5
vt -5822.7 902.969
v 147656 -6504.08 -19428.4
vt -5811.22 888.4
v 147370 -6504.08 -19065.7
vt -5799.93 874.12
v 147094 -6504.08 -18671.2
vt -5789.06 858.589
v 146828 -6504.08 -18244
vt -5778.6 841.768
v 146572 -6504.08 -17784
vt -5768.53 823.658
v 146326 -6504.08 -17291.2
vt -5758.86 804.259
v 146091 -6504.08 -16765.7
vt -5749.6 783.569
v 145866 -6504.08 -16207.4
vt -5740.73 761.59
v 145651 -6504.08 -15616.2
vt -5732.26 738.314
v 145445 -6504.08 -15011.8
vt -5724.16 714.517
v 145248 -6504.08 -14414.2
vt -5716.39 690.991
v 145058 -6504.08 -13823.8
vt -5708.94 667.745
v 144878 -6504.08 -13240.4
vt -5701.83 644.778
v 144706 -6504.08 -12664.2
vt -5695.05 622.091
v 144542 -6504.08 -12095
vt -5688.6 599.684
v 144387 -6504.08 -11533
vt -5682.49 577.557
v 144239 -6504.08 -10977.6
vt -5676.7 555.69
v 144077 -6504.08 -10401
vt -5670.31 532.988
v 143877 -6504.08 -9776.3
vt -5662.43 508.395
v 143639 -6504.08 -9104.05
vt -5653.04 481.929
v 143362 -6504.08 -8384.17
vt -5642.16 453.587
v 143048 -6504.08 -7616.62
vt -5629.78 423.369
v 142695 -6504.08 -6801.39
vt -5615.9 391.273
v 142305 -6504.08 -5938.45
vt -5600.52 357.299
v 141876 -6504.08 -5028.15
vt -5583.65 321.46
v 141424 -6504.08 -4047.88
vt -5565.86 282.867
v 140963 -6504.08 -2974.33
vt -5547.69 240.601
v 140491 -6504.08 -1807.14
vt -5529.13 194.649
v 140010 -6504.08 -546.316
vt -5510.2 145.01
v 139520 -6504.08 808.119
vt -5490.88 91.6859
v 139019 -6504.08 2256.15
vt -5471.18 34.6766
v 138751 -6504.08 3066.37
vt -5460.63 2.77836
v 138680 -6504.08 3042.82
vt -5457.83 3.7057
v 138948 -6504.08 2232.13
vt -5468.39 35.6224
v 139449 -6504.08 783.1
vt -5488.1 92.6709
v 139940 -6504.08 -572.455
vt -5507.43 146.039
v 140422 -6504.08 -1834.55
vt -5526.38 195.728
v 140893 -6504.08 -3003.19
vt -5544.96 241.737
v 141356 -6504.08 -4078.4
vt -5563.16 284.069
v 141808 -6504.08 -5059.82
vt -5580.98 322.707
v 142237 -6504.08 -5969.88
vt -5597.84 358.536
v 142627 -6504.08 -6831.74
vt -5613.2 392.468
v 142979 -6504.08 -7645.73
vt -5627.06 424.514
v 143292 -6504.08 -8411.83
vt -5639.41 454.676
v 143568 -6504.08 -9130.03
vt -5650.27 482.952
v 143806 -6504.08 -9800.29
vt -5659.63 509.34
v 144005 -6504.08 -10422.6
vt -5667.49 533.839
v 144167 -6504.08 -10997.3
vt -5673.85 556.467
v 144314 -6504.08 -11552.6
vt -5679.64 578.328
v 144470 -6504.08 -12115.4
vt -5685.76 600.486
v 144634 -6504.08 -12685.3
vt -5692.22 622.923
v 144806 -6504.08 -13262.3
vt -5699.01 645.638
v 144987 -6504.08 -13846.3
vt -5706.13 668.632
v 145176 -6504.08 -14437.4
vt -5713.58 691.905
v 145374 -6504.08 -15035.6
vt -5721.36 715.456
v 145580 -6504.08 -15641.1
vt -5729.48 739.295
v 145796 -6504.08 -16234.3
vt -5737.97 762.647
v 146022 -6504.08 -16795.1
vt -5746.88 784.725
v 146259 -6504.08 -17323.3
vt -5756.19 805.521
v 146506 -6504.08 -17818.9
vt -5765.92 825.035
v 146763 -6504.08 -18282
vt -5776.05 843.267
v 147031 -6504.08 -18712.5
vt -5786.6 860.216
v 147309 -6504.08 -19110.5
vt -5797.56 875.883
v 147598 -6504.08 -19474.9
vt -5808.9 890.229
v 147888 -6504.08 -19843.1
vt -5820.32 904.727
v 148173 -6504.08 -20254.4
vt -5831.58 920.919
v 148456 -6504.08 -20709.7
vt -5842.69 938.844
v 148735 -6504.08 -21209
vt -5853.67 958.502
v 149010 -6504.08 -21752.3
vt -5864.5 979.891
v 149281 -6504.08 -22339.6
vt -5875.2 1003.01
v 149549 -6504.08 -22970.8
vt -5885.75 1027.86
v 149814 -6504.08 -23645.9
vt -5896.15 1054.44
v 150067 -6504.08 -24364.2
vt -5906.13 1082.72
v 150303 -6504.08 -25125.5
vt -5915.41 1112.69
v 150521 -6504.08 -25930
vt -5924 1144.37
v 150721 -6504.08 -26777.6
vt -5931.88 1177.74
v 150904 -6504.08 -27668.4
vt -5939.07 1212.81
v 151069 -6504.08 -28602.3
vt -5945.56 1249.58
v 151216 -6504.08 -29579.4
vt -5951.35 1288.04
v 151345 -6504.08 -30600
vt -5956.44 1328.23
v 151471 -6504.08 -31593
vt -5961.4 1367.32
v 151608 -6504.08 -32486.5
vt -5966.78 1402.5
v 151755 -6504.08 -33280.2
vt -5972.6 1433.75
v 151914 -6504.08 -33974.3
vt -5978.84 1461.07
v 152083 -6504.08 -34568.8
vt -5985.52 1484.48
v 152264 -6504.08 -35064.1
vt -5992.64 1503.98
v 152457 -6504.08 -35460.5
vt -6000.22 1519.58
v 152660 -6504.08 -35755.4
vt -6008.21 1531.19
v 152875 -6504.08 -36048.2
vt -6016.66 1542.72
v 153106 -6504.08 -36443.4
vt -6025.77 1558.28
v 153356 -6504.08 -36943.3
vt -6035.6 1577.96
v 153623 -6504.08 -37547.6
vt -6046.13 1601.75
v 153908 -6504.08 -38256.1
vt -6057.36 1629.65
v 154211 -6504.08 -39068.8
vt -6069.29 1661.64
v 154532 -6504.08 -39985.6
vt -6081.91 1697.74
v 154870 -6504.08 -41006.5
vt -6095.22 1737.93
v 155203 -6504.08 -42032.5
vt -6108.33 1778.33
v 155508 -6504.08 -42964.5
vt -6120.34 1815.02
v 155785 -6504.08 -43802.2
vt -6131.24 1848
v 156034 -6504.08 -44545.7
vt -6141.04 1877.27
v 156254 -6504.08 -45195
vt -6149.73 1902.83
v 156447 -6504.08 -45750.1
vt -6157.31 1924.69
v 156612 -6504.08 -46211.1
vt -6163.79 1942.84
f 10863/2146/2 10864/2147/2 10865/2148/2 10866/2149/2 10867/2150/2 10868/2151/2 10869/2152/2 10870/2153/2 10871/2154/2 10872/2155/2 10873/2156/2 10874/2157/2 10875/2158/2 10876/2159/2 10877/2160/2 10878/2161/2 10879/2162/2 10880/2163/2 10881/2164/2 10882/2165/2 10883/2166/2 10884/2167/2 10885/2168/2 10886/2169/2 10887/2170/2 10888/2171/2 10889/2172/2 10890/2173/2 10891/2174/2 10892/2175/2 10893/2176/2 10894/2177/2 10895/2178/2 10896/2179/2 10897/2180/2 10898/2181/2 10899/2182/2 10900/2183/2 10901/2184/2 10902/2185/2 10903/2186/2 10904/2187/2 10905/2188/2 10906/2189/2 10907/2190/2 10908/2191/2 10909/2192/2 10910/2193/2 10911/2194/2 10912/2195/2 10913/2196/2 10914/2197/2 10915/2198/2 10916/2199/2 10917/2200/2 10918/2201/2 10919/2202/2 10920/2203/2 10921/2204/2 10922/2205/2 10923/2206/2 10924/2207/2 10925/2208/2 10926/2209/2 10927/2210/2 10928/2211/2 10929/2212/2 10930/2213/2 10931/2214/2 10932/2215/2 10933/2216/2 10934/2217/2 10935/2218/2 10936/2219/2 10937/2220/2 10938/2221/2 10939/2222/2 10940/2223/2 10941/2224/2 10942/2225/2 10943/2226/2 10944/2227/2 10945/2228/2 10946/2229/2 10947/2230/2 10948/2231/2 10949/2232/2 10950/2233/2 10951/2234/2 10952/2235/2 10953/2236/2 10954/2237/2 10955/2238/2 10956/2239/2 10957/2240/2 10958/2241/2 10959/2242/2 10960/2243/2 10961/2244/2 10962/2245/2 10963/2246/2 10964/2247/2 10965/2248/2 10966/2249/2 10967/2250/2 10968/2251/2 10969/2252/2 10970/2253/2 10971/2254/2 10972/2255/2 10973/2256/2 10974/2257/2 10975/2258/2 10976/2259/2 10977/2260/2 10978/2261/2 10979/2262/2 10980/2263/2 10981/2264/2 10982/2265/2 10983/2266/2 10984/2267/2 10985/2268/2 10986/2269/2 10987/2270/2 10988/2271/2 10989/2272/2 10990/2273/2 10991/2274/2 10992/2275/2 10993/2276/2 10994/2277/2 10995/2278/2 10996/2279/2 10997/2280/2 10998/2281/2 10999/2282/2 11000/2283/2 11001/2284/2 11002/2285/2 11003/2286/2 11004/2287/2 11005/2288/2 11006/2289/2 11007/2290/2 11008/2291/2 

g Mesh196 ____2_t3_dwg1 Model

v 46563.2 -6504.08 -57919.4
vt 1831.17 2403.79
v 36716.3 -6504.08 -59674.1
vt 1443.5 2472.88
v 36487.6 -6504.08 -59507.7
vt 1434.5 2466.32
f 11009/2292/1 11010/2293/1 11011/2294/1

v 46396.8 -6504.08 -58148.1
vt 1824.62 2412.8
f 11010/2293/1 11009/2292/1 11012/2295/1

v 48234.2 -6504.08 -69804.2
vt 1896.96 2871.7
f 11012/2295/1 11009/2292/1 11013/2296/1

v 48462.9 -6504.08 -69970.6
vt 1905.97 2878.25
f 11013/2296/1 11009/2292/1 11014/2297/1

v 38553.8 -6504.08 -71330.2
vt 1515.84 2931.78
f 11014/2297/1 11015/2298/1 11013/2296/1

v 38387.4 -6504.08 -71558.9
vt 1509.29 2940.78
f 11016/2299/1 11015/2298/1 11014/2297/1

f 11016/2299/1 11010/2293/1 11015/2298/1

f 11010/2293/1 11016/2299/1 11011/2294/1

g Mesh197 ____2_t3_dwg1 Model

v 156575 -6504.08 -18142.1
vt -6162.35 837.758
v 156749 -6504.08 -18684.2
vt -6169.2 859.1
v 156821 -6504.08 -18661.3
vt -6172.02 858.197
v 156646 -6504.08 -18119.6
vt -6165.16 836.87
v 156441 -6504.08 -17455.4
vt -6157.07 810.723
v 156254 -6504.08 -16823.4
vt -6149.71 785.839
v 156085 -6504.08 -16223.4
vt -6143.06 762.22
v 155935 -6504.08 -15655.6
vt -6137.13 739.865
v 155802 -6504.08 -15120
vt -6131.93 718.776
v 155688 -6504.08 -14616.4
vt -6127.44 698.952
v 155593 -6504.08 -14145
vt -6123.68 680.391
v 155508 -6504.08 -13680.5
vt -6120.34 662.102
v 155427 -6504.08 -13197.9
vt -6117.14 643.103
v 155349 -6504.08 -12697.4
vt -6114.08 623.398
v 155275 -6504.08 -12178.9
vt -6111.15 602.987
v 155204 -6504.08 -11642.6
vt -6108.36 581.87
v 155137 -6504.08 -11088.3
vt -6105.72 560.047
v 155073 -6504.08 -10516
vt -6103.21 537.519
v 155013 -6504.08 -9925.62
vt -6100.83 514.274
v 154945 -6504.08 -9293.56
vt -6098.17 489.39
v 154859 -6504.08 -8596.89
vt -6094.8 461.962
v 154756 -6504.08 -7835.84
vt -6090.72 431.999
v 154634 -6504.08 -7010.4
vt -6085.93 399.502
v 154494 -6504.08 -6120.55
vt -6080.43 364.468
v 154337 -6504.08 -5166.29
vt -6074.22 326.899
v 154161 -6504.08 -4147.59
vt -6067.3 286.793
v 153967 -6504.08 -3064.46
vt -6059.67 244.15
v 153765 -6504.08 -1969.86
vt -6051.71 201.055
v 153563 -6504.08 -916.786
vt -6043.76 159.595
v 153362 -6504.08 94.7696
vt -6035.85 119.77
v 153162 -6504.08 1064.81
vt -6027.97 81.5801
v 152962 -6504.08 1993.33
vt -6020.11 45.0241
v 152763 -6504.08 2880.33
vt -6012.28 10.1026
v 152721 -6504.08 3063.15
vt -6010.6 2.90521
v 152648 -6504.08 3046.04
vt -6007.72 3.57885
v 152690 -6504.08 2863.58
vt -6009.41 10.7623
v 152889 -6504.08 1977.25
vt -6017.23 45.6573
v 153088 -6504.08 1049.35
vt -6025.08 82.1888
v 153288 -6504.08 79.88
vt -6032.96 120.357
v 153489 -6504.08 -931.147
vt -6040.87 160.161
v 153691 -6504.08 -1983.73
vt -6048.8 201.601
v 153893 -6504.08 -3077.88
vt -6056.77 244.678
v 154087 -6504.08 -4160.57
vt -6064.39 287.304
v 154263 -6504.08 -5178.78
vt -6071.31 327.39
v 154420 -6504.08 -6132.48
vt -6077.51 364.938
v 154560 -6504.08 -7021.69
vt -6083.01 399.946
v 154681 -6504.08 -7846.37
vt -6087.8 432.414
v 154785 -6504.08 -8606.52
vt -6091.87 462.341
v 154870 -6504.08 -9302.13
vt -6095.24 489.727
v 154938 -6504.08 -9933.42
vt -6097.9 514.581
v 154998 -6504.08 -10524
vt -6100.27 537.832
v 155062 -6504.08 -11096.9
vt -6102.78 560.389
v 155129 -6504.08 -11652
vt -6105.44 582.241
v 155200 -6504.08 -12189.2
vt -6108.23 603.39
v 155275 -6504.08 -12708.5
vt -6111.16 623.835
v 155353 -6504.08 -13209.9
vt -6114.22 643.575
v 155434 -6504.08 -13693.4
vt -6117.43 662.613
v 155519 -6504.08 -14159.2
vt -6120.78 680.95
v 155615 -6504.08 -14632.2
vt -6124.55 699.572
v 155729 -6504.08 -15137.2
vt -6129.05 719.455
v 155862 -6504.08 -15674.2
vt -6134.27 740.597
v 156013 -6504.08 -16243.2
vt -6140.21 762.998
v 156182 -6504.08 -16844.2
vt -6146.87 786.658
v 156369 -6504.08 -17477.1
vt -6154.25 811.578
f 11017/2300/2 11018/2301/2 11019/2302/2 11020/2303/2 11021/2304/2 11022/2305/2 11023/2306/2 11024/2307/2 11025/2308/2 11026/2309/2 11027/2310/2 11028/2311/2 11029/2312/2 11030/2313/2 11031/2314/2 11032/2315/2 11033/2316/2 11034/2317/2 11035/2318/2 11036/2319/2 11037/2320/2 11038/2321/2 11039/2322/2 11040/2323/2 11041/2324/2 11042/2325/2 11043/2326/2 11044/2327/2 11045/2328/2 11046/2329/2 11047/2330/2 11048/2331/2 11049/2332/2 11050/2333/2 11051/2334/2 11052/2335/2 11053/2336/2 11054/2337/2 11055/2338/2 11056/2339/2 11057/2340/2 11058/2341/2 11059/2342/2 11060/2343/2 11061/2344/2 11062/2345/2 11063/2346/2 11064/2347/2 11065/2348/2 11066/2349/2 11067/2350/2 11068/2351/2 11069/2352/2 11070/2353/2 11071/2354/2 11072/2355/2 11073/2356/2 11074/2357/2 11075/2358/2 11076/2359/2 11077/2360/2 11078/2361/2 11079/2362/2 11080/2363/2 

g Mesh198 ____2_t3_dwg1 Model

v 70588.6 -6504.08 -20390.7
vt -2777.06 926.285
v 73724.5 -6504.08 -15971
vt -2900.52 752.281
v 79363.2 -6504.08 -9132.4
vt -3122.52 483.045
v 79286.1 -6504.08 -9068.78
vt -3119.48 480.54
v 73645.1 -6504.08 -15910.2
vt -2897.39 749.887
v 70504.1 -6504.08 -20337
vt -2773.73 924.17
v 67929.6 -6504.08 -24880.7
vt -2672.37 1103.06
v 61616.7 -6504.08 -34603.6
vt -2423.83 1485.85
v 53491.5 -6504.08 -49946.5
vt -2103.94 2089.9
v 51538.7 -6504.08 -54702
vt -2027.06 2277.13
v 50516.3 -6504.08 -57181
vt -1986.81 2374.72
v 50244 -6504.08 -58753.2
vt -1976.09 2436.62
v 51813 -6504.08 -78061.3
vt -2037.86 3196.78
v 52644.5 -6504.08 -88014.3
vt -2070.6 3588.63
v 52801.3 -6504.08 -92106.7
vt -2076.77 3749.75
v 52888.3 -6504.08 -93807
vt -2080.19 3816.69
v 53246.3 -6504.08 -97269.6
vt -2094.29 3953.01
v 53300.3 -6504.08 -99809.6
vt -2096.42 4053.01
v 53183.3 -6504.08 -101467
vt -2091.81 4118.28
v 53283 -6504.08 -101474
vt -2095.73 4118.55
v 53400.4 -6504.08 -99812.1
vt -2100.36 4053.11
v 53346.2 -6504.08 -97263.3
vt -2098.22 3952.77
v 52988 -6504.08 -93799.3
vt -2084.12 3816.39
v 52901.2 -6504.08 -92102.3
vt -2080.7 3749.57
v 52744.4 -6504.08 -88008.2
vt -2074.53 3588.39
v 51912.7 -6504.08 -78053.1
vt -2041.79 3196.46
v 50344.7 -6504.08 -58757.8
vt -1980.05 2436.8
v 50612.9 -6504.08 -57209
vt -1990.61 2375.82
v 51631.1 -6504.08 -54740.1
vt -2030.7 2278.62
v 53582.1 -6504.08 -49989
vt -2107.51 2091.57
v 61703 -6504.08 -34654.3
vt -2427.23 1487.84
v 68015.1 -6504.08 -24932.7
vt -2675.74 1105.1
f 11081/2364/2 11082/2365/2 11083/2366/2 11084/2367/2 11085/2368/2 11086/2369/2 11087/2370/2 11088/2371/2 11089/2372/2 11090/2373/2 11091/2374/2 11092/2375/2 11093/2376/2 11094/2377/2 11095/2378/2 11096/2379/2 11097/2380/2 11098/2381/2 11099/2382/2 11100/2383/2 11101/2384/2 11102/2385/2 11103/2386/2 11104/2387/2 11105/2388/2 11106/2389/2 11107/2390/2 11108/2391/2 11109/2392/2 11110/2393/2 11111/2394/2 11112/2395/2 

g Mesh199 ____2_t3_dwg1 Model

v 123242 -6504.08 -52313.8
vt -4850.02 2183.1
v 123421 -6504.08 -55360.1
vt -4857.07 2303.03
v 123521 -6504.08 -55354.2
vt -4861 2302.8
v 123341 -6504.08 -52298.3
vt -4853.93 2182.49
v 121877 -6504.08 -46597.8
vt -4796.27 1958.06
v 120622 -6504.08 -38527.8
vt -4746.87 1640.34
v 119133 -6504.08 -32909.5
vt -4688.24 1419.15
v 117509 -6504.08 -28184.1
vt -4624.32 1233.11
v 116608 -6504.08 -25802.8
vt -4588.85 1139.36
v 115823 -6504.08 -23402.6
vt -4557.94 1044.86
v 115641 -6504.08 -22860.3
vt -4550.78 1023.51
v 115111 -6504.08 -21649.7
vt -4529.89 975.853
v 114560 -6504.08 -20503.9
vt -4508.23 930.741
v 114019 -6504.08 -19616
vt -4486.9 895.787
v 113258 -6504.08 -18814.7
vt -4456.95 864.237
v 110051 -6504.08 -16112.8
vt -4330.69 757.862
v 107557 -6504.08 -14136.4
vt -4232.49 680.053
v 103552 -6504.08 -11348.7
vt -4074.82 570.301
v 99828.6 -6504.08 -8982.7
vt -3928.24 477.151
v 90867.2 -6504.08 -3538.25
vt -3575.43 262.803
v 90516.6 -6504.08 -3364.06
vt -3561.62 255.945
v 90068.4 -6504.08 -3378.84
vt -3543.98 256.527
v 90071.7 -6504.08 -3478.79
vt -3544.11 260.462
v 90494.7 -6504.08 -3464.84
vt -3560.76 259.913
v 90818.9 -6504.08 -3625.91
vt -3573.52 266.254
v 99775.9 -6504.08 -9067.64
vt -3926.16 480.495
v 103496 -6504.08 -11432
vt -4072.64 573.579
v 107497 -6504.08 -14216.7
vt -4230.14 683.215
v 109988 -6504.08 -16190.2
vt -4328.2 760.911
v 113189 -6504.08 -18887.6
vt -4454.25 867.107
v 113939 -6504.08 -19677.2
vt -4483.76 898.194
v 114472 -6504.08 -20551.7
vt -4504.76 932.623
v 115020 -6504.08 -21691.5
vt -4526.31 977.496
v 115548 -6504.08 -22896.4
vt -4547.1 1024.93
v 115728 -6504.08 -23434
vt -4554.2 1046.1
v 116514 -6504.08 -25836
vt -4585.14 1140.67
v 117415 -6504.08 -28218
vt -4620.62 1234.45
v 119037 -6504.08 -32938.6
vt -4684.47 1420.3
v 120524 -6504.08 -38548.3
vt -4743.01 1641.15
v 121779 -6504.08 -46618
vt -4792.41 1958.85
f 11113/2396/2 11114/2397/2 11115/2398/2 11116/2399/2 11117/2400/2 11118/2401/2 11119/2402/2 11120/2403/2 11121/2404/2 11122/2405/2 11123/2406/2 11124/2407/2 11125/2408/2 11126/2409/2 11127/2410/2 11128/2411/2 11129/2412/2 11130/2413/2 11131/2414/2 11132/2415/2 11133/2416/2 11134/2417/2 11135/2418/2 11136/2419/2 11137/2420/2 11138/2421/2 11139/2422/2 11140/2423/2 11141/2424/2 11142/2425/2 11143/2426/2 11144/2427/2 11145/2428/2 11146/2429/2 11147/2430/2 11148/2431/2 11149/2432/2 11150/2433/2 11151/2434/2 11152/2435/2 

g Mesh200 ____2_t3_dwg1 Model

v 151739 -6504.08 -42716.4
vt -5971.96 1805.25
v 151810 -6504.08 -42692.9
vt -5974.77 1804.32
v 151782 -6504.08 -42605.3
vt -5973.63 1800.88
v 151754 -6504.08 -42523.6
vt -5972.56 1797.66
v 151729 -6504.08 -42447.7
vt -5971.57 1794.67
v 151706 -6504.08 -42377.7
vt -5970.64 1791.91
v 151684 -6504.08 -42313.5
vt -5969.78 1789.39
v 151664 -6504.08 -42255.2
vt -5969 1787.09
v 151646 -6504.08 -42202.8
vt -5968.28 1785.03
v 151629 -6504.08 -42156.1
vt -5967.64 1783.19
v 151614 -6504.08 -42112.4
vt -5967.02 1781.47
v 151598 -6504.08 -42068.7
vt -5966.39 1779.75
v 151581 -6504.08 -42025.1
vt -5965.75 1778.03
v 151565 -6504.08 -41981.5
vt -5965.09 1776.31
v 151548 -6504.08 -41937.9
vt -5964.42 1774.6
v 151530 -6504.08 -41894.4
vt -5963.74 1772.89
v 151513 -6504.08 -41850.9
vt -5963.04 1771.17
v 151495 -6504.08 -41807.4
vt -5962.33 1769.46
v 151476 -6504.08 -41764
vt -5961.61 1767.76
v 151458 -6504.08 -41720.7
vt -5960.88 1766.05
v 151439 -6504.08 -41677.4
vt -5960.13 1764.34
v 151419 -6504.08 -41634.1
vt -5959.37 1762.64
v 151400 -6504.08 -41590.9
vt -5958.6 1760.94
v 151380 -6504.08 -41547.7
vt -5957.81 1759.24
v 151360 -6504.08 -41504.5
vt -5957.01 1757.54
v 151339 -6504.08 -41461.4
vt -5956.2 1755.84
v 151318 -6504.08 -41418.3
vt -5955.38 1754.15
v 151297 -6504.08 -41375.3
vt -5954.54 1752.45
v 151275 -6504.08 -41332.3
vt -5953.69 1750.76
v 151253 -6504.08 -41289.4
vt -5952.83 1749.07
v 151231 -6504.08 -41246.5
vt -5951.95 1747.38
v 151208 -6504.08 -41203.6
vt -5951.06 1745.69
v 151185 -6504.08 -41160.8
vt -5950.16 1744.01
v 151162 -6504.08 -41118
vt -5949.24 1742.32
v 151139 -6504.08 -41075.3
vt -5948.31 1740.64
v 151115 -6504.08 -41032.6
vt -5947.37 1738.96
v 151090 -6504.08 -40990
vt -5946.42 1737.28
v 151066 -6504.08 -40947.3
vt -5945.45 1735.6
v 151041 -6504.08 -40904.8
vt -5944.47 1733.93
v 151016 -6504.08 -40862.2
vt -5943.48 1732.25
v 150990 -6504.08 -40819.8
vt -5942.47 1730.58
v 150964 -6504.08 -40777.3
vt -5941.45 1728.91
v 150938 -6504.08 -40734.9
vt -5940.42 1727.24
v 150912 -6504.08 -40692.6
vt -5939.38 1725.57
v 150885 -6504.08 -40650.2
vt -5938.32 1723.9
v 150857 -6504.08 -40608
vt -5937.25 1722.24
v 150830 -6504.08 -40565.7
vt -5936.17 1720.58
v 150802 -6504.08 -40523.5
vt -5935.07 1718.92
v 150774 -6504.08 -40481.4
vt -5933.96 1717.26
v 150745 -6504.08 -40439.3
vt -5932.84 1715.6
v 150717 -6504.08 -40397.2
vt -5931.7 1713.94
v 150687 -6504.08 -40355.2
vt -5930.56 1712.29
v 150658 -6504.08 -40313.2
vt -5929.39 1710.63
v 150628 -6504.08 -40271.2
vt -5928.22 1708.98
v 150598 -6504.08 -40229.3
vt -5927.03 1707.33
v 150568 -6504.08 -40187.5
vt -5925.83 1705.69
v 150537 -6504.08 -40145.7
vt -5924.62 1704.04
v 150506 -6504.08 -40103.9
vt -5923.4 1702.39
v 150474 -6504.08 -40062.1
vt -5922.16 1700.75
v 150442 -6504.08 -40020.4
vt -5920.91 1699.11
v 150410 -6504.08 -39978.8
vt -5919.64 1697.47
v 150378 -6504.08 -39937.2
vt -5918.37 1695.83
v 150345 -6504.08 -39895.6
vt -5917.08 1694.19
v 150312 -6504.08 -39854.1
vt -5915.77 1692.56
v 150279 -6504.08 -39812.6
vt -5914.46 1690.93
v 150245 -6504.08 -39771.3
vt -5913.13 1689.3
v 150211 -6504.08 -39729.7
vt -5911.81 1687.66
v 150178 -6504.08 -39687.2
vt -5910.49 1685.99
v 150144 -6504.08 -39643.6
vt -5909.16 1684.27
v 150110 -6504.08 -39599
vt -5907.83 1682.52
v 150077 -6504.08 -39553.3
vt -5906.5 1680.72
v 150043 -6504.08 -39506.6
vt -5905.17 1678.88
v 150009 -6504.08 -39458.9
vt -5903.84 1677
v 149975 -6504.08 -39410.2
vt -5902.5 1675.08
v 149941 -6504.08 -39360.1
vt -5901.18 1673.11
v 149908 -6504.08 -39308
vt -5899.86 1671.06
v 149875 -6504.08 -39253.7
vt -5898.55 1668.92
v 149842 -6504.08 -39197.3
vt -5897.25 1666.7
v 149809 -6504.08 -39138.7
vt -5895.96 1664.39
v 149776 -6504.08 -39077.9
vt -5894.68 1662
v 149744 -6504.08 -39015.1
vt -5893.4 1659.53
v 149712 -6504.08 -38950.1
vt -5892.13 1656.97
v 149680 -6504.08 -38882.9
vt -5890.87 1654.32
v 149648 -6504.08 -38813.6
vt -5889.62 1651.6
v 149616 -6504.08 -38742.1
vt -5888.38 1648.78
v 149585 -6504.08 -38668.5
vt -5887.14 1645.88
v 149554 -6504.08 -38592.8
vt -5885.92 1642.9
v 149523 -6504.08 -38514.9
vt -5884.7 1639.84
v 149492 -6504.08 -38434.9
vt -5883.49 1636.69
v 149461 -6504.08 -38352.7
vt -5882.29 1633.45
v 149431 -6504.08 -38268.4
vt -5881.1 1630.13
v 149401 -6504.08 -38182
vt -5879.91 1626.73
v 149371 -6504.08 -38093.4
vt -5878.74 1623.24
v 149342 -6504.08 -38002.7
vt -5877.57 1619.67
v 149312 -6504.08 -37909.8
vt -5876.41 1616.01
v 149283 -6504.08 -37814.8
vt -5875.27 1612.27
v 149254 -6504.08 -37717.7
vt -5874.13 1608.45
v 149225 -6504.08 -37618.4
vt -5872.99 1604.54
v 149197 -6504.08 -37517
vt -5871.87 1600.55
v 149169 -6504.08 -37413.5
vt -5870.76 1596.47
v 149141 -6504.08 -37307.8
vt -5869.65 1592.31
v 149113 -6504.08 -37200
vt -5868.56 1588.07
v 149085 -6504.08 -37090.1
vt -5867.47 1583.74
v 149058 -6504.08 -36978
vt -5866.39 1579.33
v 149031 -6504.08 -36863.8
vt -5865.32 1574.83
v 149004 -6504.08 -36747.5
vt -5864.26 1570.25
v 148977 -6504.08 -36629.1
vt -5863.21 1565.59
v 148950 -6504.08 -36508.5
vt -5862.17 1560.84
v 148924 -6504.08 -36385.7
vt -5861.14 1556.01
v 148898 -6504.08 -36260.9
vt -5860.11 1551.1
v 148872 -6504.08 -36133.9
vt -5859.09 1546.1
v 148847 -6504.08 -36004.8
vt -5858.09 1541.01
v 148821 -6504.08 -35873.6
vt -5857.09 1535.85
v 148796 -6504.08 -35740.2
vt -5856.1 1530.6
v 148771 -6504.08 -35604.7
vt -5855.12 1525.26
v 148747 -6504.08 -35467.1
vt -5854.15 1519.84
v 148722 -6504.08 -35327.3
vt -5853.19 1514.34
v 148698 -6504.08 -35185.4
vt -5852.23 1508.75
v 148674 -6504.08 -35041.4
vt -5851.29 1503.08
v 148650 -6504.08 -34895.2
vt -5850.35 1497.33
v 148627 -6504.08 -34747
vt -5849.43 1491.49
v 148604 -6504.08 -34596.6
vt -5848.51 1485.57
v 148580 -6504.08 -34444
vt -5847.6 1479.57
v 148558 -6504.08 -34289.4
vt -5846.7 1473.48
v 148535 -6504.08 -34132.6
vt -5845.81 1467.3
v 148513 -6504.08 -33973.7
vt -5844.93 1461.05
v 148490 -6504.08 -33812.6
vt -5844.06 1454.71
v 148468 -6504.08 -33649.5
vt -5843.19 1448.28
v 148447 -6504.08 -33484.2
vt -5842.34 1441.78
v 148425 -6504.08 -33316.7
vt -5841.49 1435.18
v 148404 -6504.08 -33148.2
vt -5840.66 1428.55
v 148383 -6504.08 -32979.9
vt -5839.83 1421.92
v 148362 -6504.08 -32811.6
vt -5839 1415.3
v 148341 -6504.08 -32643.4
vt -5838.19 1408.68
v 148321 -6504.08 -32475.4
vt -5837.38 1402.06
v 148301 -6504.08 -32307.4
vt -5836.58 1395.45
v 148280 -6504.08 -32139.6
vt -5835.79 1388.84
v 148261 -6504.08 -31971.9
vt -5835.01 1382.24
v 148241 -6504.08 -31805.3
vt -5834.23 1375.68
v 148221 -6504.08 -31641.1
vt -5833.46 1369.21
v 148202 -6504.08 -31479.3
vt -5832.69 1362.84
v 148183 -6504.08 -31319.8
vt -5831.94 1356.56
v 148163 -6504.08 -31162.6
vt -5831.18 1350.38
v 148145 -6504.08 -31007.8
vt -5830.44 1344.28
v 148126 -6504.08 -30855.3
vt -5829.7 1338.28
v 148107 -6504.08 -30705.2
vt -5828.97 1332.37
v 148089 -6504.08 -30557.4
vt -5828.24 1326.55
v 148070 -6504.08 -30412
vt -5827.52 1320.82
v 148052 -6504.08 -30268.9
vt -5826.81 1315.19
v 148034 -6504.08 -30128.2
vt -5826.1 1309.65
v 148017 -6504.08 -29989.8
vt -5825.4 1304.2
v 147999 -6504.08 -29853.8
vt -5824.71 1298.85
v 147981 -6504.08 -29720.1
vt -5824.02 1293.58
v 147964 -6504.08 -29588.8
vt -5823.34 1288.41
v 147947 -6504.08 -29459.8
vt -5822.66 1283.33
v 147930 -6504.08 -29333.1
vt -5821.99 1278.35
v 147913 -6504.08 -29208.8
vt -5821.33 1273.46
v 147896 -6504.08 -29086.9
vt -5820.67 1268.65
v 147880 -6504.08 -28967.3
vt -5820.02 1263.94
v 147864 -6504.08 -28850
vt -5819.38 1259.33
v 147847 -6504.08 -28735.1
vt -5818.74 1254.8
v 147831 -6504.08 -28622.5
vt -5818.11 1250.37
v 147816 -6504.08 -28512.3
vt -5817.49 1246.03
v 147800 -6504.08 -28404.4
vt -5816.87 1241.79
v 147784 -6504.08 -28298.9
vt -5816.26 1237.63
v 147769 -6504.08 -28195.7
vt -5815.66 1233.57
v 147754 -6504.08 -28094.9
vt -5815.06 1229.6
v 147739 -6504.08 -27996.4
vt -5814.46 1225.72
v 147724 -6504.08 -27900.2
vt -5813.88 1221.94
v 147709 -6504.08 -27806.4
vt -5813.3 1218.24
v 147695 -6504.08 -27715
vt -5812.73 1214.64
v 147680 -6504.08 -27625.9
vt -5812.16 1211.13
v 147666 -6504.08 -27539.1
vt -5811.6 1207.72
v 147652 -6504.08 -27454.7
vt -5811.04 1204.39
v 147638 -6504.08 -27372.6
vt -5810.5 1201.16
v 147624 -6504.08 -27292.9
vt -5809.96 1198.02
v 147611 -6504.08 -27215.5
vt -5809.42 1194.98
v 147597 -6504.08 -27140.4
vt -5808.89 1192.02
v 147584 -6504.08 -27067.7
vt -5808.37 1189.16
v 147571 -6504.08 -26997.3
vt -5807.85 1186.39
v 147558 -6504.08 -26929.3
vt -5807.34 1183.71
v 147545 -6504.08 -26863.6
vt -5806.84 1181.12
v 147532 -6504.08 -26800.2
vt -5806.34 1178.63
v 147520 -6504.08 -26739.2
vt -5805.85 1176.23
v 147508 -6504.08 -26680.5
vt -5805.36 1173.91
v 147495 -6504.08 -26624.1
vt -5804.89 1171.7
v 147483 -6504.08 -26570.1
vt -5804.41 1169.57
v 147472 -6504.08 -26518.4
vt -5803.95 1167.53
v 147460 -6504.08 -26469
vt -5803.49 1165.59
v 147448 -6504.08 -26422
vt -5803.03 1163.74
v 147437 -6504.08 -26377.2
vt -5802.58 1161.98
v 147426 -6504.08 -26334.8
vt -5802.14 1160.3
v 147415 -6504.08 -26294.7
vt -5801.7 1158.73
v 147404 -6504.08 -26256.9
vt -5801.27 1157.24
v 147393 -6504.08 -26220.6
vt -5800.84 1155.81
v 147381 -6504.08 -26185.2
vt -5800.39 1154.41
v 147370 -6504.08 -26150.6
vt -5799.93 1153.05
v 147358 -6504.08 -26116.8
vt -5799.46 1151.72
v 147345 -6504.08 -26083.9
vt -5798.98 1150.43
v 147333 -6504.08 -26051.8
vt -5798.49 1149.16
v 147320 -6504.08 -26020.5
vt -5797.98 1147.93
v 147307 -6504.08 -25990.1
vt -5797.46 1146.73
v 147293 -6504.08 -25959.9
vt -5796.92 1145.54
v 147279 -6504.08 -25929.1
vt -5796.36 1144.33
v 147264 -6504.08 -25897.7
vt -5795.76 1143.1
v 147248 -6504.08 -25865.7
vt -5795.14 1141.84
v 147231 -6504.08 -25833.1
vt -5794.49 1140.55
v 147214 -6504.08 -25799.8
vt -5793.81 1139.24
v 147196 -6504.08 -25765.9
vt -5793.1 1137.91
v 147177 -6504.08 -25731.3
vt -5792.36 1136.55
v 147158 -6504.08 -25696.1
vt -5791.59 1135.16
v 147137 -6504.08 -25660.3
vt -5790.79 1133.75
v 147116 -6504.08 -25623.8
vt -5789.96 1132.31
v 147095 -6504.08 -25586.8
vt -5789.11 1130.85
v 147072 -6504.08 -25549
vt -5788.22 1129.37
v 147049 -6504.08 -25510.6
vt -5787.31 1127.86
v 147025 -6504.08 -25471.6
vt -5786.37 1126.32
v 147000 -6504.08 -25432
vt -5785.39 1124.76
v 146975 -6504.08 -25391.7
vt -5784.39 1123.17
v 146949 -6504.08 -25350.7
vt -5783.36 1121.56
v 146922 -6504.08 -25309.2
vt -5782.3 1119.92
v 146894 -6504.08 -25266.9
vt -5781.21 1118.26
v 146866 -6504.08 -25224.1
vt -5780.1 1116.57
v 146837 -6504.08 -25180.6
vt -5778.95 1114.86
v 146807 -6504.08 -25136.4
vt -5777.77 1113.12
v 146776 -6504.08 -25091.6
vt -5776.57 1111.36
v 146745 -6504.08 -25046.2
vt -5775.33 1109.57
v 146713 -6504.08 -25000.1
vt -5774.07 1107.76
v 146680 -6504.08 -24953.3
vt -5772.78 1105.92
v 146646 -6504.08 -24906
vt -5771.46 1104.05
v 146612 -6504.08 -24857.9
vt -5770.11 1102.16
v 146577 -6504.08 -24809.3
vt -5768.73 1100.24
v 146541 -6504.08 -24759.9
vt -5767.32 1098.3
v 146505 -6504.08 -24710
vt -5765.88 1096.34
v 146467 -6504.08 -24659.4
vt -5764.41 1094.34
v 146429 -6504.08 -24608.1
vt -5762.91 1092.33
v 146391 -6504.08 -24556.2
vt -5761.39 1090.28
v 146351 -6504.08 -24503.7
vt -5759.83 1088.21
v 146311 -6504.08 -24450.5
vt -5758.25 1086.12
v 146270 -6504.08 -24396.6
vt -5756.64 1084
v 146228 -6504.08 -24342.1
vt -5754.99 1081.85
v 146186 -6504.08 -24287
vt -5753.32 1079.68
v 146143 -6504.08 -24231.2
vt -5751.62 1077.49
v 146099 -6504.08 -24174.8
vt -5749.89 1075.26
v 146054 -6504.08 -24117.7
vt -5748.13 1073.02
v 146008 -6504.08 -24060
vt -5746.34 1070.74
v 145962 -6504.08 -24001.6
vt -5744.53 1068.45
v 145915 -6504.08 -23942.6
vt -5742.68 1066.12
v 145868 -6504.08 -23882.9
vt -5740.8 1063.77
v 145819 -6504.08 -23822.6
vt -5738.9 1061.4
v 145770 -6504.08 -23761.6
vt -5736.96 1059
v 145720 -6504.08 -23700
vt -5735 1056.57
v 145670 -6504.08 -23637.8
vt -5733.01 1054.12
v 145618 -6504.08 -23574.8
vt -5730.99 1051.64
v 145566 -6504.08 -23511.3
vt -5728.93 1049.14
v 145513 -6504.08 -23447.1
vt -5726.85 1046.61
v 145460 -6504.08 -23382.2
vt -5724.74 1044.06
v 145406 -6504.08 -23316.7
vt -5722.61 1041.48
v 145351 -6504.08 -23250.9
vt -5720.45 1038.89
v 145296 -6504.08 -23185.1
vt -5718.3 1036.3
v 145242 -6504.08 -23119.2
vt -5716.15 1033.71
v 145187 -6504.08 -23053.4
vt -5714 1031.11
v 145132 -6504.08 -22987.4
vt -5711.85 1028.52
v 145078 -6504.08 -22921.5
vt -5709.69 1025.92
v 145023 -6504.08 -22855.5
vt -5707.54 1023.32
v 144968 -6504.08 -22789.5
vt -5705.39 1020.72
v 144914 -6504.08 -22723.8
vt -5703.25 1018.14
v 144860 -6504.08 -22658.6
vt -5701.14 1015.57
v 144808 -6504.08 -22594.1
vt -5699.06 1013.03
v 144755 -6504.08 -22530.2
vt -5697.01 1010.52
v 144704 -6504.08 -22466.8
vt -5694.99 1008.02
v 144654 -6504.08 -22404
vt -5693 1005.55
v 144604 -6504.08 -22341.8
vt -5691.03 1003.1
v 144555 -6504.08 -22280.2
vt -5689.1 1000.67
v 144506 -6504.08 -22219.2
vt -5687.19 998.272
v 144458 -6504.08 -22158.7
vt -5685.32 995.892
v 144411 -6504.08 -22098.8
vt -5683.47 993.535
v 144365 -6504.08 -22039.6
vt -5681.65 991.201
v 144320 -6504.08 -21980.9
vt -5679.86 988.89
v 144275 -6504.08 -21922.7
vt -5678.1 986.602
v 144231 -6504.08 -21865.2
vt -5676.36 984.336
v 144188 -6504.08 -21808.3
vt -5674.66 982.094
v 144145 -6504.08 -21751.9
vt -5672.99 979.875
v 144103 -6504.08 -21696.1
vt -5671.34 977.679
v 144062 -6504.08 -21640.9
vt -5669.72 975.506
v 144022 -6504.08 -21586.3
vt -5668.13 973.355
v 143982 -6504.08 -21532.3
vt -5666.58 971.228
v 143943 -6504.08 -21478.8
vt -5665.04 969.124
v 143905 -6504.08 -21425.9
vt -5663.54 967.043
v 143868 -6504.08 -21373.7
vt -5662.07 964.985
v 143831 -6504.08 -21322
vt -5660.63 962.949
v 143795 -6504.08 -21270.9
vt -5659.21 960.937
v 143760 -6504.08 -21220.3
vt -5657.83 958.948
v 143726 -6504.08 -21170.4
vt -5656.47 956.982
v 143692 -6504.08 -21121.1
vt -5655.14 955.039
v 143659 -6504.08 -21072.3
vt -5653.84 953.119
v 143627 -6504.08 -21024.1
vt -5652.57 951.222
v 143595 -6504.08 -20976.5
vt -5651.33 949.348
v 143564 -6504.08 -20929.5
vt -5650.12 947.498
v 143534 -6504.08 -20883.1
vt -5648.93 945.67
v 143505 -6504.08 -20837.2
vt -5647.78 943.866
v 143476 -6504.08 -20792
vt -5646.65 942.084
v 143476 -6504.08 -20790.9
vt -5646.62 942.039
v 143412 -6504.08 -20830.6
vt -5644.12 943.602
v 143413 -6504.08 -20831.9
vt -5644.15 943.654
v 143442 -6504.08 -20877.5
vt -5645.29 945.45
v 143471 -6504.08 -20923.7
vt -5646.45 947.268
v 143501 -6504.08 -20970.4
vt -5647.64 949.109
v 143532 -6504.08 -21017.8
vt -5648.86 950.973
v 143564 -6504.08 -21065.7
vt -5650.11 952.859
v 143597 -6504.08 -21114.2
vt -5651.39 954.768
v 143630 -6504.08 -21163.2
vt -5652.7 956.7
v 143664 -6504.08 -21212.9
vt -5654.03 958.654
v 143698 -6504.08 -21263.1
vt -5655.4 960.631
v 143734 -6504.08 -21313.9
vt -5656.79 962.63
v 143770 -6504.08 -21365.2
vt -5658.21 964.653
v 143807 -6504.08 -21417.2
vt -5659.67 966.698
v 143844 -6504.08 -21469.7
vt -5661.15 968.766
v 143883 -6504.08 -21522.8
vt -5662.65 970.856
v 143922 -6504.08 -21576.5
vt -5664.19 972.969
v 143962 -6504.08 -21630.7
vt -5665.76 975.105
v 144002 -6504.08 -21685.6
vt -5667.35 977.264
v 144043 -6504.08 -21741
vt -5668.97 979.446
v 144085 -6504.08 -21797
vt -5670.63 981.65
v 144128 -6504.08 -21853.5
vt -5672.31 983.877
v 144171 -6504.08 -21910.7
vt -5674.02 986.127
v 144216 -6504.08 -21968.4
vt -5675.76 988.399
v 144260 -6504.08 -22026.7
vt -5677.52 990.694
v 144306 -6504.08 -22085.6
vt -5679.32 993.013
v 144352 -6504.08 -22145
vt -5681.14 995.353
v 144399 -6504.08 -22205.1
vt -5683 997.717
v 144447 -6504.08 -22265.7
vt -5684.88 1000.1
v 144496 -6504.08 -22326.9
vt -5686.79 1002.51
v 144545 -6504.08 -22388.7
vt -5688.73 1004.94
v 144595 -6504.08 -22451
vt -5690.7 1007.4
v 144646 -6504.08 -22513.9
vt -5692.69 1009.88
v 144697 -6504.08 -22577.4
vt -5694.72 1012.38
v 144749 -6504.08 -22641.5
vt -5696.78 1014.9
v 144802 -6504.08 -22706.2
vt -5698.86 1017.45
v 144856 -6504.08 -22771.5
vt -5700.97 1020.02
v 144910 -6504.08 -22837.3
vt -5703.11 1022.61
v 144965 -6504.08 -22903.3
vt -5705.27 1025.21
v 145020 -6504.08 -22969.3
vt -5707.42 1027.81
v 145074 -6504.08 -23035.3
vt -5709.57 1030.4
v 145129 -6504.08 -23101.2
vt -5711.73 1033
v 145184 -6504.08 -23167.1
vt -5713.88 1035.59
v 145239 -6504.08 -23233
vt -5716.03 1038.19
v 145293 -6504.08 -23298.8
vt -5718.18 1040.78
v 145348 -6504.08 -23364.6
vt -5720.33 1043.37
v 145402 -6504.08 -23430
vt -5722.47 1045.94
v 145456 -6504.08 -23494.8
vt -5724.58 1048.49
v 145508 -6504.08 -23558.9
vt -5726.65 1051.02
v 145560 -6504.08 -23622.3
vt -5728.7 1053.51
v 145612 -6504.08 -23685.1
vt -5730.72 1055.99
v 145662 -6504.08 -23747.3
vt -5732.71 1058.43
v 145712 -6504.08 -23808.8
vt -5734.67 1060.85
v 145761 -6504.08 -23869.6
vt -5736.6 1063.25
v 145809 -6504.08 -23929.8
vt -5738.5 1065.62
v 145857 -6504.08 -23989.3
vt -5740.37 1067.96
v 145904 -6504.08 -24048.2
vt -5742.21 1070.28
v 145950 -6504.08 -24106.4
vt -5744.03 1072.57
v 145995 -6504.08 -24164
vt -5745.81 1074.84
v 146039 -6504.08 -24220.9
vt -5747.56 1077.08
v 146083 -6504.08 -24277.2
vt -5749.29 1079.3
v 146126 -6504.08 -24332.8
vt -5750.99 1081.49
v 146169 -6504.08 -24387.8
vt -5752.65 1083.65
v 146210 -6504.08 -24442.1
vt -5754.29 1085.79
v 146251 -6504.08 -24495.8
vt -5755.9 1087.9
v 146291 -6504.08 -24548.8
vt -5757.48 1089.99
v 146331 -6504.08 -24601.2
vt -5759.03 1092.05
v 146369 -6504.08 -24652.9
vt -5760.55 1094.09
v 146407 -6504.08 -24703.9
vt -5762.04 1096.1
v 146444 -6504.08 -24754.4
vt -5763.5 1098.08
v 146481 -6504.08 -24804.1
vt -5764.93 1100.04
v 146516 -6504.08 -24853.2
vt -5766.33 1101.97
v 146551 -6504.08 -24901.6
vt -5767.71 1103.88
v 146585 -6504.08 -24949.4
vt -5769.05 1105.76
v 146619 -6504.08 -24996.6
vt -5770.37 1107.62
v 146651 -6504.08 -25043
vt -5771.65 1109.45
v 146683 -6504.08 -25088.9
vt -5772.91 1111.25
v 146714 -6504.08 -25134
vt -5774.13 1113.03
v 146745 -6504.08 -25178.6
vt -5775.33 1114.78
v 146774 -6504.08 -25222.4
vt -5776.5 1116.51
v 146803 -6504.08 -25265.6
vt -5777.64 1118.21
v 146832 -6504.08 -25308.2
vt -5778.75 1119.89
v 146859 -6504.08 -25350.1
vt -5779.83 1121.54
v 146886 -6504.08 -25391.3
vt -5780.88 1123.16
v 146912 -6504.08 -25431.9
vt -5781.9 1124.76
v 146937 -6504.08 -25471.8
vt -5782.89 1126.33
v 146961 -6504.08 -25511.1
vt -5783.85 1127.87
v 146985 -6504.08 -25549.7
vt -5784.79 1129.39
v 147008 -6504.08 -25587.6
vt -5785.69 1130.89
v 147030 -6504.08 -25624.9
vt -5786.57 1132.36
v 147052 -6504.08 -25661.5
vt -5787.41 1133.8
v 147072 -6504.08 -25697.5
vt -5788.23 1135.21
v 147092 -6504.08 -25732.8
vt -5789.01 1136.6
v 147111 -6504.08 -25767.4
vt -5789.77 1137.97
v 147130 -6504.08 -25801.4
vt -5790.5 1139.3
v 147148 -6504.08 -25834.7
vt -5791.19 1140.62
v 147165 -6504.08 -25867.3
vt -5791.86 1141.9
v 147181 -6504.08 -25899.3
vt -5792.5 1143.16
v 147196 -6504.08 -25930.6
vt -5793.11 1144.39
v 147211 -6504.08 -25961.2
vt -5793.69 1145.6
v 147225 -6504.08 -25991.2
vt -5794.24 1146.78
v 147238 -6504.08 -26020.4
vt -5794.76 1147.93
v 147251 -6504.08 -26049.7
vt -5795.26 1149.08
v 147263 -6504.08 -26079.7
vt -5795.75 1150.26
v 147275 -6504.08 -26110.6
vt -5796.22 1151.48
v 147287 -6504.08 -26142.4
vt -5796.69 1152.73
v 147299 -6504.08 -26175.1
vt -5797.14 1154.02
v 147310 -6504.08 -26208.6
vt -5797.59 1155.34
v 147321 -6504.08 -26243
vt -5798.02 1156.69
v 147332 -6504.08 -26278.2
vt -5798.44 1158.08
v 147342 -6504.08 -26315.1
vt -5798.86 1159.53
v 147353 -6504.08 -26354.4
vt -5799.29 1161.08
v 147364 -6504.08 -26396.1
vt -5799.73 1162.72
v 147376 -6504.08 -26440.2
vt -5800.17 1164.45
v 147387 -6504.08 -26486.6
vt -5800.62 1166.28
v 147399 -6504.08 -26535.4
vt -5801.07 1168.2
v 147410 -6504.08 -26586.6
vt -5801.53 1170.22
v 147422 -6504.08 -26640.2
vt -5802 1172.33
v 147434 -6504.08 -26696.1
vt -5802.48 1174.53
v 147447 -6504.08 -26754.4
vt -5802.96 1176.82
v 147459 -6504.08 -26815.1
vt -5803.45 1179.21
v 147471 -6504.08 -26878.1
vt -5803.94 1181.69
v 147484 -6504.08 -26943.5
vt -5804.44 1184.27
v 147497 -6504.08 -27011.2
vt -5804.95 1186.93
v 147510 -6504.08 -27081.3
vt -5805.46 1189.69
v 147523 -6504.08 -27153.7
vt -5805.99 1192.55
v 147537 -6504.08 -27228.6
vt -5806.51 1195.49
v 147550 -6504.08 -27305.7
vt -5807.05 1198.53
v 147564 -6504.08 -27385.2
vt -5807.59 1201.66
v 147578 -6504.08 -27467.1
vt -5808.13 1204.88
v 147592 -6504.08 -27551.3
vt -5808.69 1208.2
v 147606 -6504.08 -27637.9
vt -5809.24 1211.61
v 147621 -6504.08 -27726.9
vt -5809.81 1215.11
v 147635 -6504.08 -27818.2
vt -5810.38 1218.7
v 147650 -6504.08 -27911.8
vt -5810.96 1222.39
v 147665 -6504.08 -28007.8
vt -5811.55 1226.17
v 147680 -6504.08 -28106.1
vt -5812.14 1230.04
v 147695 -6504.08 -28206.8
vt -5812.74 1234.01
v 147710 -6504.08 -28309.9
vt -5813.34 1238.06
v 147726 -6504.08 -28415.3
vt -5813.95 1242.21
v 147741 -6504.08 -28523
vt -5814.57 1246.46
v 147757 -6504.08 -28633.1
vt -5815.19 1250.79
v 147773 -6504.08 -28745.6
vt -5815.82 1255.22
v 147789 -6504.08 -28860.4
vt -5816.46 1259.74
v 147806 -6504.08 -28977.6
vt -5817.1 1264.35
v 147822 -6504.08 -29097.1
vt -5817.75 1269.06
v 147839 -6504.08 -29218.9
vt -5818.4 1273.85
v 147856 -6504.08 -29343.1
vt -5819.07 1278.74
v 147873 -6504.08 -29469.7
vt -5819.73 1283.73
v 147890 -6504.08 -29598.6
vt -5820.41 1288.8
v 147907 -6504.08 -29729.9
vt -5821.09 1293.97
v 147925 -6504.08 -29863.5
vt -5821.78 1299.23
v 147942 -6504.08 -29999.4
vt -5822.47 1304.58
v 147960 -6504.08 -30137.7
vt -5823.17 1310.03
v 147978 -6504.08 -30278.4
vt -5823.88 1315.56
v 147996 -6504.08 -30421.4
vt -5824.59 1321.19
v 148014 -6504.08 -30566.7
vt -5825.31 1326.92
v 148033 -6504.08 -30714.5
vt -5826.04 1332.73
v 148051 -6504.08 -30864.5
vt -5826.77 1338.64
v 148070 -6504.08 -31016.9
vt -5827.51 1344.64
v 148089 -6504.08 -31171.7
vt -5828.25 1350.73
v 148108 -6504.08 -31328.8
vt -5829 1356.92
v 148127 -6504.08 -31488.2
vt -5829.76 1363.2
v 148147 -6504.08 -31650
vt -5830.53 1369.57
v 148166 -6504.08 -31814.2
vt -5831.3 1376.03
v 148186 -6504.08 -31980.7
vt -5832.07 1382.58
v 148206 -6504.08 -32148.5
vt -5832.86 1389.19
v 148226 -6504.08 -32316.4
vt -5833.65 1395.8
v 148246 -6504.08 -32484.4
vt -5834.45 1402.42
v 148267 -6504.08 -32652.5
vt -5835.26 1409.03
v 148288 -6504.08 -32820.8
vt -5836.07 1415.66
v 148308 -6504.08 -32989.1
vt -5836.9 1422.29
v 148330 -6504.08 -33157.6
vt -5837.73 1428.92
v 148351 -6504.08 -33326.2
vt -5838.56 1435.56
v 148372 -6504.08 -33493.8
vt -5839.41 1442.16
v 148394 -6504.08 -33659.3
vt -5840.27 1448.67
v 148416 -6504.08 -33822.7
vt -5841.13 1455.11
v 148438 -6504.08 -33984
vt -5842.01 1461.46
v 148461 -6504.08 -34143.2
vt -5842.89 1467.72
v 148483 -6504.08 -34300.2
vt -5843.78 1473.9
v 148506 -6504.08 -34455.1
vt -5844.68 1480
v 148529 -6504.08 -34607.9
vt -5845.59 1486.02
v 148553 -6504.08 -34758.6
vt -5846.51 1491.95
v 148576 -6504.08 -34907.1
vt -5847.44 1497.8
v 148600 -6504.08 -35053.6
vt -5848.38 1503.56
v 148624 -6504.08 -35197.9
vt -5849.32 1509.24
v 148648 -6504.08 -35340.1
vt -5850.28 1514.84
v 148673 -6504.08 -35480.1
vt -5851.24 1520.36
v 148698 -6504.08 -35618.1
vt -5852.22 1525.79
v 148723 -6504.08 -35753.9
vt -5853.2 1531.14
v 148748 -6504.08 -35887.6
vt -5854.19 1536.4
v 148773 -6504.08 -36019.2
vt -5855.19 1541.58
v 148799 -6504.08 -36148.7
vt -5856.2 1546.68
v 148825 -6504.08 -36276
vt -5857.22 1551.69
v 148851 -6504.08 -36401.2
vt -5858.25 1556.62
v 148877 -6504.08 -36524.4
vt -5859.28 1561.47
v 148904 -6504.08 -36645.3
vt -5860.33 1566.23
v 148931 -6504.08 -36764.2
vt -5861.38 1570.91
v 148958 -6504.08 -36881
vt -5862.45 1575.51
v 148985 -6504.08 -36995.6
vt -5863.52 1580.02
v 149012 -6504.08 -37108.1
vt -5864.6 1584.45
v 149040 -6504.08 -37218.5
vt -5865.7 1588.8
v 149068 -6504.08 -37326.8
vt -5866.8 1593.06
v 149096 -6504.08 -37433
vt -5867.91 1597.24
v 149125 -6504.08 -37537.1
vt -5869.03 1601.34
v 149153 -6504.08 -37639
vt -5870.15 1605.35
v 149182 -6504.08 -37738.8
vt -5871.29 1609.28
v 149211 -6504.08 -37836.5
vt -5872.44 1613.13
v 149241 -6504.08 -37932.1
vt -5873.6 1616.89
v 149270 -6504.08 -38025.6
vt -5874.76 1620.57
v 149300 -6504.08 -38117
vt -5875.93 1624.17
v 149330 -6504.08 -38206.2
vt -5877.12 1627.68
v 149360 -6504.08 -38293.4
vt -5878.31 1631.12
v 149391 -6504.08 -38378.4
vt -5879.51 1634.46
v 149422 -6504.08 -38461.4
vt -5880.73 1637.73
v 149453 -6504.08 -38542.2
vt -5881.95 1640.91
v 149484 -6504.08 -38620.9
vt -5883.18 1644.01
v 149516 -6504.08 -38697.5
vt -5884.42 1647.02
v 149547 -6504.08 -38772
vt -5885.67 1649.96
v 149579 -6504.08 -38844.4
vt -5886.93 1652.81
v 149612 -6504.08 -38914.7
vt -5888.2 1655.57
v 149644 -6504.08 -38982.8
vt -5889.48 1658.26
v 149677 -6504.08 -39048.9
vt -5890.76 1660.86
v 149710 -6504.08 -39112.9
vt -5892.06 1663.38
v 149743 -6504.08 -39174.8
vt -5893.37 1665.81
v 149776 -6504.08 -39234.5
vt -5894.69 1668.17
v 149810 -6504.08 -39292.2
vt -5896.02 1670.44
v 149844 -6504.08 -39347.8
vt -5897.36 1672.63
v 149879 -6504.08 -39401.2
vt -5898.71 1674.73
v 149913 -6504.08 -39452.5
vt -5900.06 1676.75
v 149947 -6504.08 -39502
vt -5901.42 1678.7
v 149982 -6504.08 -39550.3
vt -5902.77 1680.6
v 150016 -6504.08 -39597.6
vt -5904.12 1682.46
v 150050 -6504.08 -39643.9
vt -5905.47 1684.29
v 150084 -6504.08 -39689.2
vt -5906.81 1686.07
v 150119 -6504.08 -39733.4
vt -5908.16 1687.81
v 150153 -6504.08 -39776.5
vt -5909.5 1689.51
v 150187 -6504.08 -39818.5
vt -5910.84 1691.16
v 150220 -6504.08 -39859.8
vt -5912.16 1692.78
v 150253 -6504.08 -39901
vt -5913.47 1694.41
v 150286 -6504.08 -39942.2
vt -5914.76 1696.03
v 150319 -6504.08 -39983.4
vt -5916.04 1697.65
v 150351 -6504.08 -40024.7
vt -5917.31 1699.28
v 150383 -6504.08 -40066.1
vt -5918.56 1700.91
v 150414 -6504.08 -40107.4
vt -5919.81 1702.53
v 150446 -6504.08 -40148.8
vt -5921.03 1704.16
v 150476 -6504.08 -40190.3
vt -5922.25 1705.8
v 150507 -6504.08 -40231.8
vt -5923.45 1707.43
v 150537 -6504.08 -40273.3
vt -5924.64 1709.06
v 150567 -6504.08 -40314.9
vt -5925.82 1710.7
v 150597 -6504.08 -40356.5
vt -5926.98 1712.34
v 150626 -6504.08 -40398.1
vt -5928.13 1713.98
v 150655 -6504.08 -40439.8
vt -5929.27 1715.62
v 150683 -6504.08 -40481.5
vt -5930.4 1717.26
v 150712 -6504.08 -40523.2
vt -5931.51 1718.9
v 150740 -6504.08 -40565
vt -5932.61 1720.55
v 150767 -6504.08 -40606.8
vt -5933.7 1722.2
v 150795 -6504.08 -40648.7
vt -5934.77 1723.84
v 150821 -6504.08 -40690.6
vt -5935.83 1725.49
v 150848 -6504.08 -40732.6
vt -5936.88 1727.15
v 150874 -6504.08 -40774.5
vt -5937.91 1728.8
v 150900 -6504.08 -40816.6
vt -5938.94 1730.45
v 150926 -6504.08 -40858.6
vt -5939.95 1732.11
v 150951 -6504.08 -40900.7
vt -5940.94 1733.77
v 150976 -6504.08 -40942.8
vt -5941.93 1735.42
v 151001 -6504.08 -40985
vt -5942.9 1737.08
v 151025 -6504.08 -41027.2
vt -5943.86 1738.75
v 151049 -6504.08 -41069.5
vt -5944.8 1740.41
v 151073 -6504.08 -41111.7
vt -5945.73 1742.07
v 151096 -6504.08 -41154.1
vt -5946.65 1743.74
v 151119 -6504.08 -41196.4
vt -5947.56 1745.41
v 151142 -6504.08 -41238.8
vt -5948.45 1747.08
v 151164 -6504.08 -41281.3
vt -5949.33 1748.75
v 151186 -6504.08 -41323.7
vt -5950.2 1750.42
v 151208 -6504.08 -41366.2
vt -5951.05 1752.09
v 151230 -6504.08 -41408.8
vt -5951.9 1753.77
v 151251 -6504.08 -41451.4
vt -5952.73 1755.45
v 151271 -6504.08 -41494
vt -5953.54 1757.12
v 151292 -6504.08 -41536.7
vt -5954.35 1758.8
v 151312 -6504.08 -41579.4
vt -5955.14 1760.48
v 151332 -6504.08 -41622.1
vt -5955.91 1762.17
v 151351 -6504.08 -41664.9
vt -5956.68 1763.85
v 151370 -6504.08 -41707.7
vt -5957.43 1765.54
v 151389 -6504.08 -41750.6
vt -5958.17 1767.22
v 151407 -6504.08 -41793.4
vt -5958.9 1768.91
v 151425 -6504.08 -41836.4
vt -5959.61 1770.6
v 151443 -6504.08 -41879.3
vt -5960.31 1772.29
v 151461 -6504.08 -41922.4
vt -5961 1773.99
v 151478 -6504.08 -41965.4
vt -5961.67 1775.68
v 151495 -6504.08 -42008.5
vt -5962.33 1777.38
v 151511 -6504.08 -42051.6
vt -5962.98 1779.08
v 151527 -6504.08 -42094.8
vt -5963.62 1780.78
v 151543 -6504.08 -42138
vt -5964.24 1782.48
v 151559 -6504.08 -42181.2
vt -5964.85 1784.18
v 151575 -6504.08 -42227.5
vt -5965.49 1786
v 151593 -6504.08 -42279.6
vt -5966.21 1788.05
v 151613 -6504.08 -42337.7
vt -5966.99 1790.34
v 151635 -6504.08 -42401.7
vt -5967.84 1792.86
v 151658 -6504.08 -42471.5
vt -5968.77 1795.61
v 151683 -6504.08 -42547.3
vt -5969.76 1798.59
v 151710 -6504.08 -42628.9
vt -5970.83 1801.8
f 11153/2436/2 11154/2437/2 11155/2438/2 11156/2439/2 11157/2440/2 11158/2441/2 11159/2442/2 11160/2443/2 11161/2444/2 11162/2445/2 11163/2446/2 11164/2447/2 11165/2448/2 11166/2449/2 11167/2450/2 11168/2451/2 11169/2452/2 11170/2453/2 11171/2454/2 11172/2455/2 11173/2456/2 11174/2457/2 11175/2458/2 11176/2459/2 11177/2460/2 11178/2461/2 11179/2462/2 11180/2463/2 11181/2464/2 11182/2465/2 11183/2466/2 11184/2467/2 11185/2468/2 11186/2469/2 11187/2470/2 11188/2471/2 11189/2472/2 11190/2473/2 11191/2474/2 11192/2475/2 11193/2476/2 11194/2477/2 11195/2478/2 11196/2479/2 11197/2480/2 11198/2481/2 11199/2482/2 11200/2483/2 11201/2484/2 11202/2485/2 11203/2486/2 11204/2487/2 11205/2488/2 11206/2489/2 11207/2490/2 11208/2491/2 11209/2492/2 11210/2493/2 11211/2494/2 11212/2495/2 11213/2496/2 11214/2497/2 11215/2498/2 11216/2499/2 11217/2500/2 11218/2501/2 11219/2502/2 11220/2503/2 11221/2504/2 11222/2505/2 11223/2506/2 11224/2507/2 11225/2508/2 11226/2509/2 11227/2510/2 11228/2511/2 11229/2512/2 11230/2513/2 11231/2514/2 11232/2515/2 11233/2516/2 11234/2517/2 11235/2518/2 11236/2519/2 11237/2520/2 11238/2521/2 11239/2522/2 11240/2523/2 11241/2524/2 11242/2525/2 11243/2526/2 11244/2527/2 11245/2528/2 11246/2529/2 11247/2530/2 11248/2531/2 11249/2532/2 11250/2533/2 11251/2534/2 11252/2535/2 11253/2536/2 11254/2537/2 11255/2538/2 11256/2539/2 11257/2540/2 11258/2541/2 11259/2542/2 11260/2543/2 11261/2544/2 11262/2545/2 11263/2546/2 11264/2547/2 11265/2548/2 11266/2549/2 11267/2550/2 11268/2551/2 11269/2552/2 11270/2553/2 11271/2554/2 11272/2555/2 11273/2556/2 11274/2557/2 11275/2558/2 11276/2559/2 11277/2560/2 11278/2561/2 11279/2562/2 11280/2563/2 11281/2564/2 11282/2565/2 11283/2566/2 11284/2567/2 11285/2568/2 11286/2569/2 11287/2570/2 11288/2571/2 11289/2572/2 11290/2573/2 11291/2574/2 11292/2575/2 11293/2576/2 11294/2577/2 11295/2578/2 11296/2579/2 11297/2580/2 11298/2581/2 11299/2582/2 11300/2583/2 11301/2584/2 11302/2585/2 11303/2586/2 11304/2587/2 11305/2588/2 11306/2589/2 11307/2590/2 11308/2591/2 11309/2592/2 11310/2593/2 11311/2594/2 11312/2595/2 11313/2596/2 11314/2597/2 11315/2598/2 11316/2599/2 11317/2600/2 11318/2601/2 11319/2602/2 11320/2603/2 11321/2604/2 11322/2605/2 11323/2606/2 11324/2607/2 11325/2608/2 11326/2609/2 11327/2610/2 11328/2611/2 11329/2612/2 11330/2613/2 11331/2614/2 11332/2615/2 11333/2616/2 11334/2617/2 11335/2618/2 11336/2619/2 11337/2620/2 11338/2621/2 11339/2622/2 11340/2623/2 11341/2624/2 11342/2625/2 11343/2626/2 11344/2627/2 11345/2628/2 11346/2629/2 11347/2630/2 11348/2631/2 11349/2632/2 11350/2633/2 11351/2634/2 11352/2635/2 11353/2636/2 11354/2637/2 11355/2638/2 11356/2639/2 11357/2640/2 11358/2641/2 11359/2642/2 11360/2643/2 11361/2644/2 11362/2645/2 11363/2646/2 11364/2647/2 11365/2648/2 11366/2649/2 11367/2650/2 11368/2651/2 11369/2652/2 11370/2653/2 11371/2654/2 11372/2655/2 11373/2656/2 11374/2657/2 11375/2658/2 11376/2659/2 11377/2660/2 11378/2661/2 11379/2662/2 11380/2663/2 11381/2664/2 11382/2665/2 11383/2666/2 11384/2667/2 11385/2668/2 11386/2669/2 11387/2670/2 11388/2671/2 11389/2672/2 11390/2673/2 11391/2674/2 11392/2675/2 11393/2676/2 11394/2677/2 11395/2678/2 11396/2679/2 11397/2680/2 11398/2681/2 11399/2682/2 11400/2683/2 11401/2684/2 11402/2685/2 11403/2686/2 11404/2687/2 11405/2688/2 11406/2689/2 11407/2690/2 11408/2691/2 11409/2692/2 11410/2693/2 11411/2694/2 11412/2695/2 11413/2696/2 11414/2697/2 11415/2698/2 11416/2699/2 11417/2700/2 11418/2701/2 11419/2702/2 11420/2703/2 11421/2704/2 11422/2705/2 11423/2706/2 11424/2707/2 11425/2708/2 11426/2709/2 11427/2710/2 11428/2711/2 11429/2712/2 11430/2713/2 11431/2714/2 11432/2715/2 11433/2716/2 11434/2717/2 11435/2718/2 11436/2719/2 11437/2720/2 11438/2721/2 11439/2722/2 11440/2723/2 11441/2724/2 11442/2725/2 11443/2726/2 11444/2727/2 11445/2728/2 11446/2729/2 11447/2730/2 11448/2731/2 11449/2732/2 11450/2733/2 11451/2734/2 11452/2735/2 11453/2736/2 11454/2737/2 11455/2738/2 11456/2739/2 11457/2740/2 11458/2741/2 11459/2742/2 11460/2743/2 11461/2744/2 11462/2745/2 11463/2746/2 11464/2747/2 11465/2748/2 11466/2749/2 11467/2750/2 11468/2751/2 11469/2752/2 11470/2753/2 11471/2754/2 11472/2755/2 11473/2756/2 11474/2757/2 11475/2758/2 11476/2759/2 11477/2760/2 11478/2761/2 11479/2762/2 11480/2763/2 11481/2764/2 11482/2765/2 11483/2766/2 11484/2767/2 11485/2768/2 11486/2769/2 11487/2770/2 11488/2771/2 11489/2772/2 11490/2773/2 11491/2774/2 11492/2775/2 11493/2776/2 11494/2777/2 11495/2778/2 11496/2779/2 11497/2780/2 11498/2781/2 11499/2782/2 11500/2783/2 11501/2784/2 11502/2785/2 11503/2786/2 11504/2787/2 11505/2788/2 11506/2789/2 11507/2790/2 11508/2791/2 11509/2792/2 11510/2793/2 11511/2794/2 11512/2795/2 11513/2796/2 11514/2797/2 11515/2798/2 11516/2799/2 11517/2800/2 11518/2801/2 11519/2802/2 11520/2803/2 11521/2804/2 11522/2805/2 11523/2806/2 11524/2807/2 11525/2808/2 11526/2809/2 11527/2810/2 11528/2811/2 11529/2812/2 11530/2813/2 11531/2814/2 11532/2815/2 11533/2816/2 11534/2817/2 11535/2818/2 11536/2819/2 11537/2820/2 11538/2821/2 11539/2822/2 11540/2823/2 11541/2824/2 11542/2825/2 11543/2826/2 11544/2827/2 11545/2828/2 11546/2829/2 11547/2830/2 11548/2831/2 11549/2832/2 11550/2833/2 11551/2834/2 11552/2835/2 11553/2836/2 11554/2837/2 11555/2838/2 11556/2839/2 11557/2840/2 11558/2841/2 11559/2842/2 11560/2843/2 11561/2844/2 11562/2845/2 11563/2846/2 11564/2847/2 11565/2848/2 11566/2849/2 11567/2850/2 11568/2851/2 11569/2852/2 11570/2853/2 11571/2854/2 11572/2855/2 11573/2856/2 11574/2857/2 11575/2858/2 11576/2859/2 11577/2860/2 11578/2861/2 11579/2862/2 11580/2863/2 11581/2864/2 11582/2865/2 11583/2866/2 11584/2867/2 11585/2868/2 11586/2869/2 11587/2870/2 11588/2871/2 11589/2872/2 11590/2873/2 11591/2874/2 11592/2875/2 11593/2876/2 11594/2877/2 11595/2878/2 11596/2879/2 11597/2880/2 11598/2881/2 11599/2882/2 11600/2883/2 11601/2884/2 11602/2885/2 11603/2886/2 11604/2887/2 11605/2888/2 11606/2889/2 11607/2890/2 11608/2891/2 11609/2892/2 11610/2893/2 11611/2894/2 11612/2895/2 11613/2896/2 11614/2897/2 11615/2898/2 11616/2899/2 11617/2900/2 11618/2901/2 11619/2902/2 11620/2903/2 11621/2904/2 11622/2905/2 11623/2906/2 11624/2907/2 11625/2908/2 11626/2909/2 11627/2910/2 11628/2911/2 11629/2912/2 11630/2913/2 11631/2914/2 11632/2915/2 11633/2916/2 11634/2917/2 11635/2918/2 11636/2919/2 11637/2920/2 11638/2921/2 11639/2922/2 11640/2923/2 11641/2924/2 11642/2925/2 11643/2926/2 11644/2927/2 11645/2928/2 11646/2929/2 11647/2930/2 11648/2931/2 11649/2932/2 11650/2933/2 11651/2934/2 11652/2935/2 11653/2936/2 11654/2937/2 11655/2938/2 11656/2939/2 11657/2940/2 11658/2941/2 11659/2942/2 11660/2943/2 11661/2944/2 11662/2945/2 11663/2946/2 11664/2947/2 11665/2948/2 11666/2949/2 11667/2950/2 11668/2951/2 11669/2952/2 11670/2953/2 11671/2954/2 11672/2955/2 11673/2956/2 11674/2957/2 11675/2958/2 11676/2959/2 11677/2960/2 11678/2961/2 11679/2962/2 11680/2963/2 11681/2964/2 11682/2965/2 11683/2966/2 11684/2967/2 11685/2968/2 11686/2969/2 11687/2970/2 11688/2971/2 11689/2972/2 11690/2973/2 11691/2974/2 11692/2975/2 11693/2976/2 11694/2977/2 11695/2978/2 11696/2979/2 11697/2980/2 11698/2981/2 11699/2982/2 11700/2983/2 11701/2984/2 11702/2985/2 11703/2986/2 11704/2987/2 11705/2988/2 11706/2989/2 11707/2990/2 11708/2991/2 11709/2992/2 11710/2993/2 11711/2994/2 11712/2995/2 11713/2996/2 11714/2997/2 11715/2998/2 11716/2999/2 11717/3000/2 11718/3001/2 11719/3002/2 11720/3003/2 11721/3004/2 11722/3005/2 11723/3006/2 11724/3007/2 11725/3008/2 11726/3009/2 11727/3010/2 11728/3011/2 11729/3012/2 11730/3013/2 11731/3014/2 11732/3015/2 11733/3016/2 11734/3017/2 11735/3018/2 11736/3019/2 11737/3020/2 11738/3021/2 11739/3022/2 11740/3023/2 11741/3024/2 11742/3025/2 11743/3026/2 11744/3027/2 11745/3028/2 11746/3029/2 11747/3030/2 11748/3031/2 11749/3032/2 11750/3033/2 11751/3034/2 11752/3035/2 11753/3036/2 11754/3037/2 11755/3038/2 11756/3039/2 

g Mesh201 ____3_t3_dwg1 Model

v 124490 -6504.08 -48494.6
vt -4890.74 2030.18
v 125291 -6504.08 -55164.3
vt -4922.28 2292.77
v 125390 -6504.08 -55152.4
vt -4926.18 2292.3
v 124589 -6504.08 -48481.7
vt -4894.64 2029.67
v 123565 -6504.08 -41168.8
vt -4854.34 1741.77
v 123126 -6504.08 -38556.7
vt -4837.05 1638.93
v 121696 -6504.08 -30862.6
vt -4780.76 1336.01
v 121327 -6504.08 -29978.2
vt -4766.23 1301.19
v 120270 -6504.08 -26394.4
vt -4724.59 1160.1
v 119168 -6504.08 -23550.5
vt -4681.22 1048.13
v 118582 -6504.08 -22415.7
vt -4658.14 1003.45
v 117566 -6504.08 -20868.2
vt -4618.17 942.531
v 115898 -6504.08 -18765.3
vt -4552.48 859.738
v 113538 -6504.08 -16414.6
vt -4459.58 767.189
v 112283 -6504.08 -15242.1
vt -4410.16 721.028
v 110697 -6504.08 -13985.3
vt -4347.73 671.548
v 108887 -6504.08 -12523.5
vt -4276.46 613.999
v 101715 -6504.08 -7598.83
vt -3994.09 420.113
v 91782.8 -6504.08 -1308.82
vt -3603.07 172.475
v 91370.1 -6504.08 -894.796
vt -3586.82 156.175
v 91007 -6504.08 -245.228
vt -3572.52 130.601
v 90521.6 -6504.08 1051.32
vt -3553.41 79.5561
v 89769.1 -6504.08 3072.04
vt -3523.79 0
v 89722.2 -6504.08 3054.59
vt -3521.94 0.686981
v 89675.4 -6504.08 3037.14
vt -3520.1 1.37396
v 90427.9 -6504.08 1016.34
vt -3549.73 80.9332
v 90916 -6504.08 -287.398
vt -3568.94 132.261
v 91289.6 -6504.08 -955.629
vt -3583.65 158.57
v 91719.9 -6504.08 -1387.33
vt -3600.59 175.566
v 101660 -6504.08 -7682.32
vt -3991.92 423.4
v 108827 -6504.08 -12603.8
vt -4274.11 617.158
v 110635 -6504.08 -14063.4
vt -4345.27 674.622
v 112218 -6504.08 -15317.9
vt -4407.59 724.015
v 113469 -6504.08 -16486.5
vt -4456.85 770.023
v 115823 -6504.08 -18832
vt -4549.54 862.365
v 117485 -6504.08 -20926.9
vt -4614.98 944.839
v 118495 -6504.08 -22466.2
vt -4654.74 1005.44
v 119077 -6504.08 -23591.6
vt -4677.62 1049.75
v 120175 -6504.08 -26426.7
vt -4720.86 1161.37
v 121233 -6504.08 -30011.7
vt -4762.52 1302.51
v 121600 -6504.08 -30891.3
vt -4776.96 1337.14
v 123027 -6504.08 -38574.2
vt -4833.17 1639.61
v 123466 -6504.08 -41184.1
vt -4850.45 1742.37
f 11757/3040/2 11758/3041/2 11759/3042/2 11760/3043/2 11761/3044/2 11762/3045/2 11763/3046/2 11764/3047/2 11765/3048/2 11766/3049/2 11767/3050/2 11768/3051/2 11769/3052/2 11770/3053/2 11771/3054/2 11772/3055/2 11773/3056/2 11774/3057/2 11775/3058/2 11776/3059/2 11777/3060/2 11778/3061/2 11779/3062/2 11780/3063/2 11781/3064/2 11782/3065/2 11783/3066/2 11784/3067/2 11785/3068/2 11786/3069/2 11787/3070/2 11788/3071/2 11789/3072/2 11790/3073/2 11791/3074/2 11792/3075/2 11793/3076/2 11794/3077/2 11795/3078/2 11796/3079/2 11797/3080/2 11798/3081/2 11799/3082/2 

g Mesh202 ____3_t3_dwg1 Model

v 6249.83 -6504.08 -90159.7
vt -235.629 3670.54
v 158071 -6504.08 -195581
vt -6212.84 7820.97
v 158157 -6504.08 -195457
vt -6216.21 7816.12
v 60041.1 -6504.08 -127328
vt -2353.4 5133.88
v 48156.8 -6504.08 -119076
vt -1885.51 4808.99
v 6334.38 -6504.08 -90035.8
vt -238.957 3665.66
v 348.394 -6504.08 -86022.3
vt -3.28874 3507.65
v 264.86 -6504.08 -86146.9
vt 0 3512.56
f 11800/3083/2 11801/3084/2 11802/3085/2 11803/3086/2 11804/3087/2 11805/3088/2 11806/3089/2 11807/3090/2 

g Mesh203 ____3_t3_dwg1 Model

v 265.009 -6504.08 -100099
vt -0.00585342 4061.87
v 140677 -6504.08 -193759
vt -5528.02 7749.24
v 140760 -6504.08 -193634
vt -5531.3 7744.33
v 348.246 -6504.08 -99974.6
vt -3.28289 4056.96
f 11808/3091/2 11809/3092/2 11810/3093/2 11811/3094/2 

g Mesh204 ____3_t3_dwg1 Model

v 82108.1 -6504.08 -3624.94
vt -3222.17 263.661
v 82037.2 -6504.08 -121.203
vt -3219.38 125.718
v 81937.3 -6504.08 -123.224
vt -3215.45 125.798
v 82007.6 -6504.08 -3602.37
vt -3218.22 262.772
v 79279.9 -6504.08 -9078.3
vt -3110.83 478.36
v 79369.4 -6504.08 -9122.88
vt -3114.35 480.115
f 11812/3095/2 11813/3096/2 11814/3097/2 11815/3098/2 11816/3099/2 11817/3100/2 

g Mesh205 ____3_t3_dwg1 Model

v 89108 -6504.08 -3932.92
vt -3497.76 275.786
v 89516.8 -6504.08 -3655.2
vt -3513.85 264.852
v 90085 -6504.08 -3476.51
vt -3536.23 257.817
v 90055 -6504.08 -3381.12
vt -3535.05 254.061
v 89472.7 -6504.08 -3564.21
vt -3512.12 261.27
v 89036.8 -6504.08 -3860.39
vt -3494.96 272.93
v 79915.5 -6504.08 -16757.9
vt -3135.85 780.704
v 74099.5 -6504.08 -24864.8
vt -2906.88 1099.88
v 68551.1 -6504.08 -32732.8
vt -2688.44 1409.64
v 68632.9 -6504.08 -32790.4
vt -2691.65 1411.91
v 74181 -6504.08 -24922.8
vt -2910.09 1102.16
v 79997 -6504.08 -16815.9
vt -3139.06 782.989
f 11818/3101/2 11819/3102/2 11820/3103/2 11821/3104/2 11822/3105/2 11823/3106/2 11824/3107/2 11825/3108/2 11826/3109/2 11827/3110/2 11828/3111/2 11829/3112/2 

g Mesh206 ____3_t3_dwg1 Model

v 81572.6 -6504.08 1789.64
vt -3201.09 50.4882
v 81938.1 -6504.08 -131.558
vt -3215.48 126.126
v 82036.4 -6504.08 -112.869
vt -3219.35 125.39
v 81672.1 -6504.08 1802.01
vt -3205.01 50.0011
v 81597.2 -6504.08 3057.57
vt -3202.06 0.569785
v 81497.4 -6504.08 3051.62
vt -3198.13 0.804178
f 11830/3113/2 11831/3114/2 11832/3115/2 11833/3116/2 11834/3117/2 11835/3118/2 

g Mesh207 ____3_t3_dwg1 Model

v 123242 -6504.08 -52313.8
vt -4841.62 2180.54
v 123421 -6504.08 -55360.1
vt -4848.66 2300.48
v 123521 -6504.08 -55354.2
vt -4852.59 2300.25
v 123341 -6504.08 -52298.3
vt -4845.52 2179.93
v 121877 -6504.08 -46597.8
vt -4787.87 1955.5
v 120622 -6504.08 -38527.8
vt -4738.46 1637.79
v 119133 -6504.08 -32909.5
vt -4679.84 1416.6
v 117509 -6504.08 -28184.1
vt -4615.91 1230.56
v 116608 -6504.08 -25802.8
vt -4580.44 1136.8
v 115823 -6504.08 -23402.6
vt -4549.53 1042.31
v 115641 -6504.08 -22860.3
vt -4542.37 1020.96
v 115111 -6504.08 -21649.7
vt -4521.49 973.298
v 114560 -6504.08 -20503.9
vt -4499.82 928.186
v 114019 -6504.08 -19616
vt -4478.49 893.232
v 113258 -6504.08 -18814.7
vt -4448.54 861.682
v 110051 -6504.08 -16112.8
vt -4322.29 755.307
v 107557 -6504.08 -14136.4
vt -4224.09 677.498
v 103552 -6504.08 -11348.7
vt -4066.41 567.746
v 99828.6 -6504.08 -8982.7
vt -3919.83 474.596
v 90867.2 -6504.08 -3538.25
vt -3567.02 260.248
v 90516.6 -6504.08 -3364.06
vt -3553.22 253.39
v 90068.4 -6504.08 -3378.84
vt -3535.57 253.972
v 90071.7 -6504.08 -3478.79
vt -3535.7 257.907
v 90494.7 -6504.08 -3464.84
vt -3552.35 257.358
v 90818.9 -6504.08 -3625.91
vt -3565.12 263.699
v 99775.9 -6504.08 -9067.64
vt -3917.76 477.94
v 103496 -6504.08 -11432
vt -4064.23 571.024
v 107497 -6504.08 -14216.7
vt -4221.74 680.66
v 109988 -6504.08 -16190.2
vt -4319.8 758.356
v 113189 -6504.08 -18887.6
vt -4445.84 864.552
v 113939 -6504.08 -19677.2
vt -4475.35 895.639
v 114472 -6504.08 -20551.7
vt -4496.36 930.068
v 115020 -6504.08 -21691.5
vt -4517.91 974.941
v 115548 -6504.08 -22896.4
vt -4538.7 1022.38
v 115728 -6504.08 -23434
vt -4545.79 1043.55
v 116514 -6504.08 -25836
vt -4576.73 1138.11
v 117415 -6504.08 -28218
vt -4612.21 1231.89
v 119037 -6504.08 -32938.6
vt -4676.07 1417.74
v 120524 -6504.08 -38548.3
vt -4734.6 1638.6
v 121779 -6504.08 -46618
vt -4784.01 1956.3
f 11836/3119/2 11837/3120/2 11838/3121/2 11839/3122/2 11840/3123/2 11841/3124/2 11842/3125/2 11843/3126/2 11844/3127/2 11845/3128/2 11846/3129/2 11847/3130/2 11848/3131/2 11849/3132/2 11850/3133/2 11851/3134/2 11852/3135/2 11853/3136/2 11854/3137/2 11855/3138/2 11856/3139/2 11857/3140/2 11858/3141/2 11859/3142/2 11860/3143/2 11861/3144/2 11862/3145/2 11863/3146/2 11864/3147/2 11865/3148/2 11866/3149/2 11867/3150/2 11868/3151/2 11869/3152/2 11870/3153/2 11871/3154/2 11872/3155/2 11873/3156/2 11874/3157/2 11875/3158/2 

g Mesh208 ____3_t3_dwg1 Model

v 57432.3 -6504.08 -52682.7
vt -2250.69 2195.07
v 66586.9 -6504.08 -36140
vt -2611.1 1543.78
v 68634.7 -6504.08 -32787.7
vt -2691.72 1411.8
v 68549.3 -6504.08 -32735.6
vt -2688.36 1409.75
v 66500.4 -6504.08 -36089.7
vt -2607.7 1541.8
v 57341.9 -6504.08 -52639.5
vt -2247.13 2193.37
v 56950 -6504.08 -53604.5
vt -2231.7 2231.36
v 56284.3 -6504.08 -55573.6
vt -2205.49 2308.88
v 55799.8 -6504.08 -59236.8
vt -2186.42 2453.1
v 55917.6 -6504.08 -61759.8
vt -2191.05 2552.43
v 55997.2 -6504.08 -63864.5
vt -2194.19 2635.3
v 56436.2 -6504.08 -68844.3
vt -2211.47 2831.35
v 57931.2 -6504.08 -80651.6
vt -2270.33 3296.21
v 58903 -6504.08 -90303.2
vt -2308.59 3676.19
v 58933 -6504.08 -91286.5
vt -2309.77 3714.9
v 59155.9 -6504.08 -98091.8
vt -2318.54 3982.83
v 57846.5 -6504.08 -114794
vt -2266.99 4640.4
v 57832.4 -6504.08 -116966
vt -2266.44 4725.89
v 57976.9 -6504.08 -119132
vt -2272.13 4811.19
v 58279.4 -6504.08 -121283
vt -2284.04 4895.85
v 58738 -6504.08 -123405
vt -2302.09 4979.41
v 59350.5 -6504.08 -125488
vt -2326.21 5061.43
v 60112.9 -6504.08 -127520
vt -2356.22 5141.41
v 60206.5 -6504.08 -127485
vt -2359.91 5140.02
v 59445.4 -6504.08 -125457
vt -2329.94 5060.18
v 58835 -6504.08 -123380
vt -2305.91 4978.44
v 58377.9 -6504.08 -121265
vt -2287.91 4895.16
v 58076.5 -6504.08 -119122
vt -2276.05 4810.79
v 57932.4 -6504.08 -116963
vt -2270.38 4725.77
v 57946.4 -6504.08 -114798
vt -2270.93 4640.57
v 59256 -6504.08 -98094.1
vt -2322.49 3982.92
v 59032.9 -6504.08 -91283.4
vt -2313.7 3714.78
v 59002.9 -6504.08 -90296.7
vt -2312.52 3675.93
v 58030.6 -6504.08 -80640.3
vt -2274.24 3295.76
v 56535.7 -6504.08 -68833.6
vt -2215.39 2830.93
v 56097 -6504.08 -63858.2
vt -2198.12 2635.05
v 56017.5 -6504.08 -61755.6
vt -2194.99 2552.27
v 55900.1 -6504.08 -59241.1
vt -2190.36 2453.27
v 56382.2 -6504.08 -55596.4
vt -2209.34 2309.78
v 57043.8 -6504.08 -53639.3
vt -2235.39 2232.73
f 11876/3159/2 11877/3160/2 11878/3161/2 11879/3162/2 11880/3163/2 11881/3164/2 11882/3165/2 11883/3166/2 11884/3167/2 11885/3168/2 11886/3169/2 11887/3170/2 11888/3171/2 11889/3172/2 11890/3173/2 11891/3174/2 11892/3175/2 11893/3176/2 11894/3177/2 11895/3178/2 11896/3179/2 11897/3180/2 11803/3086/2 11898/3181/2 11899/3182/2 11900/3183/2 11901/3184/2 11902/3185/2 11903/3186/2 11904/3187/2 11905/3188/2 11906/3189/2 11907/3190/2 11908/3191/2 11909/3192/2 11910/3193/2 11911/3194/2 11912/3195/2 11913/3196/2 11914/3197/2 11915/3198/2 

g Mesh209 ____3_t3_dwg1 Model

v 70588.6 -6504.08 -20390.7
vt -2768.65 923.73
v 73724.5 -6504.08 -15971
vt -2892.11 749.726
v 79363.2 -6504.08 -9132.4
vt -3114.11 480.49
v 79286.1 -6504.08 -9068.78
vt -3111.07 477.985
v 73645.1 -6504.08 -15910.2
vt -2888.98 747.332
v 70504.1 -6504.08 -20337
vt -2765.33 921.615
v 67929.6 -6504.08 -24880.7
vt -2663.97 1100.5
v 61616.7 -6504.08 -34603.6
vt -2415.43 1483.29
v 53491.5 -6504.08 -49946.5
vt -2095.54 2087.34
v 51538.7 -6504.08 -54702
vt -2018.65 2274.57
v 50516.3 -6504.08 -57181
vt -1978.4 2372.17
v 50244 -6504.08 -58753.2
vt -1967.68 2434.07
v 51813 -6504.08 -78061.3
vt -2029.46 3194.23
v 52644.5 -6504.08 -88014.3
vt -2062.19 3586.08
v 52801.3 -6504.08 -92106.7
vt -2068.36 3747.2
v 52888.3 -6504.08 -93807
vt -2071.79 3814.14
v 53246.3 -6504.08 -97269.6
vt -2085.89 3950.46
v 53300.3 -6504.08 -99809.6
vt -2088.01 4050.46
v 52573.5 -6504.08 -110103
vt -2059.39 4455.73
v 52462.9 -6504.08 -111034
vt -2055.04 4492.35
v 52287.4 -6504.08 -111953
vt -2048.13 4528.55
v 52047.7 -6504.08 -112858
vt -2038.69 4564.19
v 51745.1 -6504.08 -113744
vt -2026.78 4599.07
v 51380.9 -6504.08 -114607
vt -2012.44 4633.02
v 50957.1 -6504.08 -115442
vt -1995.76 4665.89
v 50475.7 -6504.08 -116245
vt -1976.81 4697.5
v 49939.1 -6504.08 -117012
vt -1955.68 4727.71
v 49349.9 -6504.08 -117739
vt -1932.48 4756.35
v 48711.1 -6504.08 -118424
vt -1907.33 4783.3
v 48024.5 -6504.08 -119063
vt -1880.3 4808.46
v 48092.7 -6504.08 -119136
vt -1882.98 4811.34
v 48781.8 -6504.08 -118495
vt -1910.12 4786.09
v 49425.4 -6504.08 -117805
vt -1935.46 4758.94
v 50019 -6504.08 -117072
vt -1958.83 4730.08
v 50559.7 -6504.08 -116299
vt -1980.11 4699.65
v 51044.7 -6504.08 -115490
vt -1999.21 4667.79
v 51471.7 -6504.08 -114649
vt -2016.02 4634.68
v 51838.6 -6504.08 -113780
vt -2030.46 4600.47
v 52143.5 -6504.08 -112887
vt -2042.47 4565.33
v 52385 -6504.08 -111975
vt -2051.97 4529.43
v 52561.8 -6504.08 -111049
vt -2058.93 4492.95
v 52673 -6504.08 -110113
vt -2063.31 4456.1
v 53400.4 -6504.08 -99812.1
vt -2091.95 4050.56
v 53346.2 -6504.08 -97263.3
vt -2089.82 3950.21
v 52988 -6504.08 -93799.3
vt -2075.72 3813.83
v 52901.2 -6504.08 -92102.3
vt -2072.3 3747.02
v 52744.4 -6504.08 -88008.2
vt -2066.12 3585.84
v 51912.7 -6504.08 -78053.1
vt -2033.38 3193.9
v 50344.7 -6504.08 -58757.8
vt -1971.65 2434.24
v 50612.9 -6504.08 -57209
vt -1982.21 2373.27
v 51631.1 -6504.08 -54740.1
vt -2022.29 2276.07
v 53582.1 -6504.08 -49989
vt -2099.1 2089.02
v 61703 -6504.08 -34654.3
vt -2418.82 1485.29
v 68015.1 -6504.08 -24932.7
vt -2667.33 1102.55
f 11916/3199/2 11917/3200/2 11918/3201/2 11919/3202/2 11920/3203/2 11921/3204/2 11922/3205/2 11923/3206/2 11924/3207/2 11925/3208/2 11926/3209/2 11927/3210/2 11928/3211/2 11929/3212/2 11930/3213/2 11931/3214/2 11932/3215/2 11933/3216/2 11934/3217/2 11935/3218/2 11936/3219/2 11937/3220/2 11938/3221/2 11939/3222/2 11940/3223/2 11941/3224/2 11942/3225/2 11943/3226/2 11944/3227/2 11945/3228/2 11946/3229/2 11804/3087/2 11947/3230/2 11948/3231/2 11949/3232/2 11950/3233/2 11951/3234/2 11952/3235/2 11953/3236/2 11954/3237/2 11955/3238/2 11956/3239/2 11957/3240/2 11958/3241/2 11959/3242/2 11960/3243/2 11961/3244/2 11962/3245/2 11963/3246/2 11964/3247/2 11965/3248/2 11966/3249/2 11967/3250/2 11968/3251/2 11969/3252/2 

